condition,channel,frequency_hz,psd_uv2_per_hz
basal_ojos_cerrados,Fp1,0.0,437.0238564477085
basal_ojos_cerrados,Fp1,0.5,3158.686066076784
basal_ojos_cerrados,Fp1,1.0,15720.109946154518
basal_ojos_cerrados,Fp1,1.5,13457.445632495073
basal_ojos_cerrados,Fp1,2.0,5207.903244345812
basal_ojos_cerrados,Fp1,2.5,3591.8132913833383
basal_ojos_cerrados,Fp1,3.0,2483.6930616918144
basal_ojos_cerrados,Fp1,3.5,1452.579656452694
basal_ojos_cerrados,Fp1,4.0,890.8223858853506
basal_ojos_cerrados,Fp1,4.5,659.2553012518274
basal_ojos_cerrados,Fp1,5.0,739.6063747676639
basal_ojos_cerrados,Fp1,5.5,685.4839722048227
basal_ojos_cerrados,Fp1,6.0,553.9771773793568
basal_ojos_cerrados,Fp1,6.5,661.077184443353
basal_ojos_cerrados,Fp1,7.0,719.6378601079035
basal_ojos_cerrados,Fp1,7.5,712.0887245954971
basal_ojos_cerrados,Fp1,8.0,788.6136554480078
basal_ojos_cerrados,Fp1,8.5,738.1021336624009
basal_ojos_cerrados,Fp1,9.0,840.124699584494
basal_ojos_cerrados,Fp1,9.5,886.2371867393
basal_ojos_cerrados,Fp1,10.0,698.601682257696
basal_ojos_cerrados,Fp1,10.5,494.45763538792175
basal_ojos_cerrados,Fp1,11.0,422.11768606588856
basal_ojos_cerrados,Fp1,11.5,378.3317406748683
basal_ojos_cerrados,Fp1,12.0,328.2037864271797
basal_ojos_cerrados,Fp1,12.5,343.86422771965744
basal_ojos_cerrados,Fp1,13.0,348.0102817634155
basal_ojos_cerrados,Fp1,13.5,260.1892840585712
basal_ojos_cerrados,Fp1,14.0,231.98637324108765
basal_ojos_cerrados,Fp1,14.5,242.4074112271298
basal_ojos_cerrados,Fp1,15.0,279.9307310292206
basal_ojos_cerrados,Fp1,15.5,322.1862546649099
basal_ojos_cerrados,Fp1,16.0,291.7112919657323
basal_ojos_cerrados,Fp1,16.5,248.09245506352025
basal_ojos_cerrados,Fp1,17.0,215.74988108836013
basal_ojos_cerrados,Fp1,17.5,240.7785775421867
basal_ojos_cerrados,Fp1,18.0,266.55800344830647
basal_ojos_cerrados,Fp1,18.5,308.6828109284951
basal_ojos_cerrados,Fp1,19.0,273.5352945889007
basal_ojos_cerrados,Fp1,19.5,228.22585419405976
basal_ojos_cerrados,Fp1,20.0,246.20449764148978
basal_ojos_cerrados,Fp1,20.5,203.78811699514497
basal_ojos_cerrados,Fp1,21.0,168.37072831033706
basal_ojos_cerrados,Fp1,21.5,187.95290812531238
basal_ojos_cerrados,Fp1,22.0,202.345019415587
basal_ojos_cerrados,Fp1,22.5,285.4301022896174
basal_ojos_cerrados,Fp1,23.0,255.6284211621501
basal_ojos_cerrados,Fp1,23.5,202.6864240227756
basal_ojos_cerrados,Fp1,24.0,216.1532637989704
basal_ojos_cerrados,Fp1,24.5,219.35396716847004
basal_ojos_cerrados,Fp1,25.0,231.44668126151635
basal_ojos_cerrados,Fp1,25.5,210.63357668959458
basal_ojos_cerrados,Fp1,26.0,216.46066170963203
basal_ojos_cerrados,Fp1,26.5,217.92453364179906
basal_ojos_cerrados,Fp1,27.0,207.57137475936304
basal_ojos_cerrados,Fp1,27.5,155.47363089137366
basal_ojos_cerrados,Fp1,28.0,185.3545606971031
basal_ojos_cerrados,Fp1,28.5,234.0392471033039
basal_ojos_cerrados,Fp1,29.0,229.32948429315587
basal_ojos_cerrados,Fp1,29.5,204.25407823588736
basal_ojos_cerrados,Fp1,30.0,185.85432386970794
basal_ojos_cerrados,Fp1,30.5,204.89151995106886
basal_ojos_cerrados,Fp1,31.0,237.344659246497
basal_ojos_cerrados,Fp1,31.5,219.81436593020524
basal_ojos_cerrados,Fp1,32.0,200.52906119579924
basal_ojos_cerrados,Fp1,32.5,161.94471726924004
basal_ojos_cerrados,Fp1,33.0,149.25550212560847
basal_ojos_cerrados,Fp1,33.5,156.13878023832888
basal_ojos_cerrados,Fp1,34.0,151.83534852069303
basal_ojos_cerrados,Fp1,34.5,155.69747501625457
basal_ojos_cerrados,Fp1,35.0,140.48933275881396
basal_ojos_cerrados,Fp1,35.5,127.46417999411584
basal_ojos_cerrados,Fp1,36.0,133.08130988885978
basal_ojos_cerrados,Fp1,36.5,142.26527160842207
basal_ojos_cerrados,Fp1,37.0,133.44126228506443
basal_ojos_cerrados,Fp1,37.5,116.63596287503765
basal_ojos_cerrados,Fp1,38.0,108.76229151831733
basal_ojos_cerrados,Fp1,38.5,105.19811855898892
basal_ojos_cerrados,Fp1,39.0,97.05073838606262
basal_ojos_cerrados,Fp1,39.5,92.02452352900016
basal_ojos_cerrados,Fp1,40.0,69.05824879546189
basal_ojos_cerrados,Fp1,40.5,63.85037894384657
basal_ojos_cerrados,Fp1,41.0,63.91592182290324
basal_ojos_cerrados,Fp1,41.5,58.55029857944874
basal_ojos_cerrados,Fp1,42.0,51.85030542660927
basal_ojos_cerrados,Fp1,42.5,44.88043633594013
basal_ojos_cerrados,Fp1,43.0,39.51926355810327
basal_ojos_cerrados,Fp1,43.5,47.74214425485927
basal_ojos_cerrados,Fp1,44.0,49.97313053582941
basal_ojos_cerrados,Fp1,44.5,34.38597450870724
basal_ojos_cerrados,Fp1,45.0,38.259940968807385
basal_ojos_cerrados,Fp1,45.5,33.721834053243576
basal_ojos_cerrados,Fp1,46.0,26.154806336455405
basal_ojos_cerrados,Fp1,46.5,29.767844698691917
basal_ojos_cerrados,Fp1,47.0,27.67498494140703
basal_ojos_cerrados,Fp1,47.5,21.757769522285557
basal_ojos_cerrados,Fp1,48.0,18.556949355672728
basal_ojos_cerrados,Fp1,48.5,15.666095963238114
basal_ojos_cerrados,Fp1,49.0,11.489601676539623
basal_ojos_cerrados,Fp1,49.5,11.106428124138894
basal_ojos_cerrados,Fp1,50.0,13.094319208030223
basal_ojos_cerrados,Fp1,50.5,9.575279702258424
basal_ojos_cerrados,Fp1,51.0,8.505424054493973
basal_ojos_cerrados,Fp1,51.5,7.473711110415146
basal_ojos_cerrados,Fp1,52.0,5.95441395383986
basal_ojos_cerrados,Fp1,52.5,4.712798437357633
basal_ojos_cerrados,Fp1,53.0,4.297043326444745
basal_ojos_cerrados,Fp1,53.5,4.081001609838022
basal_ojos_cerrados,Fp1,54.0,3.0578982197155673
basal_ojos_cerrados,Fp1,54.5,2.278491939627406
basal_ojos_cerrados,Fp1,55.0,2.2514606593395716
basal_ojos_cerrados,Fp1,55.5,2.007247138244888
basal_ojos_cerrados,Fp1,56.0,1.9046826912581258
basal_ojos_cerrados,Fp1,56.5,1.4719507033784696
basal_ojos_cerrados,Fp1,57.0,1.414906860855701
basal_ojos_cerrados,Fp1,57.5,1.1309765816227735
basal_ojos_cerrados,Fp1,58.0,0.9126322564108923
basal_ojos_cerrados,Fp1,58.5,1.0717070559963566
basal_ojos_cerrados,Fp1,59.0,0.7712745324701765
basal_ojos_cerrados,Fp1,59.5,0.6682211781646554
basal_ojos_cerrados,Fp1,60.0,0.5921026219463467
basal_ojos_cerrados,Fp1,60.5,0.37918926362716027
basal_ojos_cerrados,Fp1,61.0,0.3128638971639505
basal_ojos_cerrados,Fp1,61.5,0.27581360352123124
basal_ojos_cerrados,Fp1,62.0,0.20401282496511924
basal_ojos_cerrados,Fp1,62.5,0.21695044918971682
basal_ojos_cerrados,Fp1,63.0,0.218002082695868
basal_ojos_cerrados,Fp1,63.5,0.18738243534155657
basal_ojos_cerrados,Fp1,64.0,0.1699867578670921
basal_ojos_cerrados,Fp1,64.5,0.12059340996346048
basal_ojos_cerrados,Fp1,65.0,0.09754155213962717
basal_ojos_cerrados,Fp1,65.5,0.10356892623794274
basal_ojos_cerrados,Fp1,66.0,0.07107424425636366
basal_ojos_cerrados,Fp1,66.5,0.04937650697927678
basal_ojos_cerrados,Fp1,67.0,0.040063189514214774
basal_ojos_cerrados,Fp1,67.5,0.044910024508642524
basal_ojos_cerrados,Fp1,68.0,0.045563720322631236
basal_ojos_cerrados,Fp1,68.5,0.05496738130760346
basal_ojos_cerrados,Fp1,69.0,0.04002499502807068
basal_ojos_cerrados,Fp1,69.5,0.03438935977470704
basal_ojos_cerrados,Fp1,70.0,0.02903453426846547
basal_ojos_cerrados,Fp1,70.5,0.023297844041206446
basal_ojos_cerrados,Fp1,71.0,0.021292345618658132
basal_ojos_cerrados,Fp1,71.5,0.019266264143143332
basal_ojos_cerrados,Fp1,72.0,0.016799228265373257
basal_ojos_cerrados,Fp1,72.5,0.014286453169332441
basal_ojos_cerrados,Fp1,73.0,0.011904798470886607
basal_ojos_cerrados,Fp1,73.5,0.009942789977877927
basal_ojos_cerrados,Fp1,74.0,0.008157835072542705
basal_ojos_cerrados,Fp1,74.5,0.007271283641125898
basal_ojos_cerrados,Fp1,75.0,0.006080452052504151
basal_ojos_cerrados,Fp1,75.5,0.00534076366234436
basal_ojos_cerrados,Fp1,76.0,0.005153777835755304
basal_ojos_cerrados,Fp1,76.5,0.004739358426743732
basal_ojos_cerrados,Fp1,77.0,0.0034591945540108633
basal_ojos_cerrados,Fp1,77.5,0.0024825062259054244
basal_ojos_cerrados,Fp1,78.0,0.002504555558974554
basal_ojos_cerrados,Fp1,78.5,0.002383225572574298
basal_ojos_cerrados,Fp1,79.0,0.0017088778574746747
basal_ojos_cerrados,Fp1,79.5,0.00133731675867981
basal_ojos_cerrados,Fp1,80.0,0.0013969454458655358
basal_ojos_cerrados,Fp1,80.5,0.0014443628366830003
basal_ojos_cerrados,Fp1,81.0,0.0011093079111728207
basal_ojos_cerrados,Fp1,81.5,0.001195223335978697
basal_ojos_cerrados,Fp1,82.0,0.001185757363367502
basal_ojos_cerrados,Fp1,82.5,0.0008891669510300601
basal_ojos_cerrados,Fp1,83.0,0.0007418124160462511
basal_ojos_cerrados,Fp1,83.5,0.0006447994927309045
basal_ojos_cerrados,Fp1,84.0,0.0006357782702770004
basal_ojos_cerrados,Fp1,84.5,0.00044197023675271257
basal_ojos_cerrados,Fp1,85.0,0.0004446817470339222
basal_ojos_cerrados,Fp1,85.5,0.0003399691724063015
basal_ojos_cerrados,Fp1,86.0,0.00033055455876702906
basal_ojos_cerrados,Fp1,86.5,0.00026385845943250865
basal_ojos_cerrados,Fp1,87.0,0.0002782862659389791
basal_ojos_cerrados,Fp1,87.5,0.0002714903061481679
basal_ojos_cerrados,Fp1,88.0,0.0001954267533226739
basal_ojos_cerrados,Fp1,88.5,0.00017358308887173063
basal_ojos_cerrados,Fp1,89.0,0.00016448686746865302
basal_ojos_cerrados,Fp1,89.5,0.00012822725948255352
basal_ojos_cerrados,Fp1,90.0,0.0001487018017748035
basal_ojos_cerrados,Fp1,90.5,0.0001748836336540196
basal_ojos_cerrados,Fp1,91.0,0.00011495445413215987
basal_ojos_cerrados,Fp1,91.5,0.00010666679870549024
basal_ojos_cerrados,Fp1,92.0,9.64717040440809e-05
basal_ojos_cerrados,Fp1,92.5,7.685481518727376e-05
basal_ojos_cerrados,Fp1,93.0,6.04899842256124e-05
basal_ojos_cerrados,Fp1,93.5,4.564361348954451e-05
basal_ojos_cerrados,Fp1,94.0,4.1397680148517466e-05
basal_ojos_cerrados,Fp1,94.5,3.5073819960121205e-05
basal_ojos_cerrados,Fp1,95.0,3.0722674053094246e-05
basal_ojos_cerrados,Fp1,95.5,3.0194404720875875e-05
basal_ojos_cerrados,Fp1,96.0,3.267710729827611e-05
basal_ojos_cerrados,Fp1,96.5,3.006386550299489e-05
basal_ojos_cerrados,Fp1,97.0,2.742396193992917e-05
basal_ojos_cerrados,Fp1,97.5,2.6796368294912094e-05
basal_ojos_cerrados,Fp1,98.0,2.1166210473728863e-05
basal_ojos_cerrados,Fp1,98.5,1.7189263807700292e-05
basal_ojos_cerrados,Fp1,99.0,1.4422690189740758e-05
basal_ojos_cerrados,Fp1,99.5,1.1798380998036173e-05
basal_ojos_cerrados,Fp1,100.0,1.54445136612499e-05
basal_ojos_cerrados,Fp1,100.5,1.3977742552455839e-05
basal_ojos_cerrados,Fp1,101.0,1.3366564497730681e-05
basal_ojos_cerrados,Fp1,101.5,1.1610977985131866e-05
basal_ojos_cerrados,Fp1,102.0,9.22736165696397e-06
basal_ojos_cerrados,Fp1,102.5,8.99769547041643e-06
basal_ojos_cerrados,Fp1,103.0,7.465795709252806e-06
basal_ojos_cerrados,Fp1,103.5,6.117318592157196e-06
basal_ojos_cerrados,Fp1,104.0,7.104070201761511e-06
basal_ojos_cerrados,Fp1,104.5,6.001374195243589e-06
basal_ojos_cerrados,Fp1,105.0,4.81178966747906e-06
basal_ojos_cerrados,Fp1,105.5,4.22620821486503e-06
basal_ojos_cerrados,Fp1,106.0,3.876976989414804e-06
basal_ojos_cerrados,Fp1,106.5,3.382762219801e-06
basal_ojos_cerrados,Fp1,107.0,3.3772607400480307e-06
basal_ojos_cerrados,Fp1,107.5,3.615038122658283e-06
basal_ojos_cerrados,Fp1,108.0,3.0834263136161513e-06
basal_ojos_cerrados,Fp1,108.5,2.6114162227107185e-06
basal_ojos_cerrados,Fp1,109.0,1.9983389134983294e-06
basal_ojos_cerrados,Fp1,109.5,2.002896715684909e-06
basal_ojos_cerrados,Fp1,110.0,1.7100458006784182e-06
basal_ojos_cerrados,Fp1,110.5,2.089592663645613e-06
basal_ojos_cerrados,Fp1,111.0,1.7884313315429826e-06
basal_ojos_cerrados,Fp1,111.5,1.3467656923099635e-06
basal_ojos_cerrados,Fp1,112.0,9.127464398988827e-07
basal_ojos_cerrados,Fp1,112.5,8.151866232264652e-07
basal_ojos_cerrados,Fp1,113.0,1.0658621213005272e-06
basal_ojos_cerrados,Fp1,113.5,1.1066161147688513e-06
basal_ojos_cerrados,Fp1,114.0,8.669703676500855e-07
basal_ojos_cerrados,Fp1,114.5,6.004181480721423e-07
basal_ojos_cerrados,Fp1,115.0,4.834284274950578e-07
basal_ojos_cerrados,Fp1,115.5,5.191440407509399e-07
basal_ojos_cerrados,Fp1,116.0,6.543087728580888e-07
basal_ojos_cerrados,Fp1,116.5,5.688577567648297e-07
basal_ojos_cerrados,Fp1,117.0,4.86198454869888e-07
basal_ojos_cerrados,Fp1,117.5,4.92825196171319e-07
basal_ojos_cerrados,Fp1,118.0,3.7650352034253e-07
basal_ojos_cerrados,Fp1,118.5,2.8717741101492354e-07
basal_ojos_cerrados,Fp1,119.0,3.925934081422673e-07
basal_ojos_cerrados,Fp1,119.5,3.290249701199069e-07
basal_ojos_cerrados,Fp1,120.0,2.440725330545209e-07
basal_ojos_cerrados,Fp1,120.5,2.005613042694631e-07
basal_ojos_cerrados,Fp1,121.0,2.4403348519228324e-07
basal_ojos_cerrados,Fp1,121.5,2.3693250091310685e-07
basal_ojos_cerrados,Fp1,122.0,2.035500773944264e-07
basal_ojos_cerrados,Fp1,122.5,1.4771779304575004e-07
basal_ojos_cerrados,Fp1,123.0,1.792017457042381e-07
basal_ojos_cerrados,Fp1,123.5,1.5849927294546662e-07
basal_ojos_cerrados,Fp1,124.0,1.5057026336230387e-07
basal_ojos_cerrados,Fp1,124.5,1.6468814503820605e-07
basal_ojos_cerrados,Fp1,125.0,1.3570024402794144e-07
basal_ojos_cerrados,Fp1,125.5,1.1785315564775073e-07
basal_ojos_cerrados,Fp1,126.0,1.091729839084113e-07
basal_ojos_cerrados,Fp1,126.5,1.1043363444902694e-07
basal_ojos_cerrados,Fp1,127.0,9.816221395437287e-08
basal_ojos_cerrados,Fp1,127.5,9.099847983733993e-08
basal_ojos_cerrados,Fp1,128.0,9.925121194316763e-08
basal_ojos_cerrados,Fp1,128.5,6.696434932286007e-08
basal_ojos_cerrados,Fp1,129.0,4.6626973544222056e-08
basal_ojos_cerrados,Fp1,129.5,5.26270439326511e-08
basal_ojos_cerrados,Fp1,130.0,5.957475042809978e-08
basal_ojos_cerrados,Fp1,130.5,6.829136401966739e-08
basal_ojos_cerrados,Fp1,131.0,4.4556731975834203e-08
basal_ojos_cerrados,Fp1,131.5,3.472376075698095e-08
basal_ojos_cerrados,Fp1,132.0,3.374330506037535e-08
basal_ojos_cerrados,Fp1,132.5,2.7076487572550197e-08
basal_ojos_cerrados,Fp1,133.0,2.7475537947373395e-08
basal_ojos_cerrados,Fp1,133.5,2.8676867876473562e-08
basal_ojos_cerrados,Fp1,134.0,2.6767605626395904e-08
basal_ojos_cerrados,Fp1,134.5,2.5765232554981963e-08
basal_ojos_cerrados,Fp1,135.0,2.3966927398904206e-08
basal_ojos_cerrados,Fp1,135.5,2.256514056426058e-08
basal_ojos_cerrados,Fp1,136.0,1.7695086696602012e-08
basal_ojos_cerrados,Fp1,136.5,1.584940348862984e-08
basal_ojos_cerrados,Fp1,137.0,1.572776172939121e-08
basal_ojos_cerrados,Fp1,137.5,1.4512030618382427e-08
basal_ojos_cerrados,Fp1,138.0,1.3716770627674124e-08
basal_ojos_cerrados,Fp1,138.5,1.5232872877087986e-08
basal_ojos_cerrados,Fp1,139.0,1.3114743553282986e-08
basal_ojos_cerrados,Fp1,139.5,1.1046511718294995e-08
basal_ojos_cerrados,Fp1,140.0,7.554574536859493e-09
basal_ojos_cerrados,Fp1,140.5,7.044878067769293e-09
basal_ojos_cerrados,Fp1,141.0,7.645493066441756e-09
basal_ojos_cerrados,Fp1,141.5,9.814107638739966e-09
basal_ojos_cerrados,Fp1,142.0,8.141711676367238e-09
basal_ojos_cerrados,Fp1,142.5,7.706052063364735e-09
basal_ojos_cerrados,Fp1,143.0,7.562263688477117e-09
basal_ojos_cerrados,Fp1,143.5,6.251720831226433e-09
basal_ojos_cerrados,Fp1,144.0,5.716209061911612e-09
basal_ojos_cerrados,Fp1,144.5,3.893209040450444e-09
basal_ojos_cerrados,Fp1,145.0,4.469519032613587e-09
basal_ojos_cerrados,Fp1,145.5,4.022053592031378e-09
basal_ojos_cerrados,Fp1,146.0,3.3358567479248908e-09
basal_ojos_cerrados,Fp1,146.5,3.7538580521670696e-09
basal_ojos_cerrados,Fp1,147.0,3.835947622587486e-09
basal_ojos_cerrados,Fp1,147.5,3.403256274144957e-09
basal_ojos_cerrados,Fp1,148.0,2.973517757307918e-09
basal_ojos_cerrados,Fp1,148.5,2.866320967797857e-09
basal_ojos_cerrados,Fp1,149.0,2.6832128477393732e-09
basal_ojos_cerrados,Fp1,149.5,2.6747139167528366e-09
basal_ojos_cerrados,Fp1,150.0,2.8936167228351364e-09
basal_ojos_cerrados,Fp1,150.5,2.3292322502366693e-09
basal_ojos_cerrados,Fp1,151.0,2.559209464533239e-09
basal_ojos_cerrados,Fp1,151.5,1.8097978650557327e-09
basal_ojos_cerrados,Fp1,152.0,1.7443250520723997e-09
basal_ojos_cerrados,Fp1,152.5,1.6735867333768667e-09
basal_ojos_cerrados,Fp1,153.0,1.4327761519433867e-09
basal_ojos_cerrados,Fp1,153.5,1.2064656089754385e-09
basal_ojos_cerrados,Fp1,154.0,1.410352291557438e-09
basal_ojos_cerrados,Fp1,154.5,1.233233559390893e-09
basal_ojos_cerrados,Fp1,155.0,1.268107029425176e-09
basal_ojos_cerrados,Fp1,155.5,1.2233921168683134e-09
basal_ojos_cerrados,Fp1,156.0,1.076802647648877e-09
basal_ojos_cerrados,Fp1,156.5,8.76991243419671e-10
basal_ojos_cerrados,Fp1,157.0,8.118205669369979e-10
basal_ojos_cerrados,Fp1,157.5,8.34502911319967e-10
basal_ojos_cerrados,Fp1,158.0,9.030368850286929e-10
basal_ojos_cerrados,Fp1,158.5,6.937459725337736e-10
basal_ojos_cerrados,Fp1,159.0,5.340866414565559e-10
basal_ojos_cerrados,Fp1,159.5,4.378556640527944e-10
basal_ojos_cerrados,Fp1,160.0,4.6166638052447653e-10
basal_ojos_cerrados,Fp1,160.5,4.8385992435318e-10
basal_ojos_cerrados,Fp1,161.0,4.903392992501198e-10
basal_ojos_cerrados,Fp1,161.5,4.60227545410414e-10
basal_ojos_cerrados,Fp1,162.0,3.4392480625558075e-10
basal_ojos_cerrados,Fp1,162.5,3.5118880182586894e-10
basal_ojos_cerrados,Fp1,163.0,4.054546686025168e-10
basal_ojos_cerrados,Fp1,163.5,3.5209188882252444e-10
basal_ojos_cerrados,Fp1,164.0,3.870682377382632e-10
basal_ojos_cerrados,Fp1,164.5,3.3856467696177345e-10
basal_ojos_cerrados,Fp1,165.0,2.990645017629774e-10
basal_ojos_cerrados,Fp1,165.5,2.385373421980467e-10
basal_ojos_cerrados,Fp1,166.0,1.9191172702708991e-10
basal_ojos_cerrados,Fp1,166.5,2.472377026802367e-10
basal_ojos_cerrados,Fp1,167.0,2.616191507529547e-10
basal_ojos_cerrados,Fp1,167.5,2.1138596095694778e-10
basal_ojos_cerrados,Fp1,168.0,2.0816647795953323e-10
basal_ojos_cerrados,Fp1,168.5,1.9828142404552697e-10
basal_ojos_cerrados,Fp1,169.0,1.9942509166317489e-10
basal_ojos_cerrados,Fp1,169.5,1.566105622220969e-10
basal_ojos_cerrados,Fp1,170.0,1.192151290002027e-10
basal_ojos_cerrados,Fp1,170.5,1.2062884938922413e-10
basal_ojos_cerrados,Fp1,171.0,1.2843506763138603e-10
basal_ojos_cerrados,Fp1,171.5,1.033349814126117e-10
basal_ojos_cerrados,Fp1,172.0,1.028948153469471e-10
basal_ojos_cerrados,Fp1,172.5,1.0762310479954804e-10
basal_ojos_cerrados,Fp1,173.0,1.0644823963483206e-10
basal_ojos_cerrados,Fp1,173.5,9.638889011363304e-11
basal_ojos_cerrados,Fp1,174.0,1.0105211015907422e-10
basal_ojos_cerrados,Fp1,174.5,8.468547096409066e-11
basal_ojos_cerrados,Fp1,175.0,7.637863482073718e-11
basal_ojos_cerrados,Fp1,175.5,7.873390916485225e-11
basal_ojos_cerrados,Fp1,176.0,7.459307512024767e-11
basal_ojos_cerrados,Fp1,176.5,6.337192574014488e-11
basal_ojos_cerrados,Fp1,177.0,5.4156450279497533e-11
basal_ojos_cerrados,Fp1,177.5,5.058684847975196e-11
basal_ojos_cerrados,Fp1,178.0,4.902697027995173e-11
basal_ojos_cerrados,Fp1,178.5,4.9970237557735166e-11
basal_ojos_cerrados,Fp1,179.0,3.9333218669641084e-11
basal_ojos_cerrados,Fp1,179.5,4.548472161412067e-11
basal_ojos_cerrados,Fp1,180.0,4.278431476373416e-11
basal_ojos_cerrados,Fp1,180.5,3.6969779986043355e-11
basal_ojos_cerrados,Fp1,181.0,2.72653341406329e-11
basal_ojos_cerrados,Fp1,181.5,3.0930939112124057e-11
basal_ojos_cerrados,Fp1,182.0,2.2020097722703177e-11
basal_ojos_cerrados,Fp1,182.5,2.369936227636073e-11
basal_ojos_cerrados,Fp1,183.0,2.289459487320393e-11
basal_ojos_cerrados,Fp1,183.5,2.0857195429302795e-11
basal_ojos_cerrados,Fp1,184.0,2.100242693849188e-11
basal_ojos_cerrados,Fp1,184.5,1.9081358351475513e-11
basal_ojos_cerrados,Fp1,185.0,2.345058700351376e-11
basal_ojos_cerrados,Fp1,185.5,2.3827776798378283e-11
basal_ojos_cerrados,Fp1,186.0,1.5945414431914208e-11
basal_ojos_cerrados,Fp1,186.5,1.5167179654092024e-11
basal_ojos_cerrados,Fp1,187.0,1.815422202618985e-11
basal_ojos_cerrados,Fp1,187.5,1.3498765019515082e-11
basal_ojos_cerrados,Fp1,188.0,1.5647718137585158e-11
basal_ojos_cerrados,Fp1,188.5,1.1077703387361202e-11
basal_ojos_cerrados,Fp1,189.0,1.3241040306057947e-11
basal_ojos_cerrados,Fp1,189.5,1.3069129046952429e-11
basal_ojos_cerrados,Fp1,190.0,1.1278182857007635e-11
basal_ojos_cerrados,Fp1,190.5,8.759100536347261e-12
basal_ojos_cerrados,Fp1,191.0,8.567255934862346e-12
basal_ojos_cerrados,Fp1,191.5,9.300758206781659e-12
basal_ojos_cerrados,Fp1,192.0,1.0416658246420031e-11
basal_ojos_cerrados,Fp1,192.5,8.143668247025757e-12
basal_ojos_cerrados,Fp1,193.0,7.168367837188665e-12
basal_ojos_cerrados,Fp1,193.5,6.7403651783499e-12
basal_ojos_cerrados,Fp1,194.0,8.462375511936394e-12
basal_ojos_cerrados,Fp1,194.5,7.0472004993473735e-12
basal_ojos_cerrados,Fp1,195.0,7.2183816656313685e-12
basal_ojos_cerrados,Fp1,195.5,8.053228459210259e-12
basal_ojos_cerrados,Fp1,196.0,5.010794847535444e-12
basal_ojos_cerrados,Fp1,196.5,4.758813325053703e-12
basal_ojos_cerrados,Fp1,197.0,4.375879564026812e-12
basal_ojos_cerrados,Fp1,197.5,4.989162750869744e-12
basal_ojos_cerrados,Fp1,198.0,5.470407135701385e-12
basal_ojos_cerrados,Fp1,198.5,4.318947600909189e-12
basal_ojos_cerrados,Fp1,199.0,4.18166452355942e-12
basal_ojos_cerrados,Fp1,199.5,4.201159756354051e-12
basal_ojos_cerrados,Fp1,200.0,3.2646555180381703e-12
basal_ojos_cerrados,Fp1,200.5,3.5607378551683283e-12
basal_ojos_cerrados,Fp1,201.0,3.754178251120318e-12
basal_ojos_cerrados,Fp1,201.5,3.422769490435669e-12
basal_ojos_cerrados,Fp1,202.0,3.176812241655281e-12
basal_ojos_cerrados,Fp1,202.5,2.2295097999207237e-12
basal_ojos_cerrados,Fp1,203.0,3.0143554748181458e-12
basal_ojos_cerrados,Fp1,203.5,2.8708488249381373e-12
basal_ojos_cerrados,Fp1,204.0,2.3350310296452732e-12
basal_ojos_cerrados,Fp1,204.5,2.4321181045122695e-12
basal_ojos_cerrados,Fp1,205.0,2.2600280231108565e-12
basal_ojos_cerrados,Fp1,205.5,2.193631750484911e-12
basal_ojos_cerrados,Fp1,206.0,2.0482230842322267e-12
basal_ojos_cerrados,Fp1,206.5,2.5580543577474706e-12
basal_ojos_cerrados,Fp1,207.0,1.5267394540850695e-12
basal_ojos_cerrados,Fp1,207.5,2.6088792124199186e-12
basal_ojos_cerrados,Fp1,208.0,1.4498463589780932e-12
basal_ojos_cerrados,Fp1,208.5,1.5861482550246758e-12
basal_ojos_cerrados,Fp1,209.0,1.5320390146826193e-12
basal_ojos_cerrados,Fp1,209.5,2.015104984799687e-12
basal_ojos_cerrados,Fp1,210.0,1.4122365809448223e-12
basal_ojos_cerrados,Fp1,210.5,1.4464175246198067e-12
basal_ojos_cerrados,Fp1,211.0,1.765979288136124e-12
basal_ojos_cerrados,Fp1,211.5,1.3867169823847497e-12
basal_ojos_cerrados,Fp1,212.0,1.2680500041704975e-12
basal_ojos_cerrados,Fp1,212.5,1.156528425673858e-12
basal_ojos_cerrados,Fp1,213.0,1.2811979390745773e-12
basal_ojos_cerrados,Fp1,213.5,1.2132256037191645e-12
basal_ojos_cerrados,Fp1,214.0,1.0166042988218411e-12
basal_ojos_cerrados,Fp1,214.5,9.128306855354136e-13
basal_ojos_cerrados,Fp1,215.0,1.1459764147051846e-12
basal_ojos_cerrados,Fp1,215.5,1.0746857879262908e-12
basal_ojos_cerrados,Fp1,216.0,8.840508183080269e-13
basal_ojos_cerrados,Fp1,216.5,1.1270023317842547e-12
basal_ojos_cerrados,Fp1,217.0,8.788249104981405e-13
basal_ojos_cerrados,Fp1,217.5,1.0512510449628144e-12
basal_ojos_cerrados,Fp1,218.0,8.185042743856388e-13
basal_ojos_cerrados,Fp1,218.5,8.527854744578372e-13
basal_ojos_cerrados,Fp1,219.0,8.890555052180067e-13
basal_ojos_cerrados,Fp1,219.5,7.804318616378106e-13
basal_ojos_cerrados,Fp1,220.0,7.298603839785439e-13
basal_ojos_cerrados,Fp1,220.5,7.136719120397464e-13
basal_ojos_cerrados,Fp1,221.0,7.466886816098898e-13
basal_ojos_cerrados,Fp1,221.5,7.040075819044234e-13
basal_ojos_cerrados,Fp1,222.0,6.434771886785455e-13
basal_ojos_cerrados,Fp1,222.5,7.132871476353525e-13
basal_ojos_cerrados,Fp1,223.0,5.764502538749117e-13
basal_ojos_cerrados,Fp1,223.5,6.785398164291961e-13
basal_ojos_cerrados,Fp1,224.0,5.992227202938796e-13
basal_ojos_cerrados,Fp1,224.5,6.214386832370269e-13
basal_ojos_cerrados,Fp1,225.0,5.894351571856613e-13
basal_ojos_cerrados,Fp1,225.5,5.9012716521874e-13
basal_ojos_cerrados,Fp1,226.0,5.899040182721823e-13
basal_ojos_cerrados,Fp1,226.5,5.289093810460161e-13
basal_ojos_cerrados,Fp1,227.0,5.975289832897757e-13
basal_ojos_cerrados,Fp1,227.5,5.137950364191642e-13
basal_ojos_cerrados,Fp1,228.0,4.930200674906454e-13
basal_ojos_cerrados,Fp1,228.5,5.034943523647417e-13
basal_ojos_cerrados,Fp1,229.0,5.13055037760527e-13
basal_ojos_cerrados,Fp1,229.5,4.742672443526878e-13
basal_ojos_cerrados,Fp1,230.0,4.837007303124366e-13
basal_ojos_cerrados,Fp1,230.5,4.863862201236663e-13
basal_ojos_cerrados,Fp1,231.0,4.54779770899985e-13
basal_ojos_cerrados,Fp1,231.5,4.255633980678404e-13
basal_ojos_cerrados,Fp1,232.0,4.9240931549223e-13
basal_ojos_cerrados,Fp1,232.5,4.027133151805288e-13
basal_ojos_cerrados,Fp1,233.0,4.305562770916935e-13
basal_ojos_cerrados,Fp1,233.5,4.2833143075000655e-13
basal_ojos_cerrados,Fp1,234.0,4.0548170442471893e-13
basal_ojos_cerrados,Fp1,234.5,3.995768947135325e-13
basal_ojos_cerrados,Fp1,235.0,3.61824977337511e-13
basal_ojos_cerrados,Fp1,235.5,4.0715598921758497e-13
basal_ojos_cerrados,Fp1,236.0,3.9075128078745817e-13
basal_ojos_cerrados,Fp1,236.5,3.6401999540435804e-13
basal_ojos_cerrados,Fp1,237.0,3.931311288551933e-13
basal_ojos_cerrados,Fp1,237.5,3.3354555275855256e-13
basal_ojos_cerrados,Fp1,238.0,3.5799460624882295e-13
basal_ojos_cerrados,Fp1,238.5,3.5448477366450847e-13
basal_ojos_cerrados,Fp1,239.0,3.5279042458218145e-13
basal_ojos_cerrados,Fp1,239.5,3.197604136349483e-13
basal_ojos_cerrados,Fp1,240.0,3.3078897853234496e-13
basal_ojos_cerrados,Fp1,240.5,3.411678610740947e-13
basal_ojos_cerrados,Fp1,241.0,3.148737870975225e-13
basal_ojos_cerrados,Fp1,241.5,3.2808865181722836e-13
basal_ojos_cerrados,Fp1,242.0,2.9373180062281377e-13
basal_ojos_cerrados,Fp1,242.5,3.381080163665313e-13
basal_ojos_cerrados,Fp1,243.0,2.8447085418066774e-13
basal_ojos_cerrados,Fp1,243.5,3.106477239650625e-13
basal_ojos_cerrados,Fp1,244.0,2.797157590267624e-13
basal_ojos_cerrados,Fp1,244.5,2.924803736260748e-13
basal_ojos_cerrados,Fp1,245.0,2.7867621499690977e-13
basal_ojos_cerrados,Fp1,245.5,2.7695947023882833e-13
basal_ojos_cerrados,Fp1,246.0,2.9064302286638105e-13
basal_ojos_cerrados,Fp1,246.5,2.5639477048476234e-13
basal_ojos_cerrados,Fp1,247.0,2.79406197904822e-13
basal_ojos_cerrados,Fp1,247.5,2.6544822940260174e-13
basal_ojos_cerrados,Fp1,248.0,2.559548150639917e-13
basal_ojos_cerrados,Fp1,248.5,2.6468988783033884e-13
basal_ojos_cerrados,Fp1,249.0,2.496505116422883e-13
basal_ojos_cerrados,Fp1,249.5,2.486901262666555e-13
basal_ojos_cerrados,Fp1,250.0,2.5272800480896326e-13
basal_ojos_cerrados,Fp1,250.5,2.3279677107109013e-13
basal_ojos_cerrados,Fp1,251.0,2.4776418761670127e-13
basal_ojos_cerrados,Fp1,251.5,2.3893179985798893e-13
basal_ojos_cerrados,Fp1,252.0,2.322005594221706e-13
basal_ojos_cerrados,Fp1,252.5,2.280790078067056e-13
basal_ojos_cerrados,Fp1,253.0,2.335633675629544e-13
basal_ojos_cerrados,Fp1,253.5,2.199872022139981e-13
basal_ojos_cerrados,Fp1,254.0,2.265760469998084e-13
basal_ojos_cerrados,Fp1,254.5,2.215660701227218e-13
basal_ojos_cerrados,Fp1,255.0,2.1037344212910486e-13
basal_ojos_cerrados,Fp1,255.5,2.1190678387237697e-13
basal_ojos_cerrados,Fp1,256.0,2.1323784531281206e-13
basal_ojos_cerrados,Fp1,256.5,2.0839691760560785e-13
basal_ojos_cerrados,Fp1,257.0,2.0579577524873905e-13
basal_ojos_cerrados,Fp1,257.5,1.9692386351046013e-13
basal_ojos_cerrados,Fp1,258.0,2.0331035030909955e-13
basal_ojos_cerrados,Fp1,258.5,1.9739349183263894e-13
basal_ojos_cerrados,Fp1,259.0,1.8902222704943928e-13
basal_ojos_cerrados,Fp1,259.5,1.9557663208550239e-13
basal_ojos_cerrados,Fp1,260.0,1.928679921014034e-13
basal_ojos_cerrados,Fp1,260.5,1.8311998219640538e-13
basal_ojos_cerrados,Fp1,261.0,1.8557407275864971e-13
basal_ojos_cerrados,Fp1,261.5,1.7954579408114308e-13
basal_ojos_cerrados,Fp1,262.0,1.8302469489253812e-13
basal_ojos_cerrados,Fp1,262.5,1.7504993492678524e-13
basal_ojos_cerrados,Fp1,263.0,1.7672550546493446e-13
basal_ojos_cerrados,Fp1,263.5,1.72736281603043e-13
basal_ojos_cerrados,Fp1,264.0,1.710998934165737e-13
basal_ojos_cerrados,Fp1,264.5,1.6873452554657445e-13
basal_ojos_cerrados,Fp1,265.0,1.6560438818917522e-13
basal_ojos_cerrados,Fp1,265.5,1.6656665087054221e-13
basal_ojos_cerrados,Fp1,266.0,1.5803960073920848e-13
basal_ojos_cerrados,Fp1,266.5,1.6637512416155956e-13
basal_ojos_cerrados,Fp1,267.0,1.5508410159205267e-13
basal_ojos_cerrados,Fp1,267.5,1.556811169071101e-13
basal_ojos_cerrados,Fp1,268.0,1.576122616256304e-13
basal_ojos_cerrados,Fp1,268.5,1.518421135377954e-13
basal_ojos_cerrados,Fp1,269.0,1.497461774081362e-13
basal_ojos_cerrados,Fp1,269.5,1.4989699069749135e-13
basal_ojos_cerrados,Fp1,270.0,1.4773028674980359e-13
basal_ojos_cerrados,Fp1,270.5,1.4563818042812877e-13
basal_ojos_cerrados,Fp1,271.0,1.4143387298870913e-13
basal_ojos_cerrados,Fp1,271.5,1.4360638183310648e-13
basal_ojos_cerrados,Fp1,272.0,1.394446353720322e-13
basal_ojos_cerrados,Fp1,272.5,1.3848890241598275e-13
basal_ojos_cerrados,Fp1,273.0,1.393345896701705e-13
basal_ojos_cerrados,Fp1,273.5,1.3253076205516735e-13
basal_ojos_cerrados,Fp1,274.0,1.343814802100866e-13
basal_ojos_cerrados,Fp1,274.5,1.3202391249723155e-13
basal_ojos_cerrados,Fp1,275.0,1.309328989209162e-13
basal_ojos_cerrados,Fp1,275.5,1.283628997883512e-13
basal_ojos_cerrados,Fp1,276.0,1.28136564200107e-13
basal_ojos_cerrados,Fp1,276.5,1.239947382789665e-13
basal_ojos_cerrados,Fp1,277.0,1.255897752506288e-13
basal_ojos_cerrados,Fp1,277.5,1.2240716631272733e-13
basal_ojos_cerrados,Fp1,278.0,1.2220533241246066e-13
basal_ojos_cerrados,Fp1,278.5,1.1863216368852357e-13
basal_ojos_cerrados,Fp1,279.0,1.193980957250951e-13
basal_ojos_cerrados,Fp1,279.5,1.1700427982700222e-13
basal_ojos_cerrados,Fp1,280.0,1.1629615935431586e-13
basal_ojos_cerrados,Fp1,280.5,1.1392859570566817e-13
basal_ojos_cerrados,Fp1,281.0,1.1279005121847114e-13
basal_ojos_cerrados,Fp1,281.5,1.123595571051418e-13
basal_ojos_cerrados,Fp1,282.0,1.1040513319421126e-13
basal_ojos_cerrados,Fp1,282.5,1.0906794969846114e-13
basal_ojos_cerrados,Fp1,283.0,1.0765754335067538e-13
basal_ojos_cerrados,Fp1,283.5,1.0631903914113898e-13
basal_ojos_cerrados,Fp1,284.0,1.0630424056142404e-13
basal_ojos_cerrados,Fp1,284.5,1.0394623843588051e-13
basal_ojos_cerrados,Fp1,285.0,1.029635884658958e-13
basal_ojos_cerrados,Fp1,285.5,1.0143509324389134e-13
basal_ojos_cerrados,Fp1,286.0,1.0083609715572052e-13
basal_ojos_cerrados,Fp1,286.5,9.95686972277952e-14
basal_ojos_cerrados,Fp1,287.0,9.822925765777248e-14
basal_ojos_cerrados,Fp1,287.5,9.737807252871004e-14
basal_ojos_cerrados,Fp1,288.0,9.610882649390662e-14
basal_ojos_cerrados,Fp1,288.5,9.460602582469675e-14
basal_ojos_cerrados,Fp1,289.0,9.382381605557396e-14
basal_ojos_cerrados,Fp1,289.5,9.291444560876991e-14
basal_ojos_cerrados,Fp1,290.0,9.159977546728922e-14
basal_ojos_cerrados,Fp1,290.5,9.063896622839273e-14
basal_ojos_cerrados,Fp1,291.0,9.019867073759504e-14
basal_ojos_cerrados,Fp1,291.5,8.811732676134387e-14
basal_ojos_cerrados,Fp1,292.0,8.768710325294997e-14
basal_ojos_cerrados,Fp1,292.5,8.652958529803687e-14
basal_ojos_cerrados,Fp1,293.0,8.596173904217106e-14
basal_ojos_cerrados,Fp1,293.5,8.439099725744438e-14
basal_ojos_cerrados,Fp1,294.0,8.370835413508066e-14
basal_ojos_cerrados,Fp1,294.5,8.266217026250856e-14
basal_ojos_cerrados,Fp1,295.0,8.204989314259991e-14
basal_ojos_cerrados,Fp1,295.5,8.087883601212104e-14
basal_ojos_cerrados,Fp1,296.0,7.952955606591173e-14
basal_ojos_cerrados,Fp1,296.5,7.94959390288906e-14
basal_ojos_cerrados,Fp1,297.0,7.821048122526796e-14
basal_ojos_cerrados,Fp1,297.5,7.695305408655864e-14
basal_ojos_cerrados,Fp1,298.0,7.660235648157608e-14
basal_ojos_cerrados,Fp1,298.5,7.566720185753691e-14
basal_ojos_cerrados,Fp1,299.0,7.446403644146929e-14
basal_ojos_cerrados,Fp1,299.5,7.429552271046017e-14
basal_ojos_cerrados,Fp1,300.0,7.26012246745032e-14
basal_ojos_cerrados,Fp1,300.5,7.236707675825252e-14
basal_ojos_cerrados,Fp1,301.0,7.138606131800078e-14
basal_ojos_cerrados,Fp1,301.5,7.086939844126762e-14
basal_ojos_cerrados,Fp1,302.0,6.94904391428738e-14
basal_ojos_cerrados,Fp1,302.5,6.911980142347335e-14
basal_ojos_cerrados,Fp1,303.0,6.83716580952255e-14
basal_ojos_cerrados,Fp1,303.5,6.759328781857389e-14
basal_ojos_cerrados,Fp1,304.0,6.656263729043413e-14
basal_ojos_cerrados,Fp1,304.5,6.598470597557492e-14
basal_ojos_cerrados,Fp1,305.0,6.549546441714728e-14
basal_ojos_cerrados,Fp1,305.5,6.430255402344747e-14
basal_ojos_cerrados,Fp1,306.0,6.406537337962753e-14
basal_ojos_cerrados,Fp1,306.5,6.303590427243323e-14
basal_ojos_cerrados,Fp1,307.0,6.256021061311371e-14
basal_ojos_cerrados,Fp1,307.5,6.167686273732637e-14
basal_ojos_cerrados,Fp1,308.0,6.095793715845136e-14
basal_ojos_cerrados,Fp1,308.5,6.037571767346434e-14
basal_ojos_cerrados,Fp1,309.0,5.975808359739105e-14
basal_ojos_cerrados,Fp1,309.5,5.903696956978924e-14
basal_ojos_cerrados,Fp1,310.0,5.840914361598984e-14
basal_ojos_cerrados,Fp1,310.5,5.771598041791497e-14
basal_ojos_cerrados,Fp1,311.0,5.708753244227975e-14
basal_ojos_cerrados,Fp1,311.5,5.649671790024842e-14
basal_ojos_cerrados,Fp1,312.0,5.5941201166411594e-14
basal_ojos_cerrados,Fp1,312.5,5.521974574087484e-14
basal_ojos_cerrados,Fp1,313.0,5.454781360091144e-14
basal_ojos_cerrados,Fp1,313.5,5.411550903059699e-14
basal_ojos_cerrados,Fp1,314.0,5.343603381067785e-14
basal_ojos_cerrados,Fp1,314.5,5.28789266927311e-14
basal_ojos_cerrados,Fp1,315.0,5.2174263937183e-14
basal_ojos_cerrados,Fp1,315.5,5.1779041769945665e-14
basal_ojos_cerrados,Fp1,316.0,5.108257290091208e-14
basal_ojos_cerrados,Fp1,316.5,5.0595525187444835e-14
basal_ojos_cerrados,Fp1,317.0,4.9990288077696257e-14
basal_ojos_cerrados,Fp1,317.5,4.946525000753638e-14
basal_ojos_cerrados,Fp1,318.0,4.8934184666747165e-14
basal_ojos_cerrados,Fp1,318.5,4.843011384586229e-14
basal_ojos_cerrados,Fp1,319.0,4.77990965901439e-14
basal_ojos_cerrados,Fp1,319.5,4.7299439624629485e-14
basal_ojos_cerrados,Fp1,320.0,4.690888790077868e-14
basal_ojos_cerrados,Fp1,320.5,4.625193072702768e-14
basal_ojos_cerrados,Fp1,321.0,4.581137718039029e-14
basal_ojos_cerrados,Fp1,321.5,4.525885346524555e-14
basal_ojos_cerrados,Fp1,322.0,4.4820804640719087e-14
basal_ojos_cerrados,Fp1,322.5,4.4325482758776147e-14
basal_ojos_cerrados,Fp1,323.0,4.3847224146782666e-14
basal_ojos_cerrados,Fp1,323.5,4.330521299596631e-14
basal_ojos_cerrados,Fp1,324.0,4.292828722864854e-14
basal_ojos_cerrados,Fp1,324.5,4.236837906348015e-14
basal_ojos_cerrados,Fp1,325.0,4.1974560373463536e-14
basal_ojos_cerrados,Fp1,325.5,4.147774075481978e-14
basal_ojos_cerrados,Fp1,326.0,4.104195096657701e-14
basal_ojos_cerrados,Fp1,326.5,4.056300352433873e-14
basal_ojos_cerrados,Fp1,327.0,4.0211287665266434e-14
basal_ojos_cerrados,Fp1,327.5,3.966897884215259e-14
basal_ojos_cerrados,Fp1,328.0,3.928344752772519e-14
basal_ojos_cerrados,Fp1,328.5,3.887136032894772e-14
basal_ojos_cerrados,Fp1,329.0,3.8394781022677793e-14
basal_ojos_cerrados,Fp1,329.5,3.8038551716555824e-14
basal_ojos_cerrados,Fp1,330.0,3.7597328254190175e-14
basal_ojos_cerrados,Fp1,330.5,3.7179326664858276e-14
basal_ojos_cerrados,Fp1,331.0,3.6786181672583357e-14
basal_ojos_cerrados,Fp1,331.5,3.638302809988736e-14
basal_ojos_cerrados,Fp1,332.0,3.6003941172075436e-14
basal_ojos_cerrados,Fp1,332.5,3.557843473983819e-14
basal_ojos_cerrados,Fp1,333.0,3.521498721506719e-14
basal_ojos_cerrados,Fp1,333.5,3.483663307611296e-14
basal_ojos_cerrados,Fp1,334.0,3.443903335388024e-14
basal_ojos_cerrados,Fp1,334.5,3.409463603966488e-14
basal_ojos_cerrados,Fp1,335.0,3.3677361819732734e-14
basal_ojos_cerrados,Fp1,335.5,3.334882085142755e-14
basal_ojos_cerrados,Fp1,336.0,3.2976870357002433e-14
basal_ojos_cerrados,Fp1,336.5,3.2628377845956484e-14
basal_ojos_cerrados,Fp1,337.0,3.2255369327891967e-14
basal_ojos_cerrados,Fp1,337.5,3.1911717733028233e-14
basal_ojos_cerrados,Fp1,338.0,3.1566466352194206e-14
basal_ojos_cerrados,Fp1,338.5,3.122462189301315e-14
basal_ojos_cerrados,Fp1,339.0,3.087652503453435e-14
basal_ojos_cerrados,Fp1,339.5,3.054662224840609e-14
basal_ojos_cerrados,Fp1,340.0,3.024010623478069e-14
basal_ojos_cerrados,Fp1,340.5,2.985722118668251e-14
basal_ojos_cerrados,Fp1,341.0,2.956852719203823e-14
basal_ojos_cerrados,Fp1,341.5,2.924032584408652e-14
basal_ojos_cerrados,Fp1,342.0,2.893159971400055e-14
basal_ojos_cerrados,Fp1,342.5,2.860829076774948e-14
basal_ojos_cerrados,Fp1,343.0,2.829223856843538e-14
basal_ojos_cerrados,Fp1,343.5,2.7979602316556338e-14
basal_ojos_cerrados,Fp1,344.0,2.769477651986191e-14
basal_ojos_cerrados,Fp1,344.5,2.7376202898681805e-14
basal_ojos_cerrados,Fp1,345.0,2.709053780619303e-14
basal_ojos_cerrados,Fp1,345.5,2.6789492294440498e-14
basal_ojos_cerrados,Fp1,346.0,2.6486081167037486e-14
basal_ojos_cerrados,Fp1,346.5,2.6216476349376238e-14
basal_ojos_cerrados,Fp1,347.0,2.592042995828541e-14
basal_ojos_cerrados,Fp1,347.5,2.5651662966352688e-14
basal_ojos_cerrados,Fp1,348.0,2.5342032903027868e-14
basal_ojos_cerrados,Fp1,348.5,2.5095459541253764e-14
basal_ojos_cerrados,Fp1,349.0,2.4802699004537312e-14
basal_ojos_cerrados,Fp1,349.5,2.454396614562089e-14
basal_ojos_cerrados,Fp1,350.0,2.4265210221959002e-14
basal_ojos_cerrados,Fp1,350.5,2.4006448109288148e-14
basal_ojos_cerrados,Fp1,351.0,2.3743783461515596e-14
basal_ojos_cerrados,Fp1,351.5,2.3486952322269356e-14
basal_ojos_cerrados,Fp1,352.0,2.3223357650228086e-14
basal_ojos_cerrados,Fp1,352.5,2.2967886509962055e-14
basal_ojos_cerrados,Fp1,353.0,2.2717299861730206e-14
basal_ojos_cerrados,Fp1,353.5,2.2481602696901166e-14
basal_ojos_cerrados,Fp1,354.0,2.221663082969653e-14
basal_ojos_cerrados,Fp1,354.5,2.1984829053886814e-14
basal_ojos_cerrados,Fp1,355.0,2.173721118259953e-14
basal_ojos_cerrados,Fp1,355.5,2.1499574634759497e-14
basal_ojos_cerrados,Fp1,356.0,2.1265297645894724e-14
basal_ojos_cerrados,Fp1,356.5,2.1030005094208346e-14
basal_ojos_cerrados,Fp1,357.0,2.079956908890686e-14
basal_ojos_cerrados,Fp1,357.5,2.0569985605538763e-14
basal_ojos_cerrados,Fp1,358.0,2.0342783225059472e-14
basal_ojos_cerrados,Fp1,358.5,2.0116907870117717e-14
basal_ojos_cerrados,Fp1,359.0,1.989764428975662e-14
basal_ojos_cerrados,Fp1,359.5,1.9680317857868164e-14
basal_ojos_cerrados,Fp1,360.0,1.9456289866333132e-14
basal_ojos_cerrados,Fp1,360.5,1.9245406517114584e-14
basal_ojos_cerrados,Fp1,361.0,1.9032554506187812e-14
basal_ojos_cerrados,Fp1,361.5,1.8820799073152902e-14
basal_ojos_cerrados,Fp1,362.0,1.8613500525855367e-14
basal_ojos_cerrados,Fp1,362.5,1.8405196786998585e-14
basal_ojos_cerrados,Fp1,363.0,1.8200337595205758e-14
basal_ojos_cerrados,Fp1,363.5,1.8000017066223282e-14
basal_ojos_cerrados,Fp1,364.0,1.779838421579216e-14
basal_ojos_cerrados,Fp1,364.5,1.7602480219994516e-14
basal_ojos_cerrados,Fp1,365.0,1.7403556529361662e-14
basal_ojos_cerrados,Fp1,365.5,1.7212604658720967e-14
basal_ojos_cerrados,Fp1,366.0,1.7018744970885588e-14
basal_ojos_cerrados,Fp1,366.5,1.682779925395224e-14
basal_ojos_cerrados,Fp1,367.0,1.664150532364116e-14
basal_ojos_cerrados,Fp1,367.5,1.6452533592166122e-14
basal_ojos_cerrados,Fp1,368.0,1.627098003733479e-14
basal_ojos_cerrados,Fp1,368.5,1.6087204154402555e-14
basal_ojos_cerrados,Fp1,369.0,1.5906659034125738e-14
basal_ojos_cerrados,Fp1,369.5,1.5728881099438122e-14
basal_ojos_cerrados,Fp1,370.0,1.5550619803496127e-14
basal_ojos_cerrados,Fp1,370.5,1.537596792133594e-14
basal_ojos_cerrados,Fp1,371.0,1.520195841949927e-14
basal_ojos_cerrados,Fp1,371.5,1.5030496277262065e-14
basal_ojos_cerrados,Fp1,372.0,1.4862536690882532e-14
basal_ojos_cerrados,Fp1,372.5,1.469169386549571e-14
basal_ojos_cerrados,Fp1,373.0,1.452611865141999e-14
basal_ojos_cerrados,Fp1,373.5,1.4362269553841252e-14
basal_ojos_cerrados,Fp1,374.0,1.4197220674854756e-14
basal_ojos_cerrados,Fp1,374.5,1.403691638814042e-14
basal_ojos_cerrados,Fp1,375.0,1.3877305013528741e-14
basal_ojos_cerrados,Fp1,375.5,1.3718908565914282e-14
basal_ojos_cerrados,Fp1,376.0,1.3561969827116066e-14
basal_ojos_cerrados,Fp1,376.5,1.340742712981142e-14
basal_ojos_cerrados,Fp1,377.0,1.3253228161674065e-14
basal_ojos_cerrados,Fp1,377.5,1.3101400291026091e-14
basal_ojos_cerrados,Fp1,378.0,1.2951185509981753e-14
basal_ojos_cerrados,Fp1,378.5,1.2802189285455375e-14
basal_ojos_cerrados,Fp1,379.0,1.265486906153544e-14
basal_ojos_cerrados,Fp1,379.5,1.2508841321082512e-14
basal_ojos_cerrados,Fp1,380.0,1.236408612992545e-14
basal_ojos_cerrados,Fp1,380.5,1.2221298372785074e-14
basal_ojos_cerrados,Fp1,381.0,1.2079681758836395e-14
basal_ojos_cerrados,Fp1,381.5,1.1939708342664164e-14
basal_ojos_cerrados,Fp1,382.0,1.180050693091894e-14
basal_ojos_cerrados,Fp1,382.5,1.1663735418022003e-14
basal_ojos_cerrados,Fp1,383.0,1.1527097801222948e-14
basal_ojos_cerrados,Fp1,383.5,1.1392863382105414e-14
basal_ojos_cerrados,Fp1,384.0,1.1259160642081653e-14
basal_ojos_cerrados,Fp1,384.5,1.112769655319891e-14
basal_ojos_cerrados,Fp1,385.0,1.0996732480774315e-14
basal_ojos_cerrados,Fp1,385.5,1.0867185734256563e-14
basal_ojos_cerrados,Fp1,386.0,1.0739509029169711e-14
basal_ojos_cerrados,Fp1,386.5,1.0612453245930607e-14
basal_ojos_cerrados,Fp1,387.0,1.0487332849470714e-14
basal_ojos_cerrados,Fp1,387.5,1.0362684353920223e-14
basal_ojos_cerrados,Fp1,388.0,1.023995909815081e-14
basal_ojos_cerrados,Fp1,388.5,1.0117829830221364e-14
basal_ojos_cerrados,Fp1,389.0,9.997704449166472e-15
basal_ojos_cerrados,Fp1,389.5,9.877525850526147e-15
basal_ojos_cerrados,Fp1,390.0,9.760247628831822e-15
basal_ojos_cerrados,Fp1,390.5,9.642846190138701e-15
basal_ojos_cerrados,Fp1,391.0,9.526885850876598e-15
basal_ojos_cerrados,Fp1,391.5,9.412395436714508e-15
basal_ojos_cerrados,Fp1,392.0,9.298635783293426e-15
basal_ojos_cerrados,Fp1,392.5,9.186306317337508e-15
basal_ojos_cerrados,Fp1,393.0,9.075289595607473e-15
basal_ojos_cerrados,Fp1,393.5,8.964733910462754e-15
basal_ojos_cerrados,Fp1,394.0,8.855775123913454e-15
basal_ojos_cerrados,Fp1,394.5,8.747699227560894e-15
basal_ojos_cerrados,Fp1,395.0,8.640777577777363e-15
basal_ojos_cerrados,Fp1,395.5,8.535036022680126e-15
basal_ojos_cerrados,Fp1,396.0,8.430034387804425e-15
basal_ojos_cerrados,Fp1,396.5,8.326402978025364e-15
basal_ojos_cerrados,Fp1,397.0,8.223572529928282e-15
basal_ojos_cerrados,Fp1,397.5,8.121960947932392e-15
basal_ojos_cerrados,Fp1,398.0,8.021167575296827e-15
basal_ojos_cerrados,Fp1,398.5,7.921476720300708e-15
basal_ojos_cerrados,Fp1,399.0,7.822751771576925e-15
basal_ojos_cerrados,Fp1,399.5,7.72505145958051e-15
basal_ojos_cerrados,Fp1,400.0,7.628290188283746e-15
basal_ojos_cerrados,Fp1,400.5,7.532564741243252e-15
basal_ojos_cerrados,Fp1,401.0,7.437645981181998e-15
basal_ojos_cerrados,Fp1,401.5,7.343796127357295e-15
basal_ojos_cerrados,Fp1,402.0,7.250783036924632e-15
basal_ojos_cerrados,Fp1,402.5,7.15882318225885e-15
basal_ojos_cerrados,Fp1,403.0,7.067711863972047e-15
basal_ojos_cerrados,Fp1,403.5,6.977499381447799e-15
basal_ojos_cerrados,Fp1,404.0,6.888182619622835e-15
basal_ojos_cerrados,Fp1,404.5,6.79976252818489e-15
basal_ojos_cerrados,Fp1,405.0,6.712325099271495e-15
basal_ojos_cerrados,Fp1,405.5,6.6256044733680205e-15
basal_ojos_cerrados,Fp1,406.0,6.539812524663401e-15
basal_ojos_cerrados,Fp1,406.5,6.454898027110094e-15
basal_ojos_cerrados,Fp1,407.0,6.370857053273459e-15
basal_ojos_cerrados,Fp1,407.5,6.28764627158013e-15
basal_ojos_cerrados,Fp1,408.0,6.205197942661446e-15
basal_ojos_cerrados,Fp1,408.5,6.123622182916965e-15
basal_ojos_cerrados,Fp1,409.0,6.042906409029675e-15
basal_ojos_cerrados,Fp1,409.5,5.962929837720885e-15
basal_ojos_cerrados,Fp1,410.0,5.8838204863287464e-15
basal_ojos_cerrados,Fp1,410.5,5.8054660168877836e-15
basal_ojos_cerrados,Fp1,411.0,5.72792694615878e-15
basal_ojos_cerrados,Fp1,411.5,5.651120492342211e-15
basal_ojos_cerrados,Fp1,412.0,5.575158214986548e-15
basal_ojos_cerrados,Fp1,412.5,5.4999014762645194e-15
basal_ojos_cerrados,Fp1,413.0,5.425440037217744e-15
basal_ojos_cerrados,Fp1,413.5,5.351720893673094e-15
basal_ojos_cerrados,Fp1,414.0,5.278744386883379e-15
basal_ojos_cerrados,Fp1,414.5,5.206493542896293e-15
basal_ojos_cerrados,Fp1,415.0,5.13502749375919e-15
basal_ojos_cerrados,Fp1,415.5,5.064203534903464e-15
basal_ojos_cerrados,Fp1,416.0,4.994197498497209e-15
basal_ojos_cerrados,Fp1,416.5,4.924806718023301e-15
basal_ojos_cerrados,Fp1,417.0,4.856192601355909e-15
basal_ojos_cerrados,Fp1,417.5,4.788240039309237e-15
basal_ojos_cerrados,Fp1,418.0,4.721002754254497e-15
basal_ojos_cerrados,Fp1,418.5,4.6544392312036165e-15
basal_ojos_cerrados,Fp1,419.0,4.588562864497507e-15
basal_ojos_cerrados,Fp1,419.5,4.523360376951801e-15
basal_ojos_cerrados,Fp1,420.0,4.458827708872351e-15
basal_ojos_cerrados,Fp1,420.5,4.394958158972079e-15
basal_ojos_cerrados,Fp1,421.0,4.331740715200715e-15
basal_ojos_cerrados,Fp1,421.5,4.269181566186537e-15
basal_ojos_cerrados,Fp1,422.0,4.2072696180171235e-15
basal_ojos_cerrados,Fp1,422.5,4.14599013083658e-15
basal_ojos_cerrados,Fp1,423.0,4.085353575335027e-15
basal_ojos_cerrados,Fp1,423.5,4.025341377933652e-15
basal_ojos_cerrados,Fp1,424.0,3.9659589523049644e-15
basal_ojos_cerrados,Fp1,424.5,3.9071848950534276e-15
basal_ojos_cerrados,Fp1,425.0,3.849028145647815e-15
basal_ojos_cerrados,Fp1,425.5,3.791487668365434e-15
basal_ojos_cerrados,Fp1,426.0,3.7345389790880905e-15
basal_ojos_cerrados,Fp1,426.5,3.678191914508708e-15
basal_ojos_cerrados,Fp1,427.0,3.622439775654415e-15
basal_ojos_cerrados,Fp1,427.5,3.567270242783959e-15
basal_ojos_cerrados,Fp1,428.0,3.512693337851435e-15
basal_ojos_cerrados,Fp1,428.5,3.4586787944555785e-15
basal_ojos_cerrados,Fp1,429.0,3.4052495880074142e-15
basal_ojos_cerrados,Fp1,429.5,3.352386201341775e-15
basal_ojos_cerrados,Fp1,430.0,3.3000833108673715e-15
basal_ojos_cerrados,Fp1,430.5,3.248340877534573e-15
basal_ojos_cerrados,Fp1,431.0,3.1971521705911727e-15
basal_ojos_cerrados,Fp1,431.5,3.146515226224459e-15
basal_ojos_cerrados,Fp1,432.0,3.0964236961497703e-15
basal_ojos_cerrados,Fp1,432.5,3.0468673290592793e-15
basal_ojos_cerrados,Fp1,433.0,2.997857152071184e-15
basal_ojos_cerrados,Fp1,433.5,2.9493705437619597e-15
basal_ojos_cerrados,Fp1,434.0,2.901416342945892e-15
basal_ojos_cerrados,Fp1,434.5,2.8539857140786413e-15
basal_ojos_cerrados,Fp1,435.0,2.8070728748073704e-15
basal_ojos_cerrados,Fp1,435.5,2.7606763955418094e-15
basal_ojos_cerrados,Fp1,436.0,2.7147921337137135e-15
basal_ojos_cerrados,Fp1,436.5,2.6694146725310307e-15
basal_ojos_cerrados,Fp1,437.0,2.624540419877339e-15
basal_ojos_cerrados,Fp1,437.5,2.580166844063144e-15
basal_ojos_cerrados,Fp1,438.0,2.5362875932793e-15
basal_ojos_cerrados,Fp1,438.5,2.492900925077424e-15
basal_ojos_cerrados,Fp1,439.0,2.450002734289604e-15
basal_ojos_cerrados,Fp1,439.5,2.4075886094179922e-15
basal_ojos_cerrados,Fp1,440.0,2.3656551619315208e-15
basal_ojos_cerrados,Fp1,440.5,2.32419933425792e-15
basal_ojos_cerrados,Fp1,441.0,2.2832168668237883e-15
basal_ojos_cerrados,Fp1,441.5,2.2427040764101705e-15
basal_ojos_cerrados,Fp1,442.0,2.202658791786057e-15
basal_ojos_cerrados,Fp1,442.5,2.1630758591191153e-15
basal_ojos_cerrados,Fp1,443.0,2.1239528489893055e-15
basal_ojos_cerrados,Fp1,443.5,2.0852858367630465e-15
basal_ojos_cerrados,Fp1,444.0,2.047073092059549e-15
basal_ojos_cerrados,Fp1,444.5,2.009308781750354e-15
basal_ojos_cerrados,Fp1,445.0,1.9719923057434843e-15
basal_ojos_cerrados,Fp1,445.5,1.9351181823819987e-15
basal_ojos_cerrados,Fp1,446.0,1.898684796179966e-15
basal_ojos_cerrados,Fp1,446.5,1.8626886335100577e-15
basal_ojos_cerrados,Fp1,447.0,1.8271264989668107e-15
basal_ojos_cerrados,Fp1,447.5,1.7919953440840678e-15
basal_ojos_cerrados,Fp1,448.0,1.757292510771215e-15
basal_ojos_cerrados,Fp1,448.5,1.7230146011862128e-15
basal_ojos_cerrados,Fp1,449.0,1.6891591432225834e-15
basal_ojos_cerrados,Fp1,449.5,1.6557230640087827e-15
basal_ojos_cerrados,Fp1,450.0,1.622703556511759e-15
basal_ojos_cerrados,Fp1,450.5,1.5900976979278892e-15
basal_ojos_cerrados,Fp1,451.0,1.5579030548186377e-15
basal_ojos_cerrados,Fp1,451.5,1.5261167515323702e-15
basal_ojos_cerrados,Fp1,452.0,1.4947360738736382e-15
basal_ojos_cerrados,Fp1,452.5,1.4637585024538666e-15
basal_ojos_cerrados,Fp1,453.0,1.433181295815116e-15
basal_ojos_cerrados,Fp1,453.5,1.4030020106913486e-15
basal_ojos_cerrados,Fp1,454.0,1.3732180145417202e-15
basal_ojos_cerrados,Fp1,454.5,1.3438269154774803e-15
basal_ojos_cerrados,Fp1,455.0,1.3148263826276475e-15
basal_ojos_cerrados,Fp1,455.5,1.2862135224548709e-15
basal_ojos_cerrados,Fp1,456.0,1.2579865142532556e-15
basal_ojos_cerrados,Fp1,456.5,1.2301425849123083e-15
basal_ojos_cerrados,Fp1,457.0,1.2026797287249605e-15
basal_ojos_cerrados,Fp1,457.5,1.175595396641036e-15
basal_ojos_cerrados,Fp1,458.0,1.1488875665217648e-15
basal_ojos_cerrados,Fp1,458.5,1.1225538909422148e-15
basal_ojos_cerrados,Fp1,459.0,1.0965921986260381e-15
basal_ojos_cerrados,Fp1,459.5,1.0710003031080587e-15
basal_ojos_cerrados,Fp1,460.0,1.0457761903928067e-15
basal_ojos_cerrados,Fp1,460.5,1.0209177489943278e-15
basal_ojos_cerrados,Fp1,461.0,9.964228662757356e-16
basal_ojos_cerrados,Fp1,461.5,9.722895575228205e-16
basal_ojos_cerrados,Fp1,462.0,9.48515801429802e-16
basal_ojos_cerrados,Fp1,462.5,9.250997200300967e-16
basal_ojos_cerrados,Fp1,463.0,9.02039302303233e-16
basal_ojos_cerrados,Fp1,463.5,8.793326550030298e-16
basal_ojos_cerrados,Fp1,464.0,8.569779955453044e-16
basal_ojos_cerrados,Fp1,464.5,8.349733601527452e-16
basal_ojos_cerrados,Fp1,465.0,8.133170686646838e-16
basal_ojos_cerrados,Fp1,465.5,7.920072813809794e-16
basal_ojos_cerrados,Fp1,466.0,7.710422463308227e-16
basal_ojos_cerrados,Fp1,466.5,7.504202593584349e-16
basal_ojos_cerrados,Fp1,467.0,7.301396411618436e-16
basal_ojos_cerrados,Fp1,467.5,7.1019871427877575e-16
basal_ojos_cerrados,Fp1,468.0,6.905958973319401e-16
basal_ojos_cerrados,Fp1,468.5,6.713295143509413e-16
basal_ojos_cerrados,Fp1,469.0,6.523980602728777e-16
basal_ojos_cerrados,Fp1,469.5,6.337999738458044e-16
basal_ojos_cerrados,Fp1,470.0,6.155337149707307e-16
basal_ojos_cerrados,Fp1,470.5,5.975978243313389e-16
basal_ojos_cerrados,Fp1,471.0,5.799908250629975e-16
basal_ojos_cerrados,Fp1,471.5,5.627112965957609e-16
basal_ojos_cerrados,Fp1,472.0,5.457578098213329e-16
basal_ojos_cerrados,Fp1,472.5,5.29129061545042e-16
basal_ojos_cerrados,Fp1,473.0,5.128236179993526e-16
basal_ojos_cerrados,Fp1,473.5,4.968401888358572e-16
basal_ojos_cerrados,Fp1,474.0,4.811774834133987e-16
basal_ojos_cerrados,Fp1,474.5,4.658342483297115e-16
basal_ojos_cerrados,Fp1,475.0,4.508092238212873e-16
basal_ojos_cerrados,Fp1,475.5,4.361011838995758e-16
basal_ojos_cerrados,Fp1,476.0,4.217089429069216e-16
basal_ojos_cerrados,Fp1,476.5,4.0763136225572555e-16
basal_ojos_cerrados,Fp1,477.0,3.938672689271689e-16
basal_ojos_cerrados,Fp1,477.5,3.804155718757451e-16
basal_ojos_cerrados,Fp1,478.0,3.6727519436068227e-16
basal_ojos_cerrados,Fp1,478.5,3.544450612371228e-16
basal_ojos_cerrados,Fp1,479.0,3.41924134443807e-16
basal_ojos_cerrados,Fp1,479.5,3.2971143072774023e-16
basal_ojos_cerrados,Fp1,480.0,3.1780594281660407e-16
basal_ojos_cerrados,Fp1,480.5,3.062067126071431e-16
basal_ojos_cerrados,Fp1,481.0,2.9491282308195135e-16
basal_ojos_cerrados,Fp1,481.5,2.8392335608177613e-16
basal_ojos_cerrados,Fp1,482.0,2.7323743133186695e-16
basal_ojos_cerrados,Fp1,482.5,2.628541884852711e-16
basal_ojos_cerrados,Fp1,483.0,2.5277278412978116e-16
basal_ojos_cerrados,Fp1,483.5,2.429924308989308e-16
basal_ojos_cerrados,Fp1,484.0,2.335123181125273e-16
basal_ojos_cerrados,Fp1,484.5,2.2433171235739744e-16
basal_ojos_cerrados,Fp1,485.0,2.1544985006597447e-16
basal_ojos_cerrados,Fp1,485.5,2.0686604225763976e-16
basal_ojos_cerrados,Fp1,486.0,1.9857959126770597e-16
basal_ojos_cerrados,Fp1,486.5,1.9058982380753992e-16
basal_ojos_cerrados,Fp1,487.0,1.8289612535754995e-16
basal_ojos_cerrados,Fp1,487.5,1.754978479647039e-16
basal_ojos_cerrados,Fp1,488.0,1.68394424667177e-16
basal_ojos_cerrados,Fp1,488.5,1.6158527040667643e-16
basal_ojos_cerrados,Fp1,489.0,1.5506983791463232e-16
basal_ojos_cerrados,Fp1,489.5,1.4884764038204681e-16
basal_ojos_cerrados,Fp1,490.0,1.4291814491812822e-16
basal_ojos_cerrados,Fp1,490.5,1.3728088328513598e-16
basal_ojos_cerrados,Fp1,491.0,1.3193542502278984e-16
basal_ojos_cerrados,Fp1,491.5,1.26881314819066e-16
basal_ojos_cerrados,Fp1,492.0,1.2211816984474097e-16
basal_ojos_cerrados,Fp1,492.5,1.1764559850826753e-16
basal_ojos_cerrados,Fp1,493.0,1.1346324511962117e-16
basal_ojos_cerrados,Fp1,493.5,1.0957078245207483e-16
basal_ojos_cerrados,Fp1,494.0,1.0596789106262722e-16
basal_ojos_cerrados,Fp1,494.5,1.0265429720180521e-16
basal_ojos_cerrados,Fp1,495.0,9.962971174080065e-17
basal_ojos_cerrados,Fp1,495.5,9.689391708189656e-17
basal_ojos_cerrados,Fp1,496.0,9.444668170237731e-17
basal_ojos_cerrados,Fp1,496.5,9.228782656190386e-17
basal_ojos_cerrados,Fp1,497.0,9.04171579571262e-17
basal_ojos_cerrados,Fp1,497.5,8.883453165423561e-17
basal_ojos_cerrados,Fp1,498.0,8.753983819672928e-17
basal_ojos_cerrados,Fp1,498.5,8.653295532303769e-17
basal_ojos_cerrados,Fp1,499.0,8.581383049230283e-17
basal_ojos_cerrados,Fp1,499.5,8.538234802472954e-17
basal_ojos_cerrados,Fp1,500.0,4.261926526810141e-17
basal_ojos_cerrados,Fp2,0.0,329.59655364295423
basal_ojos_cerrados,Fp2,0.5,2413.8341269856846
basal_ojos_cerrados,Fp2,1.0,13144.747123502637
basal_ojos_cerrados,Fp2,1.5,12780.932705351945
basal_ojos_cerrados,Fp2,2.0,5207.924901046798
basal_ojos_cerrados,Fp2,2.5,4188.505521913756
basal_ojos_cerrados,Fp2,3.0,2890.84865402659
basal_ojos_cerrados,Fp2,3.5,1921.4913351202972
basal_ojos_cerrados,Fp2,4.0,1073.2643439721885
basal_ojos_cerrados,Fp2,4.5,853.5238154723405
basal_ojos_cerrados,Fp2,5.0,967.3531084079744
basal_ojos_cerrados,Fp2,5.5,725.1752592993556
basal_ojos_cerrados,Fp2,6.0,585.5818235263561
basal_ojos_cerrados,Fp2,6.5,592.9854188065243
basal_ojos_cerrados,Fp2,7.0,658.9514340956089
basal_ojos_cerrados,Fp2,7.5,844.010751366336
basal_ojos_cerrados,Fp2,8.0,834.3092788544128
basal_ojos_cerrados,Fp2,8.5,732.8466374152898
basal_ojos_cerrados,Fp2,9.0,719.1751836136053
basal_ojos_cerrados,Fp2,9.5,719.5857104634207
basal_ojos_cerrados,Fp2,10.0,420.86775942054834
basal_ojos_cerrados,Fp2,10.5,267.71845190220233
basal_ojos_cerrados,Fp2,11.0,367.5353191015561
basal_ojos_cerrados,Fp2,11.5,384.82527479987573
basal_ojos_cerrados,Fp2,12.0,398.0540920658568
basal_ojos_cerrados,Fp2,12.5,341.840456155148
basal_ojos_cerrados,Fp2,13.0,297.3881514428608
basal_ojos_cerrados,Fp2,13.5,325.87525275943017
basal_ojos_cerrados,Fp2,14.0,385.5470037904934
basal_ojos_cerrados,Fp2,14.5,258.26305814733036
basal_ojos_cerrados,Fp2,15.0,285.1828844819175
basal_ojos_cerrados,Fp2,15.5,317.01956976020165
basal_ojos_cerrados,Fp2,16.0,348.0989829521553
basal_ojos_cerrados,Fp2,16.5,263.34160851885565
basal_ojos_cerrados,Fp2,17.0,231.8574306032349
basal_ojos_cerrados,Fp2,17.5,212.99150760789246
basal_ojos_cerrados,Fp2,18.0,259.8453164054464
basal_ojos_cerrados,Fp2,18.5,315.70071596533603
basal_ojos_cerrados,Fp2,19.0,287.06813169968945
basal_ojos_cerrados,Fp2,19.5,298.3796723834707
basal_ojos_cerrados,Fp2,20.0,261.41031888025447
basal_ojos_cerrados,Fp2,20.5,225.4413315768088
basal_ojos_cerrados,Fp2,21.0,222.7414920670013
basal_ojos_cerrados,Fp2,21.5,217.28146977765
basal_ojos_cerrados,Fp2,22.0,162.45994589162424
basal_ojos_cerrados,Fp2,22.5,181.42086581988346
basal_ojos_cerrados,Fp2,23.0,184.6992024511518
basal_ojos_cerrados,Fp2,23.5,201.4813038198679
basal_ojos_cerrados,Fp2,24.0,176.73008084375115
basal_ojos_cerrados,Fp2,24.5,183.1772250934358
basal_ojos_cerrados,Fp2,25.0,187.37636801153297
basal_ojos_cerrados,Fp2,25.5,134.55266389247936
basal_ojos_cerrados,Fp2,26.0,145.57766823089707
basal_ojos_cerrados,Fp2,26.5,158.88618730678652
basal_ojos_cerrados,Fp2,27.0,167.74261929567234
basal_ojos_cerrados,Fp2,27.5,173.9919203788448
basal_ojos_cerrados,Fp2,28.0,175.97289950958134
basal_ojos_cerrados,Fp2,28.5,141.87749347714066
basal_ojos_cerrados,Fp2,29.0,146.4620485122407
basal_ojos_cerrados,Fp2,29.5,131.99471806036655
basal_ojos_cerrados,Fp2,30.0,121.95057969886224
basal_ojos_cerrados,Fp2,30.5,163.2174248025569
basal_ojos_cerrados,Fp2,31.0,136.36819920241922
basal_ojos_cerrados,Fp2,31.5,127.82847902946239
basal_ojos_cerrados,Fp2,32.0,150.42942741977302
basal_ojos_cerrados,Fp2,32.5,148.8473288716344
basal_ojos_cerrados,Fp2,33.0,134.15568508622445
basal_ojos_cerrados,Fp2,33.5,140.39869613784563
basal_ojos_cerrados,Fp2,34.0,140.27189529464826
basal_ojos_cerrados,Fp2,34.5,126.34062056081518
basal_ojos_cerrados,Fp2,35.0,103.82039788599668
basal_ojos_cerrados,Fp2,35.5,88.14117784893422
basal_ojos_cerrados,Fp2,36.0,89.49004051350165
basal_ojos_cerrados,Fp2,36.5,99.82263418629299
basal_ojos_cerrados,Fp2,37.0,106.18820500258026
basal_ojos_cerrados,Fp2,37.5,95.09213557034425
basal_ojos_cerrados,Fp2,38.0,92.40298886543795
basal_ojos_cerrados,Fp2,38.5,93.48558747217551
basal_ojos_cerrados,Fp2,39.0,74.33075339009544
basal_ojos_cerrados,Fp2,39.5,73.0799577154444
basal_ojos_cerrados,Fp2,40.0,79.25135561251248
basal_ojos_cerrados,Fp2,40.5,60.2504119969439
basal_ojos_cerrados,Fp2,41.0,56.92152041777378
basal_ojos_cerrados,Fp2,41.5,54.79157798437806
basal_ojos_cerrados,Fp2,42.0,50.33185207948096
basal_ojos_cerrados,Fp2,42.5,45.91468679484153
basal_ojos_cerrados,Fp2,43.0,52.623629995608034
basal_ojos_cerrados,Fp2,43.5,46.65556265867513
basal_ojos_cerrados,Fp2,44.0,39.37440354809451
basal_ojos_cerrados,Fp2,44.5,36.220465278598766
basal_ojos_cerrados,Fp2,45.0,37.56751803980912
basal_ojos_cerrados,Fp2,45.5,30.973205566719272
basal_ojos_cerrados,Fp2,46.0,33.402054994519354
basal_ojos_cerrados,Fp2,46.5,29.10123434911514
basal_ojos_cerrados,Fp2,47.0,22.165491082489453
basal_ojos_cerrados,Fp2,47.5,18.4268540474442
basal_ojos_cerrados,Fp2,48.0,16.19355146068947
basal_ojos_cerrados,Fp2,48.5,16.337387292330796
basal_ojos_cerrados,Fp2,49.0,14.63145786602908
basal_ojos_cerrados,Fp2,49.5,13.542541751107214
basal_ojos_cerrados,Fp2,50.0,12.831827510747916
basal_ojos_cerrados,Fp2,50.5,9.858275453081868
basal_ojos_cerrados,Fp2,51.0,7.797733730805438
basal_ojos_cerrados,Fp2,51.5,8.096717460888662
basal_ojos_cerrados,Fp2,52.0,6.224646891855351
basal_ojos_cerrados,Fp2,52.5,4.912757108117464
basal_ojos_cerrados,Fp2,53.0,5.811645810850548
basal_ojos_cerrados,Fp2,53.5,5.512247633315591
basal_ojos_cerrados,Fp2,54.0,4.76819938521357
basal_ojos_cerrados,Fp2,54.5,3.6972395604485038
basal_ojos_cerrados,Fp2,55.0,2.655530302501915
basal_ojos_cerrados,Fp2,55.5,2.333986048610942
basal_ojos_cerrados,Fp2,56.0,2.6396596736945424
basal_ojos_cerrados,Fp2,56.5,2.3121217175904083
basal_ojos_cerrados,Fp2,57.0,1.5433804935719078
basal_ojos_cerrados,Fp2,57.5,1.449843831014214
basal_ojos_cerrados,Fp2,58.0,1.3325766450715026
basal_ojos_cerrados,Fp2,58.5,1.217013456330361
basal_ojos_cerrados,Fp2,59.0,1.1444496962219621
basal_ojos_cerrados,Fp2,59.5,0.940200310590581
basal_ojos_cerrados,Fp2,60.0,0.8138419634087837
basal_ojos_cerrados,Fp2,60.5,0.6731266390287819
basal_ojos_cerrados,Fp2,61.0,0.4711084795091282
basal_ojos_cerrados,Fp2,61.5,0.45366964075909744
basal_ojos_cerrados,Fp2,62.0,0.38689801109674515
basal_ojos_cerrados,Fp2,62.5,0.32225624271480147
basal_ojos_cerrados,Fp2,63.0,0.30967527937587347
basal_ojos_cerrados,Fp2,63.5,0.23768987224090996
basal_ojos_cerrados,Fp2,64.0,0.23465753330296743
basal_ojos_cerrados,Fp2,64.5,0.21581865588424212
basal_ojos_cerrados,Fp2,65.0,0.16046892595968884
basal_ojos_cerrados,Fp2,65.5,0.1834600434605078
basal_ojos_cerrados,Fp2,66.0,0.1386616633480663
basal_ojos_cerrados,Fp2,66.5,0.10329625181813962
basal_ojos_cerrados,Fp2,67.0,0.1010084594697997
basal_ojos_cerrados,Fp2,67.5,0.0733902589965254
basal_ojos_cerrados,Fp2,68.0,0.06398559406303778
basal_ojos_cerrados,Fp2,68.5,0.06870817825407684
basal_ojos_cerrados,Fp2,69.0,0.06564588092201311
basal_ojos_cerrados,Fp2,69.5,0.05232584512059997
basal_ojos_cerrados,Fp2,70.0,0.04531969335430302
basal_ojos_cerrados,Fp2,70.5,0.040319789643803165
basal_ojos_cerrados,Fp2,71.0,0.034118580250297
basal_ojos_cerrados,Fp2,71.5,0.02331573488646268
basal_ojos_cerrados,Fp2,72.0,0.023375748541885188
basal_ojos_cerrados,Fp2,72.5,0.025971245076281586
basal_ojos_cerrados,Fp2,73.0,0.020634210759729897
basal_ojos_cerrados,Fp2,73.5,0.016992275219952595
basal_ojos_cerrados,Fp2,74.0,0.013058158834719441
basal_ojos_cerrados,Fp2,74.5,0.013351919879911885
basal_ojos_cerrados,Fp2,75.0,0.012560757946694336
basal_ojos_cerrados,Fp2,75.5,0.010400127535784629
basal_ojos_cerrados,Fp2,76.0,0.008330768332120852
basal_ojos_cerrados,Fp2,76.5,0.007572784796669954
basal_ojos_cerrados,Fp2,77.0,0.005836286467864084
basal_ojos_cerrados,Fp2,77.5,0.005074543500488863
basal_ojos_cerrados,Fp2,78.0,0.005052960670474107
basal_ojos_cerrados,Fp2,78.5,0.004181601652165081
basal_ojos_cerrados,Fp2,79.0,0.0036788291885455253
basal_ojos_cerrados,Fp2,79.5,0.0035736024820084557
basal_ojos_cerrados,Fp2,80.0,0.0031778033139408493
basal_ojos_cerrados,Fp2,80.5,0.0028956525109039098
basal_ojos_cerrados,Fp2,81.0,0.0021535707559593538
basal_ojos_cerrados,Fp2,81.5,0.002115257694614031
basal_ojos_cerrados,Fp2,82.0,0.0022593771882880747
basal_ojos_cerrados,Fp2,82.5,0.0019596816111469243
basal_ojos_cerrados,Fp2,83.0,0.0015637354390149356
basal_ojos_cerrados,Fp2,83.5,0.0016810311470697662
basal_ojos_cerrados,Fp2,84.0,0.0015447455595091085
basal_ojos_cerrados,Fp2,84.5,0.0010691055386073177
basal_ojos_cerrados,Fp2,85.0,0.0009231510469705866
basal_ojos_cerrados,Fp2,85.5,0.0007635293550328866
basal_ojos_cerrados,Fp2,86.0,0.0007777206077232184
basal_ojos_cerrados,Fp2,86.5,0.0008183660393788968
basal_ojos_cerrados,Fp2,87.0,0.0007253456777201782
basal_ojos_cerrados,Fp2,87.5,0.000706006626001064
basal_ojos_cerrados,Fp2,88.0,0.0005576980936517594
basal_ojos_cerrados,Fp2,88.5,0.00043526798816819634
basal_ojos_cerrados,Fp2,89.0,0.00040709985067290117
basal_ojos_cerrados,Fp2,89.5,0.00036064956044803905
basal_ojos_cerrados,Fp2,90.0,0.0002983985224196946
basal_ojos_cerrados,Fp2,90.5,0.0001939927878179023
basal_ojos_cerrados,Fp2,91.0,0.00023541731850868308
basal_ojos_cerrados,Fp2,91.5,0.00023774142711986275
basal_ojos_cerrados,Fp2,92.0,0.00018241280124171386
basal_ojos_cerrados,Fp2,92.5,0.00014163054914375533
basal_ojos_cerrados,Fp2,93.0,0.00013267972391602922
basal_ojos_cerrados,Fp2,93.5,0.00015416391492465616
basal_ojos_cerrados,Fp2,94.0,0.00013222076998987568
basal_ojos_cerrados,Fp2,94.5,0.00010348168298058499
basal_ojos_cerrados,Fp2,95.0,9.871779948426806e-05
basal_ojos_cerrados,Fp2,95.5,9.090397180996714e-05
basal_ojos_cerrados,Fp2,96.0,8.550973767733568e-05
basal_ojos_cerrados,Fp2,96.5,8.556041394185681e-05
basal_ojos_cerrados,Fp2,97.0,7.467715321258638e-05
basal_ojos_cerrados,Fp2,97.5,6.166493412783063e-05
basal_ojos_cerrados,Fp2,98.0,5.124656936300467e-05
basal_ojos_cerrados,Fp2,98.5,4.827450811249383e-05
basal_ojos_cerrados,Fp2,99.0,4.7168524144872625e-05
basal_ojos_cerrados,Fp2,99.5,4.86173083535973e-05
basal_ojos_cerrados,Fp2,100.0,4.0215922659076617e-05
basal_ojos_cerrados,Fp2,100.5,3.581756579755006e-05
basal_ojos_cerrados,Fp2,101.0,3.2263118933199504e-05
basal_ojos_cerrados,Fp2,101.5,2.740146362374559e-05
basal_ojos_cerrados,Fp2,102.0,2.535041350353327e-05
basal_ojos_cerrados,Fp2,102.5,2.3547195550980465e-05
basal_ojos_cerrados,Fp2,103.0,2.0833630484369518e-05
basal_ojos_cerrados,Fp2,103.5,2.2425879803912764e-05
basal_ojos_cerrados,Fp2,104.0,1.602877975530188e-05
basal_ojos_cerrados,Fp2,104.5,1.3308256432738083e-05
basal_ojos_cerrados,Fp2,105.0,1.6163833778624306e-05
basal_ojos_cerrados,Fp2,105.5,1.6706355841727353e-05
basal_ojos_cerrados,Fp2,106.0,1.2285589299462998e-05
basal_ojos_cerrados,Fp2,106.5,1.1251768618781965e-05
basal_ojos_cerrados,Fp2,107.0,1.022041985505827e-05
basal_ojos_cerrados,Fp2,107.5,9.868048906749555e-06
basal_ojos_cerrados,Fp2,108.0,7.965221788513774e-06
basal_ojos_cerrados,Fp2,108.5,6.401138725645403e-06
basal_ojos_cerrados,Fp2,109.0,7.855426466112106e-06
basal_ojos_cerrados,Fp2,109.5,7.46391252332081e-06
basal_ojos_cerrados,Fp2,110.0,5.873127103744929e-06
basal_ojos_cerrados,Fp2,110.5,4.102217662007575e-06
basal_ojos_cerrados,Fp2,111.0,4.024379163096029e-06
basal_ojos_cerrados,Fp2,111.5,4.101910154689465e-06
basal_ojos_cerrados,Fp2,112.0,3.307440755561241e-06
basal_ojos_cerrados,Fp2,112.5,2.918607941929296e-06
basal_ojos_cerrados,Fp2,113.0,2.7635429991155113e-06
basal_ojos_cerrados,Fp2,113.5,3.1476591655909147e-06
basal_ojos_cerrados,Fp2,114.0,2.744358055550729e-06
basal_ojos_cerrados,Fp2,114.5,2.449857542763394e-06
basal_ojos_cerrados,Fp2,115.0,2.307913246871018e-06
basal_ojos_cerrados,Fp2,115.5,2.3113867765203792e-06
basal_ojos_cerrados,Fp2,116.0,2.1436429670729874e-06
basal_ojos_cerrados,Fp2,116.5,1.8256560319917297e-06
basal_ojos_cerrados,Fp2,117.0,1.774733605657837e-06
basal_ojos_cerrados,Fp2,117.5,1.5052965657148665e-06
basal_ojos_cerrados,Fp2,118.0,9.620839972229703e-07
basal_ojos_cerrados,Fp2,118.5,1.0301579094184057e-06
basal_ojos_cerrados,Fp2,119.0,1.149466444148463e-06
basal_ojos_cerrados,Fp2,119.5,1.0701811743976265e-06
basal_ojos_cerrados,Fp2,120.0,9.213752354113253e-07
basal_ojos_cerrados,Fp2,120.5,8.289148285291966e-07
basal_ojos_cerrados,Fp2,121.0,7.922603959178167e-07
basal_ojos_cerrados,Fp2,121.5,7.746526912650061e-07
basal_ojos_cerrados,Fp2,122.0,7.127858275083705e-07
basal_ojos_cerrados,Fp2,122.5,5.602277661643666e-07
basal_ojos_cerrados,Fp2,123.0,5.437751755986977e-07
basal_ojos_cerrados,Fp2,123.5,4.619754510750424e-07
basal_ojos_cerrados,Fp2,124.0,5.482316680243221e-07
basal_ojos_cerrados,Fp2,124.5,5.202972945474738e-07
basal_ojos_cerrados,Fp2,125.0,4.200379227895449e-07
basal_ojos_cerrados,Fp2,125.5,3.8544896701171845e-07
basal_ojos_cerrados,Fp2,126.0,3.7940863759556084e-07
basal_ojos_cerrados,Fp2,126.5,3.4187931833594354e-07
basal_ojos_cerrados,Fp2,127.0,2.7128445162142633e-07
basal_ojos_cerrados,Fp2,127.5,2.432808797280043e-07
basal_ojos_cerrados,Fp2,128.0,2.3354921164407305e-07
basal_ojos_cerrados,Fp2,128.5,2.621502853310655e-07
basal_ojos_cerrados,Fp2,129.0,2.5149649722559314e-07
basal_ojos_cerrados,Fp2,129.5,1.9664120283582015e-07
basal_ojos_cerrados,Fp2,130.0,1.8997569515648326e-07
basal_ojos_cerrados,Fp2,130.5,1.5510976234094829e-07
basal_ojos_cerrados,Fp2,131.0,1.475000298126578e-07
basal_ojos_cerrados,Fp2,131.5,1.027324218323103e-07
basal_ojos_cerrados,Fp2,132.0,8.681397076531368e-08
basal_ojos_cerrados,Fp2,132.5,1.0246797643230037e-07
basal_ojos_cerrados,Fp2,133.0,9.500887744454882e-08
basal_ojos_cerrados,Fp2,133.5,1.0313719079881907e-07
basal_ojos_cerrados,Fp2,134.0,9.072569184066594e-08
basal_ojos_cerrados,Fp2,134.5,8.496959577177289e-08
basal_ojos_cerrados,Fp2,135.0,7.954654580355366e-08
basal_ojos_cerrados,Fp2,135.5,8.54236572384341e-08
basal_ojos_cerrados,Fp2,136.0,6.082000642729552e-08
basal_ojos_cerrados,Fp2,136.5,4.711855395821585e-08
basal_ojos_cerrados,Fp2,137.0,4.365638406021403e-08
basal_ojos_cerrados,Fp2,137.5,5.749810541853192e-08
basal_ojos_cerrados,Fp2,138.0,4.7483045754295155e-08
basal_ojos_cerrados,Fp2,138.5,4.1277845707775345e-08
basal_ojos_cerrados,Fp2,139.0,3.4790867366974785e-08
basal_ojos_cerrados,Fp2,139.5,3.1939808367030816e-08
basal_ojos_cerrados,Fp2,140.0,2.8493487547148336e-08
basal_ojos_cerrados,Fp2,140.5,2.7399473546168368e-08
basal_ojos_cerrados,Fp2,141.0,2.8861680545494857e-08
basal_ojos_cerrados,Fp2,141.5,2.8044902464891094e-08
basal_ojos_cerrados,Fp2,142.0,2.2564251205511524e-08
basal_ojos_cerrados,Fp2,142.5,2.0360592578264955e-08
basal_ojos_cerrados,Fp2,143.0,2.1104673131078634e-08
basal_ojos_cerrados,Fp2,143.5,2.0677341439509706e-08
basal_ojos_cerrados,Fp2,144.0,1.2464066517954997e-08
basal_ojos_cerrados,Fp2,144.5,1.3802000911877977e-08
basal_ojos_cerrados,Fp2,145.0,1.7932006376430508e-08
basal_ojos_cerrados,Fp2,145.5,1.968013574042219e-08
basal_ojos_cerrados,Fp2,146.0,1.56918942654207e-08
basal_ojos_cerrados,Fp2,146.5,1.3995580001371524e-08
basal_ojos_cerrados,Fp2,147.0,1.1936694026202125e-08
basal_ojos_cerrados,Fp2,147.5,1.0877731178993959e-08
basal_ojos_cerrados,Fp2,148.0,9.601755133144391e-09
basal_ojos_cerrados,Fp2,148.5,9.358093307622153e-09
basal_ojos_cerrados,Fp2,149.0,9.167156720357647e-09
basal_ojos_cerrados,Fp2,149.5,1.0146205762371181e-08
basal_ojos_cerrados,Fp2,150.0,9.943600083887984e-09
basal_ojos_cerrados,Fp2,150.5,7.329693169764975e-09
basal_ojos_cerrados,Fp2,151.0,5.4437011308632415e-09
basal_ojos_cerrados,Fp2,151.5,6.65323354632247e-09
basal_ojos_cerrados,Fp2,152.0,9.561716366365885e-09
basal_ojos_cerrados,Fp2,152.5,8.022851554296986e-09
basal_ojos_cerrados,Fp2,153.0,4.9138458338053445e-09
basal_ojos_cerrados,Fp2,153.5,3.5499323392060427e-09
basal_ojos_cerrados,Fp2,154.0,3.8582228413186034e-09
basal_ojos_cerrados,Fp2,154.5,4.170790261503795e-09
basal_ojos_cerrados,Fp2,155.0,3.985142836503154e-09
basal_ojos_cerrados,Fp2,155.5,3.068594793514324e-09
basal_ojos_cerrados,Fp2,156.0,2.5415815746652337e-09
basal_ojos_cerrados,Fp2,156.5,2.311676438234503e-09
basal_ojos_cerrados,Fp2,157.0,2.6537250384207814e-09
basal_ojos_cerrados,Fp2,157.5,2.6031956444569785e-09
basal_ojos_cerrados,Fp2,158.0,2.4145183561936033e-09
basal_ojos_cerrados,Fp2,158.5,2.318953425123392e-09
basal_ojos_cerrados,Fp2,159.0,1.8414160986430681e-09
basal_ojos_cerrados,Fp2,159.5,2.2809812037373816e-09
basal_ojos_cerrados,Fp2,160.0,2.1536128261204075e-09
basal_ojos_cerrados,Fp2,160.5,2.0200476008893663e-09
basal_ojos_cerrados,Fp2,161.0,1.8611460361001144e-09
basal_ojos_cerrados,Fp2,161.5,1.4067394535468833e-09
basal_ojos_cerrados,Fp2,162.0,1.1913449173607958e-09
basal_ojos_cerrados,Fp2,162.5,1.1695954512250636e-09
basal_ojos_cerrados,Fp2,163.0,1.1782839659521556e-09
basal_ojos_cerrados,Fp2,163.5,1.1610142209033874e-09
basal_ojos_cerrados,Fp2,164.0,1.0456250887402776e-09
basal_ojos_cerrados,Fp2,164.5,1.1495515829263185e-09
basal_ojos_cerrados,Fp2,165.0,1.1430694205192028e-09
basal_ojos_cerrados,Fp2,165.5,8.601853311118029e-10
basal_ojos_cerrados,Fp2,166.0,8.58224254378517e-10
basal_ojos_cerrados,Fp2,166.5,8.39583709571073e-10
basal_ojos_cerrados,Fp2,167.0,7.33180284073008e-10
basal_ojos_cerrados,Fp2,167.5,7.029055091262185e-10
basal_ojos_cerrados,Fp2,168.0,6.759329754515092e-10
basal_ojos_cerrados,Fp2,168.5,6.861865882108696e-10
basal_ojos_cerrados,Fp2,169.0,6.616264310115651e-10
basal_ojos_cerrados,Fp2,169.5,4.727420764277523e-10
basal_ojos_cerrados,Fp2,170.0,3.9480887772113047e-10
basal_ojos_cerrados,Fp2,170.5,4.515513774949365e-10
basal_ojos_cerrados,Fp2,171.0,3.968843722915551e-10
basal_ojos_cerrados,Fp2,171.5,3.5631059543994697e-10
basal_ojos_cerrados,Fp2,172.0,4.083857235108856e-10
basal_ojos_cerrados,Fp2,172.5,3.143974526484885e-10
basal_ojos_cerrados,Fp2,173.0,2.5977891359290636e-10
basal_ojos_cerrados,Fp2,173.5,2.852289676400471e-10
basal_ojos_cerrados,Fp2,174.0,2.83038208534379e-10
basal_ojos_cerrados,Fp2,174.5,2.1118940178294683e-10
basal_ojos_cerrados,Fp2,175.0,2.3140884359754492e-10
basal_ojos_cerrados,Fp2,175.5,2.3123917634031168e-10
basal_ojos_cerrados,Fp2,176.0,1.952066303866691e-10
basal_ojos_cerrados,Fp2,176.5,1.718391589540783e-10
basal_ojos_cerrados,Fp2,177.0,1.7179737302853638e-10
basal_ojos_cerrados,Fp2,177.5,2.1082764390816242e-10
basal_ojos_cerrados,Fp2,178.0,1.600044841335791e-10
basal_ojos_cerrados,Fp2,178.5,1.5500729358769112e-10
basal_ojos_cerrados,Fp2,179.0,1.8261819634476537e-10
basal_ojos_cerrados,Fp2,179.5,1.7737967277600355e-10
basal_ojos_cerrados,Fp2,180.0,1.617772377545312e-10
basal_ojos_cerrados,Fp2,180.5,1.2059060895380238e-10
basal_ojos_cerrados,Fp2,181.0,1.1349951174376466e-10
basal_ojos_cerrados,Fp2,181.5,1.1258372914896524e-10
basal_ojos_cerrados,Fp2,182.0,9.540441605291545e-11
basal_ojos_cerrados,Fp2,182.5,9.531903636234834e-11
basal_ojos_cerrados,Fp2,183.0,9.273299798906066e-11
basal_ojos_cerrados,Fp2,183.5,8.232870303666188e-11
basal_ojos_cerrados,Fp2,184.0,7.767347291536068e-11
basal_ojos_cerrados,Fp2,184.5,5.42342195372425e-11
basal_ojos_cerrados,Fp2,185.0,6.880917945687389e-11
basal_ojos_cerrados,Fp2,185.5,6.093899476324245e-11
basal_ojos_cerrados,Fp2,186.0,6.314776919746845e-11
basal_ojos_cerrados,Fp2,186.5,5.938622091841057e-11
basal_ojos_cerrados,Fp2,187.0,5.3654379821667613e-11
basal_ojos_cerrados,Fp2,187.5,4.488455039230925e-11
basal_ojos_cerrados,Fp2,188.0,3.5696775724057404e-11
basal_ojos_cerrados,Fp2,188.5,4.493951570634236e-11
basal_ojos_cerrados,Fp2,189.0,5.1361177107584505e-11
basal_ojos_cerrados,Fp2,189.5,4.1816016814676697e-11
basal_ojos_cerrados,Fp2,190.0,3.516855933914376e-11
basal_ojos_cerrados,Fp2,190.5,3.571182393275095e-11
basal_ojos_cerrados,Fp2,191.0,3.2314938289368616e-11
basal_ojos_cerrados,Fp2,191.5,2.5511904486302718e-11
basal_ojos_cerrados,Fp2,192.0,3.156452784810185e-11
basal_ojos_cerrados,Fp2,192.5,2.0849047259138348e-11
basal_ojos_cerrados,Fp2,193.0,2.2330313865554218e-11
basal_ojos_cerrados,Fp2,193.5,2.917769881506448e-11
basal_ojos_cerrados,Fp2,194.0,2.7763781247513866e-11
basal_ojos_cerrados,Fp2,194.5,2.5722218601868602e-11
basal_ojos_cerrados,Fp2,195.0,1.9734392153013464e-11
basal_ojos_cerrados,Fp2,195.5,1.750299752866702e-11
basal_ojos_cerrados,Fp2,196.0,1.82461942614313e-11
basal_ojos_cerrados,Fp2,196.5,1.4266903583062153e-11
basal_ojos_cerrados,Fp2,197.0,1.671700399035793e-11
basal_ojos_cerrados,Fp2,197.5,1.4097116898127061e-11
basal_ojos_cerrados,Fp2,198.0,1.1748243553976e-11
basal_ojos_cerrados,Fp2,198.5,9.57120706121021e-12
basal_ojos_cerrados,Fp2,199.0,1.1971442547249932e-11
basal_ojos_cerrados,Fp2,199.5,1.1003268614816125e-11
basal_ojos_cerrados,Fp2,200.0,1.117310274719791e-11
basal_ojos_cerrados,Fp2,200.5,9.974320398977941e-12
basal_ojos_cerrados,Fp2,201.0,9.765510953328136e-12
basal_ojos_cerrados,Fp2,201.5,1.1593420790907228e-11
basal_ojos_cerrados,Fp2,202.0,8.576225653832518e-12
basal_ojos_cerrados,Fp2,202.5,6.920740383519703e-12
basal_ojos_cerrados,Fp2,203.0,8.901633015300761e-12
basal_ojos_cerrados,Fp2,203.5,7.914870335893556e-12
basal_ojos_cerrados,Fp2,204.0,7.828597969812585e-12
basal_ojos_cerrados,Fp2,204.5,6.727977346223189e-12
basal_ojos_cerrados,Fp2,205.0,6.191890789821084e-12
basal_ojos_cerrados,Fp2,205.5,5.535896120933102e-12
basal_ojos_cerrados,Fp2,206.0,6.598233330297374e-12
basal_ojos_cerrados,Fp2,206.5,5.391684458258084e-12
basal_ojos_cerrados,Fp2,207.0,5.206366155995031e-12
basal_ojos_cerrados,Fp2,207.5,3.940487063188176e-12
basal_ojos_cerrados,Fp2,208.0,5.265515607065305e-12
basal_ojos_cerrados,Fp2,208.5,3.683903081968408e-12
basal_ojos_cerrados,Fp2,209.0,3.266749990322195e-12
basal_ojos_cerrados,Fp2,209.5,3.890300840615065e-12
basal_ojos_cerrados,Fp2,210.0,3.587918956147468e-12
basal_ojos_cerrados,Fp2,210.5,3.278966802065755e-12
basal_ojos_cerrados,Fp2,211.0,3.305043505307757e-12
basal_ojos_cerrados,Fp2,211.5,3.1365888046741607e-12
basal_ojos_cerrados,Fp2,212.0,2.706899721150041e-12
basal_ojos_cerrados,Fp2,212.5,2.6261331600336015e-12
basal_ojos_cerrados,Fp2,213.0,2.3252843468023674e-12
basal_ojos_cerrados,Fp2,213.5,2.176084549945839e-12
basal_ojos_cerrados,Fp2,214.0,2.8241310780118444e-12
basal_ojos_cerrados,Fp2,214.5,2.083046567515419e-12
basal_ojos_cerrados,Fp2,215.0,2.1804996362377846e-12
basal_ojos_cerrados,Fp2,215.5,2.3124683526910108e-12
basal_ojos_cerrados,Fp2,216.0,2.2257592833707192e-12
basal_ojos_cerrados,Fp2,216.5,2.122668096830398e-12
basal_ojos_cerrados,Fp2,217.0,1.4839872542085082e-12
basal_ojos_cerrados,Fp2,217.5,1.434225967872613e-12
basal_ojos_cerrados,Fp2,218.0,1.655761590432058e-12
basal_ojos_cerrados,Fp2,218.5,1.7341801427928956e-12
basal_ojos_cerrados,Fp2,219.0,1.5971487308465029e-12
basal_ojos_cerrados,Fp2,219.5,1.134003359706464e-12
basal_ojos_cerrados,Fp2,220.0,1.5026456633523432e-12
basal_ojos_cerrados,Fp2,220.5,1.0583344777790096e-12
basal_ojos_cerrados,Fp2,221.0,1.1289964637467735e-12
basal_ojos_cerrados,Fp2,221.5,1.2287688438859536e-12
basal_ojos_cerrados,Fp2,222.0,1.3618733991442813e-12
basal_ojos_cerrados,Fp2,222.5,9.951936518740952e-13
basal_ojos_cerrados,Fp2,223.0,1.0448518632729575e-12
basal_ojos_cerrados,Fp2,223.5,1.2716999073920229e-12
basal_ojos_cerrados,Fp2,224.0,8.491215813251908e-13
basal_ojos_cerrados,Fp2,224.5,8.206077366593182e-13
basal_ojos_cerrados,Fp2,225.0,9.1840697616222e-13
basal_ojos_cerrados,Fp2,225.5,9.529134216813094e-13
basal_ojos_cerrados,Fp2,226.0,1.0654432626733067e-12
basal_ojos_cerrados,Fp2,226.5,8.684137335437415e-13
basal_ojos_cerrados,Fp2,227.0,7.853942793142855e-13
basal_ojos_cerrados,Fp2,227.5,7.232933966039066e-13
basal_ojos_cerrados,Fp2,228.0,9.625243297287944e-13
basal_ojos_cerrados,Fp2,228.5,7.037425149845691e-13
basal_ojos_cerrados,Fp2,229.0,7.432358582570047e-13
basal_ojos_cerrados,Fp2,229.5,6.473891382653179e-13
basal_ojos_cerrados,Fp2,230.0,7.601177290404093e-13
basal_ojos_cerrados,Fp2,230.5,7.518971516546782e-13
basal_ojos_cerrados,Fp2,231.0,6.865301819758016e-13
basal_ojos_cerrados,Fp2,231.5,4.939026992009529e-13
basal_ojos_cerrados,Fp2,232.0,6.053654296230913e-13
basal_ojos_cerrados,Fp2,232.5,5.42744609245344e-13
basal_ojos_cerrados,Fp2,233.0,5.802622187184748e-13
basal_ojos_cerrados,Fp2,233.5,4.916854689310774e-13
basal_ojos_cerrados,Fp2,234.0,5.572224706714257e-13
basal_ojos_cerrados,Fp2,234.5,4.4072109456130736e-13
basal_ojos_cerrados,Fp2,235.0,5.075884392199858e-13
basal_ojos_cerrados,Fp2,235.5,4.904344684746478e-13
basal_ojos_cerrados,Fp2,236.0,4.649202906180231e-13
basal_ojos_cerrados,Fp2,236.5,4.3286697914253563e-13
basal_ojos_cerrados,Fp2,237.0,4.4728665728468086e-13
basal_ojos_cerrados,Fp2,237.5,4.11448051980593e-13
basal_ojos_cerrados,Fp2,238.0,4.2486777449249644e-13
basal_ojos_cerrados,Fp2,238.5,4.026789667981935e-13
basal_ojos_cerrados,Fp2,239.0,3.722891580992855e-13
basal_ojos_cerrados,Fp2,239.5,4.048623099337755e-13
basal_ojos_cerrados,Fp2,240.0,3.998249611491299e-13
basal_ojos_cerrados,Fp2,240.5,3.9676336223680843e-13
basal_ojos_cerrados,Fp2,241.0,3.523470807106132e-13
basal_ojos_cerrados,Fp2,241.5,3.7258523039754833e-13
basal_ojos_cerrados,Fp2,242.0,3.3199199486097745e-13
basal_ojos_cerrados,Fp2,242.5,3.6134912836295253e-13
basal_ojos_cerrados,Fp2,243.0,3.579863416511435e-13
basal_ojos_cerrados,Fp2,243.5,2.78173948490968e-13
basal_ojos_cerrados,Fp2,244.0,3.6057396954115763e-13
basal_ojos_cerrados,Fp2,244.5,3.3849532246991936e-13
basal_ojos_cerrados,Fp2,245.0,2.971432039596656e-13
basal_ojos_cerrados,Fp2,245.5,3.508865051086675e-13
basal_ojos_cerrados,Fp2,246.0,2.764441845716592e-13
basal_ojos_cerrados,Fp2,246.5,3.1013997322745354e-13
basal_ojos_cerrados,Fp2,247.0,2.8335573005642424e-13
basal_ojos_cerrados,Fp2,247.5,2.763909209651754e-13
basal_ojos_cerrados,Fp2,248.0,3.1232653570577297e-13
basal_ojos_cerrados,Fp2,248.5,2.549768164139749e-13
basal_ojos_cerrados,Fp2,249.0,2.7370128288076383e-13
basal_ojos_cerrados,Fp2,249.5,2.729733842760849e-13
basal_ojos_cerrados,Fp2,250.0,2.743810286707411e-13
basal_ojos_cerrados,Fp2,250.5,2.652287452942156e-13
basal_ojos_cerrados,Fp2,251.0,2.363639714536405e-13
basal_ojos_cerrados,Fp2,251.5,2.6384147913901424e-13
basal_ojos_cerrados,Fp2,252.0,2.640962432478143e-13
basal_ojos_cerrados,Fp2,252.5,2.395666459012451e-13
basal_ojos_cerrados,Fp2,253.0,2.387602350821746e-13
basal_ojos_cerrados,Fp2,253.5,2.323524881291173e-13
basal_ojos_cerrados,Fp2,254.0,2.258780489817266e-13
basal_ojos_cerrados,Fp2,254.5,2.3985997633847015e-13
basal_ojos_cerrados,Fp2,255.0,2.294408091006023e-13
basal_ojos_cerrados,Fp2,255.5,2.1819269848057135e-13
basal_ojos_cerrados,Fp2,256.0,2.289115998828068e-13
basal_ojos_cerrados,Fp2,256.5,2.0556503698624941e-13
basal_ojos_cerrados,Fp2,257.0,2.118581921286758e-13
basal_ojos_cerrados,Fp2,257.5,2.1140932066889967e-13
basal_ojos_cerrados,Fp2,258.0,1.9564926405717233e-13
basal_ojos_cerrados,Fp2,258.5,2.1373079663580045e-13
basal_ojos_cerrados,Fp2,259.0,1.9890154589263926e-13
basal_ojos_cerrados,Fp2,259.5,1.8843043168255466e-13
basal_ojos_cerrados,Fp2,260.0,2.079394696349195e-13
basal_ojos_cerrados,Fp2,260.5,1.782713719291452e-13
basal_ojos_cerrados,Fp2,261.0,1.9690107026588707e-13
basal_ojos_cerrados,Fp2,261.5,1.9183286555834357e-13
basal_ojos_cerrados,Fp2,262.0,1.7891009622222414e-13
basal_ojos_cerrados,Fp2,262.5,1.828470991659317e-13
basal_ojos_cerrados,Fp2,263.0,1.7942955714641556e-13
basal_ojos_cerrados,Fp2,263.5,1.751647228309094e-13
basal_ojos_cerrados,Fp2,264.0,1.6994870762199535e-13
basal_ojos_cerrados,Fp2,264.5,1.7867470342404384e-13
basal_ojos_cerrados,Fp2,265.0,1.6474613038086289e-13
basal_ojos_cerrados,Fp2,265.5,1.675749101222633e-13
basal_ojos_cerrados,Fp2,266.0,1.6565669802043778e-13
basal_ojos_cerrados,Fp2,266.5,1.649772554117055e-13
basal_ojos_cerrados,Fp2,267.0,1.5576444416550652e-13
basal_ojos_cerrados,Fp2,267.5,1.6269354617395253e-13
basal_ojos_cerrados,Fp2,268.0,1.5336421784707034e-13
basal_ojos_cerrados,Fp2,268.5,1.58794558392163e-13
basal_ojos_cerrados,Fp2,269.0,1.5169496885865172e-13
basal_ojos_cerrados,Fp2,269.5,1.513355927304895e-13
basal_ojos_cerrados,Fp2,270.0,1.474405528951559e-13
basal_ojos_cerrados,Fp2,270.5,1.4922162957128067e-13
basal_ojos_cerrados,Fp2,271.0,1.425420594860496e-13
basal_ojos_cerrados,Fp2,271.5,1.456163039379857e-13
basal_ojos_cerrados,Fp2,272.0,1.3610936438636027e-13
basal_ojos_cerrados,Fp2,272.5,1.4765872657193412e-13
basal_ojos_cerrados,Fp2,273.0,1.3473921278829505e-13
basal_ojos_cerrados,Fp2,273.5,1.3640064849714006e-13
basal_ojos_cerrados,Fp2,274.0,1.3527523502714968e-13
basal_ojos_cerrados,Fp2,274.5,1.339110057602649e-13
basal_ojos_cerrados,Fp2,275.0,1.3200917974985575e-13
basal_ojos_cerrados,Fp2,275.5,1.2807916493683785e-13
basal_ojos_cerrados,Fp2,276.0,1.2741284180575684e-13
basal_ojos_cerrados,Fp2,276.5,1.2638232137526087e-13
basal_ojos_cerrados,Fp2,277.0,1.282560032856412e-13
basal_ojos_cerrados,Fp2,277.5,1.2168017745600674e-13
basal_ojos_cerrados,Fp2,278.0,1.2417495924088216e-13
basal_ojos_cerrados,Fp2,278.5,1.1908308039854897e-13
basal_ojos_cerrados,Fp2,279.0,1.1903781237627941e-13
basal_ojos_cerrados,Fp2,279.5,1.1957916294444689e-13
basal_ojos_cerrados,Fp2,280.0,1.1570542278607593e-13
basal_ojos_cerrados,Fp2,280.5,1.1453676062670388e-13
basal_ojos_cerrados,Fp2,281.0,1.1502137459251584e-13
basal_ojos_cerrados,Fp2,281.5,1.096101316775386e-13
basal_ojos_cerrados,Fp2,282.0,1.13759970882433e-13
basal_ojos_cerrados,Fp2,282.5,1.083762206139426e-13
basal_ojos_cerrados,Fp2,283.0,1.0742064969152954e-13
basal_ojos_cerrados,Fp2,283.5,1.102449875687071e-13
basal_ojos_cerrados,Fp2,284.0,1.0370410206330409e-13
basal_ojos_cerrados,Fp2,284.5,1.0524570659528472e-13
basal_ojos_cerrados,Fp2,285.0,1.0159959776180947e-13
basal_ojos_cerrados,Fp2,285.5,1.0539780090455165e-13
basal_ojos_cerrados,Fp2,286.0,9.942778636577074e-14
basal_ojos_cerrados,Fp2,286.5,1.008547610932808e-13
basal_ojos_cerrados,Fp2,287.0,9.749635587491057e-14
basal_ojos_cerrados,Fp2,287.5,9.814519479197919e-14
basal_ojos_cerrados,Fp2,288.0,9.646345470798215e-14
basal_ojos_cerrados,Fp2,288.5,9.489486434522215e-14
basal_ojos_cerrados,Fp2,289.0,9.446173010738228e-14
basal_ojos_cerrados,Fp2,289.5,9.305170950794896e-14
basal_ojos_cerrados,Fp2,290.0,9.256855165203811e-14
basal_ojos_cerrados,Fp2,290.5,9.049586235389294e-14
basal_ojos_cerrados,Fp2,291.0,9.06125332419646e-14
basal_ojos_cerrados,Fp2,291.5,8.86279369509849e-14
basal_ojos_cerrados,Fp2,292.0,8.8859658686142e-14
basal_ojos_cerrados,Fp2,292.5,8.56928430305771e-14
basal_ojos_cerrados,Fp2,293.0,8.648114480097638e-14
basal_ojos_cerrados,Fp2,293.5,8.522335166953091e-14
basal_ojos_cerrados,Fp2,294.0,8.357313585573632e-14
basal_ojos_cerrados,Fp2,294.5,8.286377235796328e-14
basal_ojos_cerrados,Fp2,295.0,8.282018541146987e-14
basal_ojos_cerrados,Fp2,295.5,8.111576849963165e-14
basal_ojos_cerrados,Fp2,296.0,8.066457065131898e-14
basal_ojos_cerrados,Fp2,296.5,7.88915788738424e-14
basal_ojos_cerrados,Fp2,297.0,7.829002990350158e-14
basal_ojos_cerrados,Fp2,297.5,7.823839205213838e-14
basal_ojos_cerrados,Fp2,298.0,7.64630515875956e-14
basal_ojos_cerrados,Fp2,298.5,7.59867690761308e-14
basal_ojos_cerrados,Fp2,299.0,7.504078835639059e-14
basal_ojos_cerrados,Fp2,299.5,7.412438810229155e-14
basal_ojos_cerrados,Fp2,300.0,7.30297589735514e-14
basal_ojos_cerrados,Fp2,300.5,7.293663884261273e-14
basal_ojos_cerrados,Fp2,301.0,7.168751713446313e-14
basal_ojos_cerrados,Fp2,301.5,7.085515096969876e-14
basal_ojos_cerrados,Fp2,302.0,6.994703747774009e-14
basal_ojos_cerrados,Fp2,302.5,6.978243112916132e-14
basal_ojos_cerrados,Fp2,303.0,6.812152490758462e-14
basal_ojos_cerrados,Fp2,303.5,6.825544706643425e-14
basal_ojos_cerrados,Fp2,304.0,6.660390402107586e-14
basal_ojos_cerrados,Fp2,304.5,6.665511146722057e-14
basal_ojos_cerrados,Fp2,305.0,6.540999814485452e-14
basal_ojos_cerrados,Fp2,305.5,6.511231223787341e-14
basal_ojos_cerrados,Fp2,306.0,6.373874869599966e-14
basal_ojos_cerrados,Fp2,306.5,6.359972842496314e-14
basal_ojos_cerrados,Fp2,307.0,6.286838939980273e-14
basal_ojos_cerrados,Fp2,307.5,6.200958226550961e-14
basal_ojos_cerrados,Fp2,308.0,6.109999065155636e-14
basal_ojos_cerrados,Fp2,308.5,6.104884031423756e-14
basal_ojos_cerrados,Fp2,309.0,5.958644561671713e-14
basal_ojos_cerrados,Fp2,309.5,5.961900593333617e-14
basal_ojos_cerrados,Fp2,310.0,5.866864290781695e-14
basal_ojos_cerrados,Fp2,310.5,5.802805424109119e-14
basal_ojos_cerrados,Fp2,311.0,5.732920488489638e-14
basal_ojos_cerrados,Fp2,311.5,5.672089330059437e-14
basal_ojos_cerrados,Fp2,312.0,5.647377409428597e-14
basal_ojos_cerrados,Fp2,312.5,5.5196343518961837e-14
basal_ojos_cerrados,Fp2,313.0,5.491904251357539e-14
basal_ojos_cerrados,Fp2,313.5,5.440005458778885e-14
basal_ojos_cerrados,Fp2,314.0,5.3800860227684226e-14
basal_ojos_cerrados,Fp2,314.5,5.3124337911321527e-14
basal_ojos_cerrados,Fp2,315.0,5.244620633170223e-14
basal_ojos_cerrados,Fp2,315.5,5.191107668968956e-14
basal_ojos_cerrados,Fp2,316.0,5.156195010495112e-14
basal_ojos_cerrados,Fp2,316.5,5.073347478083036e-14
basal_ojos_cerrados,Fp2,317.0,5.0348528178407004e-14
basal_ojos_cerrados,Fp2,317.5,4.971725286551872e-14
basal_ojos_cerrados,Fp2,318.0,4.915284772501081e-14
basal_ojos_cerrados,Fp2,318.5,4.87642571710287e-14
basal_ojos_cerrados,Fp2,319.0,4.8084412130086915e-14
basal_ojos_cerrados,Fp2,319.5,4.745626934328363e-14
basal_ojos_cerrados,Fp2,320.0,4.724121006602277e-14
basal_ojos_cerrados,Fp2,320.5,4.646865448949042e-14
basal_ojos_cerrados,Fp2,321.0,4.617693657907704e-14
basal_ojos_cerrados,Fp2,321.5,4.5523817936955756e-14
basal_ojos_cerrados,Fp2,322.0,4.49714185207905e-14
basal_ojos_cerrados,Fp2,322.5,4.465632022075271e-14
basal_ojos_cerrados,Fp2,323.0,4.4020493540083267e-14
basal_ojos_cerrados,Fp2,323.5,4.3625099798918665e-14
basal_ojos_cerrados,Fp2,324.0,4.3151983594463415e-14
basal_ojos_cerrados,Fp2,324.5,4.268107212849596e-14
basal_ojos_cerrados,Fp2,325.0,4.218564408515391e-14
basal_ojos_cerrados,Fp2,325.5,4.173975162136262e-14
basal_ojos_cerrados,Fp2,326.0,4.1302382179350573e-14
basal_ojos_cerrados,Fp2,326.5,4.077434787557233e-14
basal_ojos_cerrados,Fp2,327.0,4.041617750280435e-14
basal_ojos_cerrados,Fp2,327.5,3.9995705105940956e-14
basal_ojos_cerrados,Fp2,328.0,3.950209616541285e-14
basal_ojos_cerrados,Fp2,328.5,3.9128456971503466e-14
basal_ojos_cerrados,Fp2,329.0,3.8627778302653824e-14
basal_ojos_cerrados,Fp2,329.5,3.8213937941679665e-14
basal_ojos_cerrados,Fp2,330.0,3.7883426110786193e-14
basal_ojos_cerrados,Fp2,330.5,3.7452480147617385e-14
basal_ojos_cerrados,Fp2,331.0,3.6957657153615465e-14
basal_ojos_cerrados,Fp2,331.5,3.669950174612079e-14
basal_ojos_cerrados,Fp2,332.0,3.6175290034861915e-14
basal_ojos_cerrados,Fp2,332.5,3.5822039048358314e-14
basal_ojos_cerrados,Fp2,333.0,3.542150386860337e-14
basal_ojos_cerrados,Fp2,333.5,3.507932375546126e-14
basal_ojos_cerrados,Fp2,334.0,3.4695689440465604e-14
basal_ojos_cerrados,Fp2,334.5,3.4273368097043966e-14
basal_ojos_cerrados,Fp2,335.0,3.3932910233358006e-14
basal_ojos_cerrados,Fp2,335.5,3.357309309163893e-14
basal_ojos_cerrados,Fp2,336.0,3.3166870081213547e-14
basal_ojos_cerrados,Fp2,336.5,3.284549688371159e-14
basal_ojos_cerrados,Fp2,337.0,3.24874210724562e-14
basal_ojos_cerrados,Fp2,337.5,3.213013789635787e-14
basal_ojos_cerrados,Fp2,338.0,3.178626713619088e-14
basal_ojos_cerrados,Fp2,338.5,3.142656446528375e-14
basal_ojos_cerrados,Fp2,339.0,3.1089020874590266e-14
basal_ojos_cerrados,Fp2,339.5,3.076267994909769e-14
basal_ojos_cerrados,Fp2,340.0,3.0436275581205896e-14
basal_ojos_cerrados,Fp2,340.5,3.008386617922529e-14
basal_ojos_cerrados,Fp2,341.0,2.97773162843504e-14
basal_ojos_cerrados,Fp2,341.5,2.944246374802202e-14
basal_ojos_cerrados,Fp2,342.0,2.9108197914230326e-14
basal_ojos_cerrados,Fp2,342.5,2.880562985789579e-14
basal_ojos_cerrados,Fp2,343.0,2.8516763377543165e-14
basal_ojos_cerrados,Fp2,343.5,2.8181191642398632e-14
basal_ojos_cerrados,Fp2,344.0,2.7883568176260148e-14
basal_ojos_cerrados,Fp2,344.5,2.7573237123612586e-14
basal_ojos_cerrados,Fp2,345.0,2.7277565178299662e-14
basal_ojos_cerrados,Fp2,345.5,2.6981912520578638e-14
basal_ojos_cerrados,Fp2,346.0,2.6683021227809873e-14
basal_ojos_cerrados,Fp2,346.5,2.6406197022158236e-14
basal_ojos_cerrados,Fp2,347.0,2.611967459060235e-14
basal_ojos_cerrados,Fp2,347.5,2.5815555094501655e-14
basal_ojos_cerrados,Fp2,348.0,2.5540503163754532e-14
basal_ojos_cerrados,Fp2,348.5,2.5273682412484474e-14
basal_ojos_cerrados,Fp2,349.0,2.4996570437033204e-14
basal_ojos_cerrados,Fp2,349.5,2.4712779437476504e-14
basal_ojos_cerrados,Fp2,350.0,2.445022122653474e-14
basal_ojos_cerrados,Fp2,350.5,2.4187677455090405e-14
basal_ojos_cerrados,Fp2,351.0,2.3913853713784227e-14
basal_ojos_cerrados,Fp2,351.5,2.3667403860721598e-14
basal_ojos_cerrados,Fp2,352.0,2.3391091486896365e-14
basal_ojos_cerrados,Fp2,352.5,2.3141281589528265e-14
basal_ojos_cerrados,Fp2,353.0,2.289763358518945e-14
basal_ojos_cerrados,Fp2,353.5,2.2647766878250873e-14
basal_ojos_cerrados,Fp2,354.0,2.2376290888515322e-14
basal_ojos_cerrados,Fp2,354.5,2.215691140968788e-14
basal_ojos_cerrados,Fp2,355.0,2.1904334812431567e-14
basal_ojos_cerrados,Fp2,355.5,2.166212449365695e-14
basal_ojos_cerrados,Fp2,356.0,2.14310162226918e-14
basal_ojos_cerrados,Fp2,356.5,2.1185350215346134e-14
basal_ojos_cerrados,Fp2,357.0,2.0960974661458393e-14
basal_ojos_cerrados,Fp2,357.5,2.072942604726652e-14
basal_ojos_cerrados,Fp2,358.0,2.0501808958085347e-14
basal_ojos_cerrados,Fp2,358.5,2.0272966240644667e-14
basal_ojos_cerrados,Fp2,359.0,2.0049684210972835e-14
basal_ojos_cerrados,Fp2,359.5,1.9836699096101186e-14
basal_ojos_cerrados,Fp2,360.0,1.9603719232603857e-14
basal_ojos_cerrados,Fp2,360.5,1.9398382673991757e-14
basal_ojos_cerrados,Fp2,361.0,1.9181298143995814e-14
basal_ojos_cerrados,Fp2,361.5,1.896961471716514e-14
basal_ojos_cerrados,Fp2,362.0,1.875707590655451e-14
basal_ojos_cerrados,Fp2,362.5,1.85492291822535e-14
basal_ojos_cerrados,Fp2,363.0,1.834811043281631e-14
basal_ojos_cerrados,Fp2,363.5,1.8140142130323477e-14
basal_ojos_cerrados,Fp2,364.0,1.7939767059876974e-14
basal_ojos_cerrados,Fp2,364.5,1.7740786238199068e-14
basal_ojos_cerrados,Fp2,365.0,1.7544908689727652e-14
basal_ojos_cerrados,Fp2,365.5,1.7347059508211716e-14
basal_ojos_cerrados,Fp2,366.0,1.71565567765877e-14
basal_ojos_cerrados,Fp2,366.5,1.696112190805723e-14
basal_ojos_cerrados,Fp2,367.0,1.6776617543883782e-14
basal_ojos_cerrados,Fp2,367.5,1.658254778377998e-14
basal_ojos_cerrados,Fp2,368.0,1.6403652956201054e-14
basal_ojos_cerrados,Fp2,368.5,1.6215675180881532e-14
basal_ojos_cerrados,Fp2,369.0,1.6035779197921373e-14
basal_ojos_cerrados,Fp2,369.5,1.5854641708941354e-14
basal_ojos_cerrados,Fp2,370.0,1.567775282953945e-14
basal_ojos_cerrados,Fp2,370.5,1.5498100467869063e-14
basal_ojos_cerrados,Fp2,371.0,1.5328088626626245e-14
basal_ojos_cerrados,Fp2,371.5,1.5151922605432236e-14
basal_ojos_cerrados,Fp2,372.0,1.498217274244164e-14
basal_ojos_cerrados,Fp2,372.5,1.481180407561545e-14
basal_ojos_cerrados,Fp2,373.0,1.4644976457453833e-14
basal_ojos_cerrados,Fp2,373.5,1.4478796426815223e-14
basal_ojos_cerrados,Fp2,374.0,1.4313779883392328e-14
basal_ojos_cerrados,Fp2,374.5,1.4151494260041055e-14
basal_ojos_cerrados,Fp2,375.0,1.3991804804989781e-14
basal_ojos_cerrados,Fp2,375.5,1.3831212043211491e-14
basal_ojos_cerrados,Fp2,376.0,1.367161862704865e-14
basal_ojos_cerrados,Fp2,376.5,1.351925187020869e-14
basal_ojos_cerrados,Fp2,377.0,1.3361657289610114e-14
basal_ojos_cerrados,Fp2,377.5,1.3209072530538796e-14
basal_ojos_cerrados,Fp2,378.0,1.3058402036202347e-14
basal_ojos_cerrados,Fp2,378.5,1.2907411453572773e-14
basal_ojos_cerrados,Fp2,379.0,1.2759033531882638e-14
basal_ojos_cerrados,Fp2,379.5,1.2612553947935949e-14
basal_ojos_cerrados,Fp2,380.0,1.2466733529277739e-14
basal_ojos_cerrados,Fp2,380.5,1.232204760046231e-14
basal_ojos_cerrados,Fp2,381.0,1.2180070633220666e-14
basal_ojos_cerrados,Fp2,381.5,1.2036982248634123e-14
basal_ojos_cerrados,Fp2,382.0,1.1899346622709393e-14
basal_ojos_cerrados,Fp2,382.5,1.1760862882283195e-14
basal_ojos_cerrados,Fp2,383.0,1.162170953691806e-14
basal_ojos_cerrados,Fp2,383.5,1.1487507264801654e-14
basal_ojos_cerrados,Fp2,384.0,1.1353624645789718e-14
basal_ojos_cerrados,Fp2,384.5,1.1218818813689884e-14
basal_ojos_cerrados,Fp2,385.0,1.1088625640477974e-14
basal_ojos_cerrados,Fp2,385.5,1.0957602541412745e-14
basal_ojos_cerrados,Fp2,386.0,1.082844215740601e-14
basal_ojos_cerrados,Fp2,386.5,1.0701080281319459e-14
basal_ojos_cerrados,Fp2,387.0,1.0573541031177108e-14
basal_ojos_cerrados,Fp2,387.5,1.0449616437874586e-14
basal_ojos_cerrados,Fp2,388.0,1.0324681713020223e-14
basal_ojos_cerrados,Fp2,388.5,1.020212622737694e-14
basal_ojos_cerrados,Fp2,389.0,1.0080515788528946e-14
basal_ojos_cerrados,Fp2,389.5,9.959826967949221e-15
basal_ojos_cerrados,Fp2,390.0,9.841500855424653e-15
basal_ojos_cerrados,Fp2,390.5,9.722494048523353e-15
basal_ojos_cerrados,Fp2,391.0,9.606240734298695e-15
basal_ojos_cerrados,Fp2,391.5,9.490546800146922e-15
basal_ojos_cerrados,Fp2,392.0,9.375775577796833e-15
basal_ojos_cerrados,Fp2,392.5,9.262587626206012e-15
basal_ojos_cerrados,Fp2,393.0,9.150361446681283e-15
basal_ojos_cerrados,Fp2,393.5,9.038979693160766e-15
basal_ojos_cerrados,Fp2,394.0,8.929244368501985e-15
basal_ojos_cerrados,Fp2,394.5,8.82018971051849e-15
basal_ojos_cerrados,Fp2,395.0,8.712055263491376e-15
basal_ojos_cerrados,Fp2,395.5,8.605637010539474e-15
basal_ojos_cerrados,Fp2,396.0,8.499765003666799e-15
basal_ojos_cerrados,Fp2,396.5,8.39504178782664e-15
basal_ojos_cerrados,Fp2,397.0,8.29136306034421e-15
basal_ojos_cerrados,Fp2,397.5,8.18880204083328e-15
basal_ojos_cerrados,Fp2,398.0,8.087204773406721e-15
basal_ojos_cerrados,Fp2,398.5,7.986504193452036e-15
basal_ojos_cerrados,Fp2,399.0,7.887103369708004e-15
basal_ojos_cerrados,Fp2,399.5,7.788287277521027e-15
basal_ojos_cerrados,Fp2,400.0,7.690789446788498e-15
basal_ojos_cerrados,Fp2,400.5,7.594228671115186e-15
basal_ojos_cerrados,Fp2,401.0,7.498333996622523e-15
basal_ojos_cerrados,Fp2,401.5,7.403672741278026e-15
basal_ojos_cerrados,Fp2,402.0,7.309841527866489e-15
basal_ojos_cerrados,Fp2,402.5,7.216971879565218e-15
basal_ojos_cerrados,Fp2,403.0,7.12510778509192e-15
basal_ojos_cerrados,Fp2,403.5,7.034043341881748e-15
basal_ojos_cerrados,Fp2,404.0,6.943855152958435e-15
basal_ojos_cerrados,Fp2,404.5,6.85465633835022e-15
basal_ojos_cerrados,Fp2,405.0,6.7663617181979966e-15
basal_ojos_cerrados,Fp2,405.5,6.678873648764878e-15
basal_ojos_cerrados,Fp2,406.0,6.592308688875873e-15
basal_ojos_cerrados,Fp2,406.5,6.506537434697917e-15
basal_ojos_cerrados,Fp2,407.0,6.4217320032947714e-15
basal_ojos_cerrados,Fp2,407.5,6.3376847635392915e-15
basal_ojos_cerrados,Fp2,408.0,6.254542449765885e-15
basal_ojos_cerrados,Fp2,408.5,6.172179746135513e-15
basal_ojos_cerrados,Fp2,409.0,6.0906444326711105e-15
basal_ojos_cerrados,Fp2,409.5,6.009927643608509e-15
basal_ojos_cerrados,Fp2,410.0,5.930085349544235e-15
basal_ojos_cerrados,Fp2,410.5,5.850959769164745e-15
basal_ojos_cerrados,Fp2,411.0,5.772645984568132e-15
basal_ojos_cerrados,Fp2,411.5,5.695175616946551e-15
basal_ojos_cerrados,Fp2,412.0,5.618407892324432e-15
basal_ojos_cerrados,Fp2,412.5,5.542449403525398e-15
basal_ojos_cerrados,Fp2,413.0,5.467290281456522e-15
basal_ojos_cerrados,Fp2,413.5,5.39279910608749e-15
basal_ojos_cerrados,Fp2,414.0,5.319153702139517e-15
basal_ojos_cerrados,Fp2,414.5,5.246206368417633e-15
basal_ojos_cerrados,Fp2,415.0,5.173978253038393e-15
basal_ojos_cerrados,Fp2,415.5,5.102529036737452e-15
basal_ojos_cerrados,Fp2,416.0,5.031766598949052e-15
basal_ojos_cerrados,Fp2,416.5,4.9617516620504304e-15
basal_ojos_cerrados,Fp2,417.0,4.892425497816489e-15
basal_ojos_cerrados,Fp2,417.5,4.823808659023523e-15
basal_ojos_cerrados,Fp2,418.0,4.755902530127334e-15
basal_ojos_cerrados,Fp2,418.5,4.688661289825495e-15
basal_ojos_cerrados,Fp2,419.0,4.622143809018733e-15
basal_ojos_cerrados,Fp2,419.5,4.5562795022613235e-15
basal_ojos_cerrados,Fp2,420.0,4.4910912923047604e-15
basal_ojos_cerrados,Fp2,420.5,4.426603180053582e-15
basal_ojos_cerrados,Fp2,421.0,4.3627297072047714e-15
basal_ojos_cerrados,Fp2,421.5,4.2995558950125105e-15
basal_ojos_cerrados,Fp2,422.0,4.236990759785124e-15
basal_ojos_cerrados,Fp2,422.5,4.175105784351263e-15
basal_ojos_cerrados,Fp2,423.0,4.113861302389615e-15
basal_ojos_cerrados,Fp2,423.5,4.053218960849999e-15
basal_ojos_cerrados,Fp2,424.0,3.993242413507544e-15
basal_ojos_cerrados,Fp2,424.5,3.9338598137951195e-15
basal_ojos_cerrados,Fp2,425.0,3.875110508650043e-15
basal_ojos_cerrados,Fp2,425.5,3.816981318558501e-15
basal_ojos_cerrados,Fp2,426.0,3.759441457977454e-15
basal_ojos_cerrados,Fp2,426.5,3.702518967597649e-15
basal_ojos_cerrados,Fp2,427.0,3.646183162411073e-15
basal_ojos_cerrados,Fp2,427.5,3.59044525435246e-15
basal_ojos_cerrados,Fp2,428.0,3.535303544865455e-15
basal_ojos_cerrados,Fp2,428.5,3.480728889702376e-15
basal_ojos_cerrados,Fp2,429.0,3.4267377029695456e-15
basal_ojos_cerrados,Fp2,429.5,3.3733267027130687e-15
basal_ojos_cerrados,Fp2,430.0,3.320474931698009e-15
basal_ojos_cerrados,Fp2,430.5,3.26819415244311e-15
basal_ojos_cerrados,Fp2,431.0,3.2164641925548454e-15
basal_ojos_cerrados,Fp2,431.5,3.1652960100746885e-15
basal_ojos_cerrados,Fp2,432.0,3.1146782800363794e-15
basal_ojos_cerrados,Fp2,432.5,3.0645975985103823e-15
basal_ojos_cerrados,Fp2,433.0,3.0150683880267786e-15
basal_ojos_cerrados,Fp2,433.5,2.9660695694415154e-15
basal_ojos_cerrados,Fp2,434.0,2.917606244063721e-15
basal_ojos_cerrados,Fp2,434.5,2.869671916444173e-15
basal_ojos_cerrados,Fp2,435.0,2.822259957413613e-15
basal_ojos_cerrados,Fp2,435.5,2.77536867249916e-15
basal_ojos_cerrados,Fp2,436.0,2.728994184027953e-15
basal_ojos_cerrados,Fp2,436.5,2.683130803437977e-15
basal_ojos_cerrados,Fp2,437.0,2.63777537422536e-15
basal_ojos_cerrados,Fp2,437.5,2.592926554400278e-15
basal_ojos_cerrados,Fp2,438.0,2.5485746958991258e-15
basal_ojos_cerrados,Fp2,438.5,2.504720954077733e-15
basal_ojos_cerrados,Fp2,439.0,2.461360504561573e-15
basal_ojos_cerrados,Fp2,439.5,2.418487552289074e-15
basal_ojos_cerrados,Fp2,440.0,2.3761013346430036e-15
basal_ojos_cerrados,Fp2,440.5,2.3341948115623675e-15
basal_ojos_cerrados,Fp2,441.0,2.292768757760838e-15
basal_ojos_cerrados,Fp2,441.5,2.2518148742037783e-15
basal_ojos_cerrados,Fp2,442.0,2.2113335133431035e-15
basal_ojos_cerrados,Fp2,442.5,2.1713205161511392e-15
basal_ojos_cerrados,Fp2,443.0,2.131768138575238e-15
basal_ojos_cerrados,Fp2,443.5,2.0926803654451817e-15
basal_ojos_cerrados,Fp2,444.0,2.0540478628721817e-15
basal_ojos_cerrados,Fp2,444.5,2.0158702994064852e-15
basal_ojos_cerrados,Fp2,445.0,1.9781435078425356e-15
basal_ojos_cerrados,Fp2,445.5,1.9408634715487082e-15
basal_ojos_cerrados,Fp2,446.0,1.904029765104422e-15
basal_ojos_cerrados,Fp2,446.5,1.867636449650295e-15
basal_ojos_cerrados,Fp2,447.0,1.8316815400360903e-15
basal_ojos_cerrados,Fp2,447.5,1.7961617895569115e-15
basal_ojos_cerrados,Fp2,448.0,1.761075131676964e-15
basal_ojos_cerrados,Fp2,448.5,1.7264168769389023e-15
basal_ojos_cerrados,Fp2,449.0,1.6921858103484144e-15
basal_ojos_cerrados,Fp2,449.5,1.6583780809655568e-15
basal_ojos_cerrados,Fp2,450.0,1.6249908788387958e-15
basal_ojos_cerrados,Fp2,450.5,1.592022085337974e-15
basal_ojos_cerrados,Fp2,451.0,1.5594681351234952e-15
basal_ojos_cerrados,Fp2,451.5,1.5273268688292847e-15
basal_ojos_cerrados,Fp2,452.0,1.495595168678816e-15
basal_ojos_cerrados,Fp2,452.5,1.4642707020040574e-15
basal_ojos_cerrados,Fp2,453.0,1.4333508535622844e-15
basal_ojos_cerrados,Fp2,453.5,1.4028326859143583e-15
basal_ojos_cerrados,Fp2,454.0,1.3727142209512418e-15
basal_ojos_cerrados,Fp2,454.5,1.3429924279530565e-15
basal_ojos_cerrados,Fp2,455.0,1.313665178855736e-15
basal_ojos_cerrados,Fp2,455.5,1.2847298881522001e-15
basal_ojos_cerrados,Fp2,456.0,1.256184190675843e-15
basal_ojos_cerrados,Fp2,456.5,1.2280257460427749e-15
basal_ojos_cerrados,Fp2,457.0,1.2002521908715453e-15
basal_ojos_cerrados,Fp2,457.5,1.1728612249042422e-15
basal_ojos_cerrados,Fp2,458.0,1.1458506399186252e-15
basal_ojos_cerrados,Fp2,458.5,1.119218133513679e-15
basal_ojos_cerrados,Fp2,459.0,1.0929615684140749e-15
basal_ojos_cerrados,Fp2,459.5,1.0670787685112223e-15
basal_ojos_cerrados,Fp2,460.0,1.0415675094044719e-15
basal_ojos_cerrados,Fp2,460.5,1.0164259044333322e-15
basal_ojos_cerrados,Fp2,461.0,9.91651685650829e-16
basal_ojos_cerrados,Fp2,461.5,9.672429160301304e-16
basal_ojos_cerrados,Fp2,462.0,9.431975648065327e-16
basal_ojos_cerrados,Fp2,462.5,9.19513709027081e-16
basal_ojos_cerrados,Fp2,463.0,8.961893147936728e-16
basal_ojos_cerrados,Fp2,463.5,8.732225497788052e-16
basal_ojos_cerrados,Fp2,464.0,8.5061153981594105e-16
basal_ojos_cerrados,Fp2,464.5,8.283543884946883e-16
basal_ojos_cerrados,Fp2,465.0,8.064493361575386e-16
basal_ojos_cerrados,Fp2,465.5,7.848945668720524e-16
basal_ojos_cerrados,Fp2,466.0,7.63688280906977e-16
basal_ojos_cerrados,Fp2,466.5,7.428288247588803e-16
basal_ojos_cerrados,Fp2,467.0,7.223144871857036e-16
basal_ojos_cerrados,Fp2,467.5,7.021435572215336e-16
basal_ojos_cerrados,Fp2,468.0,6.823144438156398e-16
basal_ojos_cerrados,Fp2,468.5,6.628255193316127e-16
basal_ojos_cerrados,Fp2,469.0,6.43675181267022e-16
basal_ojos_cerrados,Fp2,469.5,6.24861907222107e-16
basal_ojos_cerrados,Fp2,470.0,6.063841767850167e-16
basal_ojos_cerrados,Fp2,470.5,5.882404487677778e-16
basal_ojos_cerrados,Fp2,471.0,5.704293047736999e-16
basal_ojos_cerrados,Fp2,471.5,5.529492882162671e-16
basal_ojos_cerrados,Fp2,472.0,5.357989865047056e-16
basal_ojos_cerrados,Fp2,472.5,5.189769880996419e-16
basal_ojos_cerrados,Fp2,473.0,5.024819863982822e-16
basal_ojos_cerrados,Fp2,473.5,4.863126151151179e-16
basal_ojos_cerrados,Fp2,474.0,4.704675539511879e-16
basal_ojos_cerrados,Fp2,474.5,4.549455980115919e-16
basal_ojos_cerrados,Fp2,475.0,4.397454244067164e-16
basal_ojos_cerrados,Fp2,475.5,4.24865849169995e-16
basal_ojos_cerrados,Fp2,476.0,4.1030566019244296e-16
basal_ojos_cerrados,Fp2,476.5,3.960636834103765e-16
basal_ojos_cerrados,Fp2,477.0,3.8213879727140705e-16
basal_ojos_cerrados,Fp2,477.5,3.6852986103090514e-16
basal_ojos_cerrados,Fp2,478.0,3.552357958310872e-16
basal_ojos_cerrados,Fp2,478.5,3.4225551259941707e-16
basal_ojos_cerrados,Fp2,479.0,3.2958799960525475e-16
basal_ojos_cerrados,Fp2,479.5,3.17232234868172e-16
basal_ojos_cerrados,Fp2,480.0,3.051872191231316e-16
basal_ojos_cerrados,Fp2,480.5,2.9345199778102628e-16
basal_ojos_cerrados,Fp2,481.0,2.8202560739788454e-16
basal_ojos_cerrados,Fp2,481.5,2.709071760051282e-16
basal_ojos_cerrados,Fp2,482.0,2.6009578014007822e-16
basal_ojos_cerrados,Fp2,482.5,2.495905701134809e-16
basal_ojos_cerrados,Fp2,483.0,2.393906944465744e-16
basal_ojos_cerrados,Fp2,483.5,2.294953642377992e-16
basal_ojos_cerrados,Fp2,484.0,2.1990376710373865e-16
basal_ojos_cerrados,Fp2,484.5,2.106151393313271e-16
basal_ojos_cerrados,Fp2,485.0,2.0162874808665755e-16
basal_ojos_cerrados,Fp2,485.5,1.9294387315732545e-16
basal_ojos_cerrados,Fp2,486.0,1.8455983678039185e-16
basal_ojos_cerrados,Fp2,486.5,1.764759409779482e-16
basal_ojos_cerrados,Fp2,487.0,1.6869154656913994e-16
basal_ojos_cerrados,Fp2,487.5,1.6120606000834167e-16
basal_ojos_cerrados,Fp2,488.0,1.5401885714494852e-16
basal_ojos_cerrados,Fp2,488.5,1.4712939769302985e-16
basal_ojos_cerrados,Fp2,489.0,1.4053709512113215e-16
basal_ojos_cerrados,Fp2,489.5,1.3424145108463375e-16
basal_ojos_cerrados,Fp2,490.0,1.282419530638419e-16
basal_ojos_cerrados,Fp2,490.5,1.2253812894972783e-16
basal_ojos_cerrados,Fp2,491.0,1.1712953034367593e-16
basal_ojos_cerrados,Fp2,491.5,1.1201572278152212e-16
basal_ojos_cerrados,Fp2,492.0,1.0719629675843404e-16
basal_ojos_cerrados,Fp2,492.5,1.0267085929083164e-16
basal_ojos_cerrados,Fp2,493.0,9.843908592536237e-17
basal_ojos_cerrados,Fp2,493.5,9.450060361099816e-17
basal_ojos_cerrados,Fp2,494.0,9.085510550774794e-17
basal_ojos_cerrados,Fp2,494.5,8.750232659833701e-17
basal_ojos_cerrados,Fp2,495.0,8.44419752408491e-17
basal_ojos_cerrados,Fp2,495.5,8.167381228346383e-17
basal_ojos_cerrados,Fp2,496.0,7.919763588782202e-17
basal_ojos_cerrados,Fp2,496.5,7.701323287548136e-17
basal_ojos_cerrados,Fp2,497.0,7.51204363011452e-17
basal_ojos_cerrados,Fp2,497.5,7.351908392742574e-17
basal_ojos_cerrados,Fp2,498.0,7.220907323191532e-17
basal_ojos_cerrados,Fp2,498.5,7.119027734504889e-17
basal_ojos_cerrados,Fp2,499.0,7.046262707462815e-17
basal_ojos_cerrados,Fp2,499.5,7.002605230377477e-17
basal_ojos_cerrados,Fp2,500.0,3.4940262777309565e-17
ojos_abiertos,Fp1,0.0,177.92741876020366
ojos_abiertos,Fp1,0.5,604.1934222462233
ojos_abiertos,Fp1,1.0,4108.919772712233
ojos_abiertos,Fp1,1.5,6006.625773124169
ojos_abiertos,Fp1,2.0,3784.909836086303
ojos_abiertos,Fp1,2.5,2668.1433243183205
ojos_abiertos,Fp1,3.0,2121.366097647302
ojos_abiertos,Fp1,3.5,1631.4772748363298
ojos_abiertos,Fp1,4.0,1307.1650850623735
ojos_abiertos,Fp1,4.5,1059.4462692936775
ojos_abiertos,Fp1,5.0,800.8695040436108
ojos_abiertos,Fp1,5.5,765.9096887826386
ojos_abiertos,Fp1,6.0,690.377032691877
ojos_abiertos,Fp1,6.5,651.8813391565403
ojos_abiertos,Fp1,7.0,518.6690030871465
ojos_abiertos,Fp1,7.5,541.6950509362505
ojos_abiertos,Fp1,8.0,507.1384909136466
ojos_abiertos,Fp1,8.5,570.8262112708749
ojos_abiertos,Fp1,9.0,588.5412993209756
ojos_abiertos,Fp1,9.5,466.18935263900227
ojos_abiertos,Fp1,10.0,439.54968983955837
ojos_abiertos,Fp1,10.5,495.2550553790983
ojos_abiertos,Fp1,11.0,666.8592770117442
ojos_abiertos,Fp1,11.5,584.3628032195893
ojos_abiertos,Fp1,12.0,635.3467840959923
ojos_abiertos,Fp1,12.5,624.3600552540025
ojos_abiertos,Fp1,13.0,550.7296403439501
ojos_abiertos,Fp1,13.5,564.1513680154798
ojos_abiertos,Fp1,14.0,554.6053300711418
ojos_abiertos,Fp1,14.5,542.3365667562094
ojos_abiertos,Fp1,15.0,579.9423077704023
ojos_abiertos,Fp1,15.5,733.7872499258484
ojos_abiertos,Fp1,16.0,694.4413704299822
ojos_abiertos,Fp1,16.5,638.0455409224264
ojos_abiertos,Fp1,17.0,583.2931686071435
ojos_abiertos,Fp1,17.5,502.2348467708925
ojos_abiertos,Fp1,18.0,584.1193170513129
ojos_abiertos,Fp1,18.5,613.4304812087057
ojos_abiertos,Fp1,19.0,519.3273545657154
ojos_abiertos,Fp1,19.5,571.2471508921835
ojos_abiertos,Fp1,20.0,688.7703796611646
ojos_abiertos,Fp1,20.5,863.5451143162136
ojos_abiertos,Fp1,21.0,684.6355514685008
ojos_abiertos,Fp1,21.5,719.9325666033072
ojos_abiertos,Fp1,22.0,785.0514750197509
ojos_abiertos,Fp1,22.5,686.5852053912294
ojos_abiertos,Fp1,23.0,567.1140800690865
ojos_abiertos,Fp1,23.5,604.5567155235171
ojos_abiertos,Fp1,24.0,690.2408312323467
ojos_abiertos,Fp1,24.5,726.6204708352944
ojos_abiertos,Fp1,25.0,776.6755926775264
ojos_abiertos,Fp1,25.5,750.1258080733908
ojos_abiertos,Fp1,26.0,831.7084101060701
ojos_abiertos,Fp1,26.5,822.9913620915261
ojos_abiertos,Fp1,27.0,681.6186815795512
ojos_abiertos,Fp1,27.5,563.6052875208068
ojos_abiertos,Fp1,28.0,522.184655352572
ojos_abiertos,Fp1,28.5,571.7330298871958
ojos_abiertos,Fp1,29.0,811.2749320894463
ojos_abiertos,Fp1,29.5,943.7454032262434
ojos_abiertos,Fp1,30.0,716.8827654357684
ojos_abiertos,Fp1,30.5,733.6320712626001
ojos_abiertos,Fp1,31.0,552.041231714269
ojos_abiertos,Fp1,31.5,654.1261376352654
ojos_abiertos,Fp1,32.0,686.9947515756462
ojos_abiertos,Fp1,32.5,553.2362572208382
ojos_abiertos,Fp1,33.0,559.3720832807174
ojos_abiertos,Fp1,33.5,469.81053528604093
ojos_abiertos,Fp1,34.0,428.74729116412897
ojos_abiertos,Fp1,34.5,490.54263716851653
ojos_abiertos,Fp1,35.0,447.1370629494398
ojos_abiertos,Fp1,35.5,349.4715666259627
ojos_abiertos,Fp1,36.0,394.3038477038532
ojos_abiertos,Fp1,36.5,368.2318700302653
ojos_abiertos,Fp1,37.0,305.038342529453
ojos_abiertos,Fp1,37.5,312.58417373818804
ojos_abiertos,Fp1,38.0,318.8434647033023
ojos_abiertos,Fp1,38.5,351.44820736624797
ojos_abiertos,Fp1,39.0,319.34262788514945
ojos_abiertos,Fp1,39.5,265.38768857916233
ojos_abiertos,Fp1,40.0,221.5565922588608
ojos_abiertos,Fp1,40.5,248.62915885399823
ojos_abiertos,Fp1,41.0,236.04664612297321
ojos_abiertos,Fp1,41.5,228.57074057024673
ojos_abiertos,Fp1,42.0,187.94102172600023
ojos_abiertos,Fp1,42.5,158.7821908457083
ojos_abiertos,Fp1,43.0,141.53406361724217
ojos_abiertos,Fp1,43.5,150.13576230956306
ojos_abiertos,Fp1,44.0,145.50425495063735
ojos_abiertos,Fp1,44.5,129.17868539099277
ojos_abiertos,Fp1,45.0,106.62395424900869
ojos_abiertos,Fp1,45.5,107.1177167461578
ojos_abiertos,Fp1,46.0,94.17698696180189
ojos_abiertos,Fp1,46.5,67.33410015846462
ojos_abiertos,Fp1,47.0,61.91636685976537
ojos_abiertos,Fp1,47.5,48.535442240875874
ojos_abiertos,Fp1,48.0,43.76064758123724
ojos_abiertos,Fp1,48.5,40.923345283690395
ojos_abiertos,Fp1,49.0,37.87177662279633
ojos_abiertos,Fp1,49.5,37.543150880461745
ojos_abiertos,Fp1,50.0,27.759505573517337
ojos_abiertos,Fp1,50.5,22.962634027602366
ojos_abiertos,Fp1,51.0,19.19494665250427
ojos_abiertos,Fp1,51.5,15.680766021057527
ojos_abiertos,Fp1,52.0,13.901817387827544
ojos_abiertos,Fp1,52.5,13.099338851265651
ojos_abiertos,Fp1,53.0,11.028116109034592
ojos_abiertos,Fp1,53.5,9.514815555311172
ojos_abiertos,Fp1,54.0,8.361405526097343
ojos_abiertos,Fp1,54.5,6.989707708076916
ojos_abiertos,Fp1,55.0,5.476672320815657
ojos_abiertos,Fp1,55.5,5.573113266456424
ojos_abiertos,Fp1,56.0,5.675684836122952
ojos_abiertos,Fp1,56.5,5.2192880229426315
ojos_abiertos,Fp1,57.0,3.8933396073228685
ojos_abiertos,Fp1,57.5,3.497719640067148
ojos_abiertos,Fp1,58.0,3.7233676453927287
ojos_abiertos,Fp1,58.5,2.9933394898498906
ojos_abiertos,Fp1,59.0,2.0047597928355505
ojos_abiertos,Fp1,59.5,1.8253547098818206
ojos_abiertos,Fp1,60.0,1.4439059926656719
ojos_abiertos,Fp1,60.5,1.4747233950162344
ojos_abiertos,Fp1,61.0,1.2217169265452668
ojos_abiertos,Fp1,61.5,1.0725866129080335
ojos_abiertos,Fp1,62.0,0.9179705493924907
ojos_abiertos,Fp1,62.5,0.7363568809012825
ojos_abiertos,Fp1,63.0,0.5770393029685328
ojos_abiertos,Fp1,63.5,0.5409543739479327
ojos_abiertos,Fp1,64.0,0.3854288516140181
ojos_abiertos,Fp1,64.5,0.36430251665535346
ojos_abiertos,Fp1,65.0,0.3648861546416893
ojos_abiertos,Fp1,65.5,0.30077895562253226
ojos_abiertos,Fp1,66.0,0.28755689457859124
ojos_abiertos,Fp1,66.5,0.18307991603523804
ojos_abiertos,Fp1,67.0,0.14503300155639842
ojos_abiertos,Fp1,67.5,0.131989301416908
ojos_abiertos,Fp1,68.0,0.11091976825611059
ojos_abiertos,Fp1,68.5,0.12737091512053533
ojos_abiertos,Fp1,69.0,0.11153671763852058
ojos_abiertos,Fp1,69.5,0.08564385149636967
ojos_abiertos,Fp1,70.0,0.07016536111659366
ojos_abiertos,Fp1,70.5,0.05822679582798885
ojos_abiertos,Fp1,71.0,0.054594638967754995
ojos_abiertos,Fp1,71.5,0.049704797007699
ojos_abiertos,Fp1,72.0,0.04334804108484161
ojos_abiertos,Fp1,72.5,0.029996147176783054
ojos_abiertos,Fp1,73.0,0.03895882443204161
ojos_abiertos,Fp1,73.5,0.03768526122651511
ojos_abiertos,Fp1,74.0,0.02590053704036922
ojos_abiertos,Fp1,74.5,0.018327074770688154
ojos_abiertos,Fp1,75.0,0.01589436782611038
ojos_abiertos,Fp1,75.5,0.014100853820420539
ojos_abiertos,Fp1,76.0,0.014245437808383126
ojos_abiertos,Fp1,76.5,0.012796170881226528
ojos_abiertos,Fp1,77.0,0.012258409391737909
ojos_abiertos,Fp1,77.5,0.007871641985156864
ojos_abiertos,Fp1,78.0,0.005036369898194222
ojos_abiertos,Fp1,78.5,0.005308717126730056
ojos_abiertos,Fp1,79.0,0.005739773132593129
ojos_abiertos,Fp1,79.5,0.00474346265710855
ojos_abiertos,Fp1,80.0,0.004924149591761575
ojos_abiertos,Fp1,80.5,0.004324668403341034
ojos_abiertos,Fp1,81.0,0.003845927661923165
ojos_abiertos,Fp1,81.5,0.003473179575574247
ojos_abiertos,Fp1,82.0,0.0024926483720918114
ojos_abiertos,Fp1,82.5,0.0020050418357963813
ojos_abiertos,Fp1,83.0,0.0021029944816823615
ojos_abiertos,Fp1,83.5,0.0018244311023866884
ojos_abiertos,Fp1,84.0,0.0016139133119858341
ojos_abiertos,Fp1,84.5,0.0013378933704064771
ojos_abiertos,Fp1,85.0,0.0010985687219520362
ojos_abiertos,Fp1,85.5,0.0008461300200514728
ojos_abiertos,Fp1,86.0,0.000844966833086104
ojos_abiertos,Fp1,86.5,0.0007698757008708262
ojos_abiertos,Fp1,87.0,0.0006838074317947278
ojos_abiertos,Fp1,87.5,0.0005891113181518491
ojos_abiertos,Fp1,88.0,0.0005547396555968653
ojos_abiertos,Fp1,88.5,0.0004895984011704281
ojos_abiertos,Fp1,89.0,0.00044173409675714347
ojos_abiertos,Fp1,89.5,0.00029969242164688646
ojos_abiertos,Fp1,90.0,0.00026765423594511434
ojos_abiertos,Fp1,90.5,0.0002651470833923793
ojos_abiertos,Fp1,91.0,0.0001971043066529934
ojos_abiertos,Fp1,91.5,0.00018486313061304906
ojos_abiertos,Fp1,92.0,0.00020471431236794574
ojos_abiertos,Fp1,92.5,0.00019457827931101387
ojos_abiertos,Fp1,93.0,0.00017983347604786065
ojos_abiertos,Fp1,93.5,0.00013770907386237644
ojos_abiertos,Fp1,94.0,0.00011511735202616469
ojos_abiertos,Fp1,94.5,0.00012071278129519233
ojos_abiertos,Fp1,95.0,9.740290631953234e-05
ojos_abiertos,Fp1,95.5,6.998048127020785e-05
ojos_abiertos,Fp1,96.0,5.8140826986594766e-05
ojos_abiertos,Fp1,96.5,5.761489956867555e-05
ojos_abiertos,Fp1,97.0,5.7078298422354846e-05
ojos_abiertos,Fp1,97.5,6.485485831400991e-05
ojos_abiertos,Fp1,98.0,4.6283340799347005e-05
ojos_abiertos,Fp1,98.5,3.9381210978108784e-05
ojos_abiertos,Fp1,99.0,4.246299642193717e-05
ojos_abiertos,Fp1,99.5,4.555591000632023e-05
ojos_abiertos,Fp1,100.0,3.860075807619032e-05
ojos_abiertos,Fp1,100.5,2.838242805500234e-05
ojos_abiertos,Fp1,101.0,2.0057492114606977e-05
ojos_abiertos,Fp1,101.5,2.023045292648774e-05
ojos_abiertos,Fp1,102.0,2.2148086007441954e-05
ojos_abiertos,Fp1,102.5,1.951773007354733e-05
ojos_abiertos,Fp1,103.0,1.5235311343386875e-05
ojos_abiertos,Fp1,103.5,1.3084953411534084e-05
ojos_abiertos,Fp1,104.0,1.3616503451282751e-05
ojos_abiertos,Fp1,104.5,1.2555007203136258e-05
ojos_abiertos,Fp1,105.0,1.0265608337255206e-05
ojos_abiertos,Fp1,105.5,7.345180971464481e-06
ojos_abiertos,Fp1,106.0,8.245364617501815e-06
ojos_abiertos,Fp1,106.5,8.19467428197607e-06
ojos_abiertos,Fp1,107.0,7.1529253187085535e-06
ojos_abiertos,Fp1,107.5,5.207813034037353e-06
ojos_abiertos,Fp1,108.0,5.444705339015089e-06
ojos_abiertos,Fp1,108.5,5.553907789361889e-06
ojos_abiertos,Fp1,109.0,5.382594385508577e-06
ojos_abiertos,Fp1,109.5,4.482929178011213e-06
ojos_abiertos,Fp1,110.0,3.123983390559909e-06
ojos_abiertos,Fp1,110.5,3.196820093953559e-06
ojos_abiertos,Fp1,111.0,2.6026763319563187e-06
ojos_abiertos,Fp1,111.5,2.72282234706843e-06
ojos_abiertos,Fp1,112.0,2.385633531996388e-06
ojos_abiertos,Fp1,112.5,2.228180217962889e-06
ojos_abiertos,Fp1,113.0,1.886640833072878e-06
ojos_abiertos,Fp1,113.5,1.939897023720366e-06
ojos_abiertos,Fp1,114.0,1.9697300072523316e-06
ojos_abiertos,Fp1,114.5,1.6332084166577695e-06
ojos_abiertos,Fp1,115.0,1.3166655475565092e-06
ojos_abiertos,Fp1,115.5,1.1607661178213854e-06
ojos_abiertos,Fp1,116.0,9.709495728476385e-07
ojos_abiertos,Fp1,116.5,9.237621130700215e-07
ojos_abiertos,Fp1,117.0,9.221734884805005e-07
ojos_abiertos,Fp1,117.5,7.366805788461709e-07
ojos_abiertos,Fp1,118.0,4.977777301210175e-07
ojos_abiertos,Fp1,118.5,6.097604732814709e-07
ojos_abiertos,Fp1,119.0,6.769006069616093e-07
ojos_abiertos,Fp1,119.5,7.167518317560938e-07
ojos_abiertos,Fp1,120.0,6.078026447610777e-07
ojos_abiertos,Fp1,120.5,4.052486020803814e-07
ojos_abiertos,Fp1,121.0,4.544659339346441e-07
ojos_abiertos,Fp1,121.5,4.0442701642562067e-07
ojos_abiertos,Fp1,122.0,3.564750497874389e-07
ojos_abiertos,Fp1,122.5,3.9551518451707945e-07
ojos_abiertos,Fp1,123.0,3.8108086186854443e-07
ojos_abiertos,Fp1,123.5,3.116759251579653e-07
ojos_abiertos,Fp1,124.0,2.922775258909746e-07
ojos_abiertos,Fp1,124.5,2.2605970021671878e-07
ojos_abiertos,Fp1,125.0,2.175161986738172e-07
ojos_abiertos,Fp1,125.5,1.678120693931248e-07
ojos_abiertos,Fp1,126.0,1.4349033172941367e-07
ojos_abiertos,Fp1,126.5,1.437968963005163e-07
ojos_abiertos,Fp1,127.0,1.4711485882766206e-07
ojos_abiertos,Fp1,127.5,1.2487357318324893e-07
ojos_abiertos,Fp1,128.0,1.0741900055242106e-07
ojos_abiertos,Fp1,128.5,1.221526850469952e-07
ojos_abiertos,Fp1,129.0,1.0558398241847249e-07
ojos_abiertos,Fp1,129.5,9.690136569060504e-08
ojos_abiertos,Fp1,130.0,8.437961027975118e-08
ojos_abiertos,Fp1,130.5,6.906096089303311e-08
ojos_abiertos,Fp1,131.0,5.0732793654827346e-08
ojos_abiertos,Fp1,131.5,5.339979013234272e-08
ojos_abiertos,Fp1,132.0,5.340445845184158e-08
ojos_abiertos,Fp1,132.5,4.783922267842465e-08
ojos_abiertos,Fp1,133.0,3.371547383336208e-08
ojos_abiertos,Fp1,133.5,3.164337512687396e-08
ojos_abiertos,Fp1,134.0,3.319839526903291e-08
ojos_abiertos,Fp1,134.5,3.4001292179410666e-08
ojos_abiertos,Fp1,135.0,3.8648021871937847e-08
ojos_abiertos,Fp1,135.5,3.1956087087600806e-08
ojos_abiertos,Fp1,136.0,2.9168009140712306e-08
ojos_abiertos,Fp1,136.5,2.6602595258195872e-08
ojos_abiertos,Fp1,137.0,2.221739095211652e-08
ojos_abiertos,Fp1,137.5,2.4040272269042535e-08
ojos_abiertos,Fp1,138.0,1.9458044769652555e-08
ojos_abiertos,Fp1,138.5,1.6409300642268914e-08
ojos_abiertos,Fp1,139.0,1.7797285746330112e-08
ojos_abiertos,Fp1,139.5,1.6783471100810662e-08
ojos_abiertos,Fp1,140.0,1.5541415722596902e-08
ojos_abiertos,Fp1,140.5,9.822682827097723e-09
ojos_abiertos,Fp1,141.0,1.0783420909263693e-08
ojos_abiertos,Fp1,141.5,9.571435613514738e-09
ojos_abiertos,Fp1,142.0,9.211779994515631e-09
ojos_abiertos,Fp1,142.5,1.1396716116612491e-08
ojos_abiertos,Fp1,143.0,9.007030923664796e-09
ojos_abiertos,Fp1,143.5,8.20869884150027e-09
ojos_abiertos,Fp1,144.0,8.843965749686422e-09
ojos_abiertos,Fp1,144.5,6.881569746093148e-09
ojos_abiertos,Fp1,145.0,7.335204486948259e-09
ojos_abiertos,Fp1,145.5,6.482479497947419e-09
ojos_abiertos,Fp1,146.0,5.354568721778554e-09
ojos_abiertos,Fp1,146.5,5.576907531480177e-09
ojos_abiertos,Fp1,147.0,5.696963714209654e-09
ojos_abiertos,Fp1,147.5,4.336469575507049e-09
ojos_abiertos,Fp1,148.0,3.777090264121916e-09
ojos_abiertos,Fp1,148.5,3.848707281809297e-09
ojos_abiertos,Fp1,149.0,3.3712942896122067e-09
ojos_abiertos,Fp1,149.5,2.9067887027198303e-09
ojos_abiertos,Fp1,150.0,3.4369874081395384e-09
ojos_abiertos,Fp1,150.5,3.4391125460889165e-09
ojos_abiertos,Fp1,151.0,2.6796136809088265e-09
ojos_abiertos,Fp1,151.5,2.6396425331129756e-09
ojos_abiertos,Fp1,152.0,2.2121162056294464e-09
ojos_abiertos,Fp1,152.5,1.8342304525914648e-09
ojos_abiertos,Fp1,153.0,1.9581668083757293e-09
ojos_abiertos,Fp1,153.5,1.8707704750610144e-09
ojos_abiertos,Fp1,154.0,1.796865575496832e-09
ojos_abiertos,Fp1,154.5,1.4822179093917144e-09
ojos_abiertos,Fp1,155.0,1.3081461229752768e-09
ojos_abiertos,Fp1,155.5,1.3782166420958531e-09
ojos_abiertos,Fp1,156.0,1.280060538775651e-09
ojos_abiertos,Fp1,156.5,1.0721136873123804e-09
ojos_abiertos,Fp1,157.0,1.144837380837666e-09
ojos_abiertos,Fp1,157.5,1.070464771839517e-09
ojos_abiertos,Fp1,158.0,9.466078548784245e-10
ojos_abiertos,Fp1,158.5,8.175563532212249e-10
ojos_abiertos,Fp1,159.0,7.258075423837095e-10
ojos_abiertos,Fp1,159.5,6.321947756353594e-10
ojos_abiertos,Fp1,160.0,6.576970051242121e-10
ojos_abiertos,Fp1,160.5,5.338280370453567e-10
ojos_abiertos,Fp1,161.0,5.294896949984664e-10
ojos_abiertos,Fp1,161.5,5.001481689873792e-10
ojos_abiertos,Fp1,162.0,4.500615425343343e-10
ojos_abiertos,Fp1,162.5,4.1206201792195027e-10
ojos_abiertos,Fp1,163.0,4.5738339969712717e-10
ojos_abiertos,Fp1,163.5,3.890336663147106e-10
ojos_abiertos,Fp1,164.0,3.1368225406827514e-10
ojos_abiertos,Fp1,164.5,3.014143678016923e-10
ojos_abiertos,Fp1,165.0,3.0367878696657067e-10
ojos_abiertos,Fp1,165.5,2.889981905596067e-10
ojos_abiertos,Fp1,166.0,3.091210543170149e-10
ojos_abiertos,Fp1,166.5,2.3093993178695792e-10
ojos_abiertos,Fp1,167.0,1.9192946889055276e-10
ojos_abiertos,Fp1,167.5,2.1329524272813233e-10
ojos_abiertos,Fp1,168.0,1.8679115556056912e-10
ojos_abiertos,Fp1,168.5,1.8782543846471612e-10
ojos_abiertos,Fp1,169.0,1.8551204091862158e-10
ojos_abiertos,Fp1,169.5,1.6627974178258882e-10
ojos_abiertos,Fp1,170.0,1.497540692928113e-10
ojos_abiertos,Fp1,170.5,1.4216350260393643e-10
ojos_abiertos,Fp1,171.0,1.28252185196448e-10
ojos_abiertos,Fp1,171.5,1.3367674629689603e-10
ojos_abiertos,Fp1,172.0,1.1275542569619898e-10
ojos_abiertos,Fp1,172.5,9.973155084877776e-11
ojos_abiertos,Fp1,173.0,8.835952248985097e-11
ojos_abiertos,Fp1,173.5,1.0626327248636959e-10
ojos_abiertos,Fp1,174.0,9.008870965781525e-11
ojos_abiertos,Fp1,174.5,9.207280399067202e-11
ojos_abiertos,Fp1,175.0,9.425486267110396e-11
ojos_abiertos,Fp1,175.5,7.688469200149715e-11
ojos_abiertos,Fp1,176.0,6.646342411723943e-11
ojos_abiertos,Fp1,176.5,6.510186653218173e-11
ojos_abiertos,Fp1,177.0,6.11812704040828e-11
ojos_abiertos,Fp1,177.5,5.7902921034297165e-11
ojos_abiertos,Fp1,178.0,5.808113874889414e-11
ojos_abiertos,Fp1,178.5,5.507898143333539e-11
ojos_abiertos,Fp1,179.0,5.0827130144380936e-11
ojos_abiertos,Fp1,179.5,4.6389988798652194e-11
ojos_abiertos,Fp1,180.0,4.205642596557476e-11
ojos_abiertos,Fp1,180.5,3.7197430441612136e-11
ojos_abiertos,Fp1,181.0,3.503730866778169e-11
ojos_abiertos,Fp1,181.5,3.627727049415795e-11
ojos_abiertos,Fp1,182.0,3.681768726035531e-11
ojos_abiertos,Fp1,182.5,2.6773535226608853e-11
ojos_abiertos,Fp1,183.0,2.570134911449413e-11
ojos_abiertos,Fp1,183.5,2.3208225382695795e-11
ojos_abiertos,Fp1,184.0,2.2705976928801604e-11
ojos_abiertos,Fp1,184.5,2.0176138148535532e-11
ojos_abiertos,Fp1,185.0,1.8062492288336124e-11
ojos_abiertos,Fp1,185.5,1.5887066522849316e-11
ojos_abiertos,Fp1,186.0,1.7770199155182045e-11
ojos_abiertos,Fp1,186.5,1.8863620812187595e-11
ojos_abiertos,Fp1,187.0,1.270281946513761e-11
ojos_abiertos,Fp1,187.5,1.389273479117976e-11
ojos_abiertos,Fp1,188.0,1.9275805408532415e-11
ojos_abiertos,Fp1,188.5,1.638562623740812e-11
ojos_abiertos,Fp1,189.0,9.821280331069413e-12
ojos_abiertos,Fp1,189.5,1.0813473900748379e-11
ojos_abiertos,Fp1,190.0,1.374600833052834e-11
ojos_abiertos,Fp1,190.5,1.1735335440713843e-11
ojos_abiertos,Fp1,191.0,1.1706924634359806e-11
ojos_abiertos,Fp1,191.5,8.703005805613524e-12
ojos_abiertos,Fp1,192.0,8.980305494975116e-12
ojos_abiertos,Fp1,192.5,1.0897991482517352e-11
ojos_abiertos,Fp1,193.0,8.395973863648041e-12
ojos_abiertos,Fp1,193.5,9.356894448986595e-12
ojos_abiertos,Fp1,194.0,6.434284445127921e-12
ojos_abiertos,Fp1,194.5,5.931917026133981e-12
ojos_abiertos,Fp1,195.0,5.931961052512546e-12
ojos_abiertos,Fp1,195.5,4.6674047728688956e-12
ojos_abiertos,Fp1,196.0,6.134961689348823e-12
ojos_abiertos,Fp1,196.5,5.518009582756889e-12
ojos_abiertos,Fp1,197.0,4.56526449263113e-12
ojos_abiertos,Fp1,197.5,5.016467298508208e-12
ojos_abiertos,Fp1,198.0,4.625628999888506e-12
ojos_abiertos,Fp1,198.5,4.109405888880999e-12
ojos_abiertos,Fp1,199.0,3.869036530342822e-12
ojos_abiertos,Fp1,199.5,4.9550980600908084e-12
ojos_abiertos,Fp1,200.0,3.680363571063264e-12
ojos_abiertos,Fp1,200.5,3.5378184599279787e-12
ojos_abiertos,Fp1,201.0,2.553691298492663e-12
ojos_abiertos,Fp1,201.5,3.271774806737799e-12
ojos_abiertos,Fp1,202.0,3.289563964803496e-12
ojos_abiertos,Fp1,202.5,3.0266327164573855e-12
ojos_abiertos,Fp1,203.0,2.703055285166769e-12
ojos_abiertos,Fp1,203.5,3.4180528771956782e-12
ojos_abiertos,Fp1,204.0,2.6786433353107327e-12
ojos_abiertos,Fp1,204.5,2.461775750826064e-12
ojos_abiertos,Fp1,205.0,2.093584521034188e-12
ojos_abiertos,Fp1,205.5,2.203201341979655e-12
ojos_abiertos,Fp1,206.0,2.2786612876570834e-12
ojos_abiertos,Fp1,206.5,2.1836494587658474e-12
ojos_abiertos,Fp1,207.0,1.9213395165646125e-12
ojos_abiertos,Fp1,207.5,2.2725222536954106e-12
ojos_abiertos,Fp1,208.0,1.5744197887833186e-12
ojos_abiertos,Fp1,208.5,2.0839424639142316e-12
ojos_abiertos,Fp1,209.0,1.6645231919294347e-12
ojos_abiertos,Fp1,209.5,2.137684777786897e-12
ojos_abiertos,Fp1,210.0,1.5961144914492788e-12
ojos_abiertos,Fp1,210.5,1.7897024996809774e-12
ojos_abiertos,Fp1,211.0,1.3255238802401694e-12
ojos_abiertos,Fp1,211.5,1.5306727174235758e-12
ojos_abiertos,Fp1,212.0,1.3395479682849217e-12
ojos_abiertos,Fp1,212.5,1.4209016905179397e-12
ojos_abiertos,Fp1,213.0,1.2911277892706602e-12
ojos_abiertos,Fp1,213.5,1.3732371223080638e-12
ojos_abiertos,Fp1,214.0,1.206840717169328e-12
ojos_abiertos,Fp1,214.5,1.161839181649491e-12
ojos_abiertos,Fp1,215.0,1.1243898809028131e-12
ojos_abiertos,Fp1,215.5,1.1786577192930488e-12
ojos_abiertos,Fp1,216.0,1.224181023867041e-12
ojos_abiertos,Fp1,216.5,1.0648209185001628e-12
ojos_abiertos,Fp1,217.0,1.1033669936697769e-12
ojos_abiertos,Fp1,217.5,1.0861154461526047e-12
ojos_abiertos,Fp1,218.0,9.141205546707663e-13
ojos_abiertos,Fp1,218.5,1.0713685590812943e-12
ojos_abiertos,Fp1,219.0,9.742279063669984e-13
ojos_abiertos,Fp1,219.5,9.647745537147114e-13
ojos_abiertos,Fp1,220.0,9.567872815602627e-13
ojos_abiertos,Fp1,220.5,9.109089891353874e-13
ojos_abiertos,Fp1,221.0,8.862808029894521e-13
ojos_abiertos,Fp1,221.5,8.207760044150312e-13
ojos_abiertos,Fp1,222.0,7.958852052253288e-13
ojos_abiertos,Fp1,222.5,8.477056839332113e-13
ojos_abiertos,Fp1,223.0,8.388694280196037e-13
ojos_abiertos,Fp1,223.5,7.33496437945685e-13
ojos_abiertos,Fp1,224.0,7.776245554076839e-13
ojos_abiertos,Fp1,224.5,7.068743010733731e-13
ojos_abiertos,Fp1,225.0,8.105813702301794e-13
ojos_abiertos,Fp1,225.5,6.839370105298797e-13
ojos_abiertos,Fp1,226.0,7.483858864380442e-13
ojos_abiertos,Fp1,226.5,6.891408868477557e-13
ojos_abiertos,Fp1,227.0,6.935592350261803e-13
ojos_abiertos,Fp1,227.5,6.727988073521787e-13
ojos_abiertos,Fp1,228.0,6.72878428421247e-13
ojos_abiertos,Fp1,228.5,6.864271130527376e-13
ojos_abiertos,Fp1,229.0,5.873115648230102e-13
ojos_abiertos,Fp1,229.5,6.295029385497303e-13
ojos_abiertos,Fp1,230.0,5.776626479279418e-13
ojos_abiertos,Fp1,230.5,5.917175373947453e-13
ojos_abiertos,Fp1,231.0,5.75986999466737e-13
ojos_abiertos,Fp1,231.5,5.747903761811729e-13
ojos_abiertos,Fp1,232.0,6.052548422612921e-13
ojos_abiertos,Fp1,232.5,5.081115077095268e-13
ojos_abiertos,Fp1,233.0,5.592454841367384e-13
ojos_abiertos,Fp1,233.5,5.437994893870941e-13
ojos_abiertos,Fp1,234.0,5.50063811144275e-13
ojos_abiertos,Fp1,234.5,5.080098116972887e-13
ojos_abiertos,Fp1,235.0,4.917822084581387e-13
ojos_abiertos,Fp1,235.5,5.170859928465838e-13
ojos_abiertos,Fp1,236.0,5.055974187665316e-13
ojos_abiertos,Fp1,236.5,4.875723905240311e-13
ojos_abiertos,Fp1,237.0,4.652349015653999e-13
ojos_abiertos,Fp1,237.5,4.827237823582004e-13
ojos_abiertos,Fp1,238.0,4.320264956675353e-13
ojos_abiertos,Fp1,238.5,4.871889492533239e-13
ojos_abiertos,Fp1,239.0,4.3643250803860614e-13
ojos_abiertos,Fp1,239.5,4.2531831099047473e-13
ojos_abiertos,Fp1,240.0,4.628156886622569e-13
ojos_abiertos,Fp1,240.5,4.1280172758260903e-13
ojos_abiertos,Fp1,241.0,4.2501417748710477e-13
ojos_abiertos,Fp1,241.5,4.190314283358981e-13
ojos_abiertos,Fp1,242.0,4.1145671123957957e-13
ojos_abiertos,Fp1,242.5,4.1060226324531137e-13
ojos_abiertos,Fp1,243.0,3.8131984074851754e-13
ojos_abiertos,Fp1,243.5,4.0604582308405597e-13
ojos_abiertos,Fp1,244.0,3.8709471082773526e-13
ojos_abiertos,Fp1,244.5,3.751753512069084e-13
ojos_abiertos,Fp1,245.0,3.66602542639899e-13
ojos_abiertos,Fp1,245.5,3.8431785449432354e-13
ojos_abiertos,Fp1,246.0,3.5121560035675155e-13
ojos_abiertos,Fp1,246.5,3.580744374118577e-13
ojos_abiertos,Fp1,247.0,3.669042838646277e-13
ojos_abiertos,Fp1,247.5,3.372792372656689e-13
ojos_abiertos,Fp1,248.0,3.452602261758334e-13
ojos_abiertos,Fp1,248.5,3.444421221284757e-13
ojos_abiertos,Fp1,249.0,3.296435040592208e-13
ojos_abiertos,Fp1,249.5,3.356257235330421e-13
ojos_abiertos,Fp1,250.0,3.2177415564091843e-13
ojos_abiertos,Fp1,250.5,3.167015356017806e-13
ojos_abiertos,Fp1,251.0,3.195862550782325e-13
ojos_abiertos,Fp1,251.5,3.1638951076473174e-13
ojos_abiertos,Fp1,252.0,2.955167516701619e-13
ojos_abiertos,Fp1,252.5,3.074140776183139e-13
ojos_abiertos,Fp1,253.0,3.0128220412567353e-13
ojos_abiertos,Fp1,253.5,2.9647901070841626e-13
ojos_abiertos,Fp1,254.0,2.8465086541627296e-13
ojos_abiertos,Fp1,254.5,2.8915874855991317e-13
ojos_abiertos,Fp1,255.0,2.866402677816786e-13
ojos_abiertos,Fp1,255.5,2.757414613991354e-13
ojos_abiertos,Fp1,256.0,2.8446101548160747e-13
ojos_abiertos,Fp1,256.5,2.63215059058656e-13
ojos_abiertos,Fp1,257.0,2.773000398348076e-13
ojos_abiertos,Fp1,257.5,2.5927842006894613e-13
ojos_abiertos,Fp1,258.0,2.6388749279384703e-13
ojos_abiertos,Fp1,258.5,2.570739827557343e-13
ojos_abiertos,Fp1,259.0,2.576611454664439e-13
ojos_abiertos,Fp1,259.5,2.461789742073264e-13
ojos_abiertos,Fp1,260.0,2.5497867084098797e-13
ojos_abiertos,Fp1,260.5,2.3928390254055913e-13
ojos_abiertos,Fp1,261.0,2.4481400228243045e-13
ojos_abiertos,Fp1,261.5,2.3551689796239573e-13
ojos_abiertos,Fp1,262.0,2.4176018065129655e-13
ojos_abiertos,Fp1,262.5,2.3157279151945895e-13
ojos_abiertos,Fp1,263.0,2.3041067996265783e-13
ojos_abiertos,Fp1,263.5,2.2580764025961866e-13
ojos_abiertos,Fp1,264.0,2.2402820238262451e-13
ojos_abiertos,Fp1,264.5,2.188827244730582e-13
ojos_abiertos,Fp1,265.0,2.208279843140021e-13
ojos_abiertos,Fp1,265.5,2.1482776195280723e-13
ojos_abiertos,Fp1,266.0,2.1587077131829953e-13
ojos_abiertos,Fp1,266.5,2.0747627839010373e-13
ojos_abiertos,Fp1,267.0,2.1030518274948865e-13
ojos_abiertos,Fp1,267.5,2.0292237060672817e-13
ojos_abiertos,Fp1,268.0,2.0454655900322332e-13
ojos_abiertos,Fp1,268.5,1.9890245780410563e-13
ojos_abiertos,Fp1,269.0,1.9857335145523208e-13
ojos_abiertos,Fp1,269.5,1.9360860031979885e-13
ojos_abiertos,Fp1,270.0,1.958566468372192e-13
ojos_abiertos,Fp1,270.5,1.8778574433367977e-13
ojos_abiertos,Fp1,271.0,1.8961290001296786e-13
ojos_abiertos,Fp1,271.5,1.872879304803e-13
ojos_abiertos,Fp1,272.0,1.821956287435613e-13
ojos_abiertos,Fp1,272.5,1.8271495286455763e-13
ojos_abiertos,Fp1,273.0,1.7763482975501494e-13
ojos_abiertos,Fp1,273.5,1.7759877444548543e-13
ojos_abiertos,Fp1,274.0,1.7513247204630645e-13
ojos_abiertos,Fp1,274.5,1.721047109980221e-13
ojos_abiertos,Fp1,275.0,1.7153844462089803e-13
ojos_abiertos,Fp1,275.5,1.686357446563787e-13
ojos_abiertos,Fp1,276.0,1.6545423584967465e-13
ojos_abiertos,Fp1,276.5,1.6523881072177899e-13
ojos_abiertos,Fp1,277.0,1.619132726781575e-13
ojos_abiertos,Fp1,277.5,1.6141765192550427e-13
ojos_abiertos,Fp1,278.0,1.573471963684094e-13
ojos_abiertos,Fp1,278.5,1.5818530418159282e-13
ojos_abiertos,Fp1,279.0,1.5505009821745046e-13
ojos_abiertos,Fp1,279.5,1.51834989976841e-13
ojos_abiertos,Fp1,280.0,1.519646046181983e-13
ojos_abiertos,Fp1,280.5,1.4884488829486275e-13
ojos_abiertos,Fp1,281.0,1.483031766349689e-13
ojos_abiertos,Fp1,281.5,1.4582435289975415e-13
ojos_abiertos,Fp1,282.0,1.438771884803616e-13
ojos_abiertos,Fp1,282.5,1.424750685247009e-13
ojos_abiertos,Fp1,283.0,1.4094433980161625e-13
ojos_abiertos,Fp1,283.5,1.3905501325728894e-13
ojos_abiertos,Fp1,284.0,1.3724278997781763e-13
ojos_abiertos,Fp1,284.5,1.3534126498915585e-13
ojos_abiertos,Fp1,285.0,1.35796168675072e-13
ojos_abiertos,Fp1,285.5,1.3156240014835275e-13
ojos_abiertos,Fp1,286.0,1.308736400973137e-13
ojos_abiertos,Fp1,286.5,1.3027633962670123e-13
ojos_abiertos,Fp1,287.0,1.2773045602890712e-13
ojos_abiertos,Fp1,287.5,1.266379701825952e-13
ojos_abiertos,Fp1,288.0,1.2491595317706997e-13
ojos_abiertos,Fp1,288.5,1.2340807926012197e-13
ojos_abiertos,Fp1,289.0,1.225485199345058e-13
ojos_abiertos,Fp1,289.5,1.2081222197608329e-13
ojos_abiertos,Fp1,290.0,1.1955859127279114e-13
ojos_abiertos,Fp1,290.5,1.1744680046985365e-13
ojos_abiertos,Fp1,291.0,1.168119044071652e-13
ojos_abiertos,Fp1,291.5,1.1546428141516348e-13
ojos_abiertos,Fp1,292.0,1.1364240749617049e-13
ojos_abiertos,Fp1,292.5,1.1268835877872922e-13
ojos_abiertos,Fp1,293.0,1.1118969097992156e-13
ojos_abiertos,Fp1,293.5,1.1039770572752082e-13
ojos_abiertos,Fp1,294.0,1.0822178982624887e-13
ojos_abiertos,Fp1,294.5,1.0797774059982362e-13
ojos_abiertos,Fp1,295.0,1.061176492338962e-13
ojos_abiertos,Fp1,295.5,1.0510336638721193e-13
ojos_abiertos,Fp1,296.0,1.0376228789690665e-13
ojos_abiertos,Fp1,296.5,1.0259343448428275e-13
ojos_abiertos,Fp1,297.0,1.0165280746339058e-13
ojos_abiertos,Fp1,297.5,1.0008399286270056e-13
ojos_abiertos,Fp1,298.0,9.941925537560825e-14
ojos_abiertos,Fp1,298.5,9.784060780780875e-14
ojos_abiertos,Fp1,299.0,9.705799618738206e-14
ojos_abiertos,Fp1,299.5,9.573687934301e-14
ojos_abiertos,Fp1,300.0,9.469927169686646e-14
ojos_abiertos,Fp1,300.5,9.377045025519146e-14
ojos_abiertos,Fp1,301.0,9.24249606302815e-14
ojos_abiertos,Fp1,301.5,9.161017144905272e-14
ojos_abiertos,Fp1,302.0,9.051764265516202e-14
ojos_abiertos,Fp1,302.5,8.958840901860389e-14
ojos_abiertos,Fp1,303.0,8.822494155058211e-14
ojos_abiertos,Fp1,303.5,8.756703286822096e-14
ojos_abiertos,Fp1,304.0,8.654594536319055e-14
ojos_abiertos,Fp1,304.5,8.538413595291415e-14
ojos_abiertos,Fp1,305.0,8.457470226316843e-14
ojos_abiertos,Fp1,305.5,8.360682280595234e-14
ojos_abiertos,Fp1,306.0,8.259986743733811e-14
ojos_abiertos,Fp1,306.5,8.169595543001786e-14
ojos_abiertos,Fp1,307.0,8.08942270235287e-14
ojos_abiertos,Fp1,307.5,7.984719796702146e-14
ojos_abiertos,Fp1,308.0,7.897434549771572e-14
ojos_abiertos,Fp1,308.5,7.807023490178413e-14
ojos_abiertos,Fp1,309.0,7.719514761091348e-14
ojos_abiertos,Fp1,309.5,7.640098745319264e-14
ojos_abiertos,Fp1,310.0,7.560860517470038e-14
ojos_abiertos,Fp1,310.5,7.45287842920634e-14
ojos_abiertos,Fp1,311.0,7.382166284851046e-14
ojos_abiertos,Fp1,311.5,7.303001086879132e-14
ojos_abiertos,Fp1,312.0,7.217452271513724e-14
ojos_abiertos,Fp1,312.5,7.141806724744064e-14
ojos_abiertos,Fp1,313.0,7.05393663299688e-14
ojos_abiertos,Fp1,313.5,6.990011424692899e-14
ojos_abiertos,Fp1,314.0,6.894926445822132e-14
ojos_abiertos,Fp1,314.5,6.826325358310264e-14
ojos_abiertos,Fp1,315.0,6.74702140217619e-14
ojos_abiertos,Fp1,315.5,6.681615781809856e-14
ojos_abiertos,Fp1,316.0,6.597252266827441e-14
ojos_abiertos,Fp1,316.5,6.52233554338651e-14
ojos_abiertos,Fp1,317.0,6.459890039718693e-14
ojos_abiertos,Fp1,317.5,6.382843066979506e-14
ojos_abiertos,Fp1,318.0,6.307872147894482e-14
ojos_abiertos,Fp1,318.5,6.251693435198043e-14
ojos_abiertos,Fp1,319.0,6.170165298929546e-14
ojos_abiertos,Fp1,319.5,6.099171604998304e-14
ojos_abiertos,Fp1,320.0,6.048799337409694e-14
ojos_abiertos,Fp1,320.5,5.9634871246103e-14
ojos_abiertos,Fp1,321.0,5.906356442919469e-14
ojos_abiertos,Fp1,321.5,5.84065214542257e-14
ojos_abiertos,Fp1,322.0,5.772451980258465e-14
ojos_abiertos,Fp1,322.5,5.718424243875202e-14
ojos_abiertos,Fp1,323.0,5.642177946017838e-14
ojos_abiertos,Fp1,323.5,5.586694402954347e-14
ojos_abiertos,Fp1,324.0,5.5277772470050365e-14
ojos_abiertos,Fp1,324.5,5.4672078804246135e-14
ojos_abiertos,Fp1,325.0,5.4010036167757294e-14
ojos_abiertos,Fp1,325.5,5.346168578250899e-14
ojos_abiertos,Fp1,326.0,5.2841891585869544e-14
ojos_abiertos,Fp1,326.5,5.22378558850216e-14
ojos_abiertos,Fp1,327.0,5.1752619209489254e-14
ojos_abiertos,Fp1,327.5,5.112383521809204e-14
ojos_abiertos,Fp1,328.0,5.0565512092760374e-14
ojos_abiertos,Fp1,328.5,5.000689861431553e-14
ojos_abiertos,Fp1,329.0,4.946894207802137e-14
ojos_abiertos,Fp1,329.5,4.89252774362098e-14
ojos_abiertos,Fp1,330.0,4.841739187634454e-14
ojos_abiertos,Fp1,330.5,4.78458268491618e-14
ojos_abiertos,Fp1,331.0,4.730914980818e-14
ojos_abiertos,Fp1,331.5,4.680721730572355e-14
ojos_abiertos,Fp1,332.0,4.6327049976132986e-14
ojos_abiertos,Fp1,332.5,4.57849866092361e-14
ojos_abiertos,Fp1,333.0,4.527549057555983e-14
ojos_abiertos,Fp1,333.5,4.481958167900806e-14
ojos_abiertos,Fp1,334.0,4.428325728619479e-14
ojos_abiertos,Fp1,334.5,4.3825574893008205e-14
ojos_abiertos,Fp1,335.0,4.3331180842922e-14
ojos_abiertos,Fp1,335.5,4.2857016131421066e-14
ojos_abiertos,Fp1,336.0,4.2408595778901044e-14
ojos_abiertos,Fp1,336.5,4.19222465365031e-14
ojos_abiertos,Fp1,337.0,4.148060594661871e-14
ojos_abiertos,Fp1,337.5,4.101593305793611e-14
ojos_abiertos,Fp1,338.0,4.055621568884972e-14
ojos_abiertos,Fp1,338.5,4.013080624393286e-14
ojos_abiertos,Fp1,339.0,3.9675837898129266e-14
ojos_abiertos,Fp1,339.5,3.9259619755545555e-14
ojos_abiertos,Fp1,340.0,3.881889614472023e-14
ojos_abiertos,Fp1,340.5,3.839203376840103e-14
ojos_abiertos,Fp1,341.0,3.797713767582306e-14
ojos_abiertos,Fp1,341.5,3.755586971306118e-14
ojos_abiertos,Fp1,342.0,3.715452287096124e-14
ojos_abiertos,Fp1,342.5,3.674470792387588e-14
ojos_abiertos,Fp1,343.0,3.6332046959415743e-14
ojos_abiertos,Fp1,343.5,3.5943939492313866e-14
ojos_abiertos,Fp1,344.0,3.554612002993402e-14
ojos_abiertos,Fp1,344.5,3.516559780337972e-14
ojos_abiertos,Fp1,345.0,3.4775309588633634e-14
ojos_abiertos,Fp1,345.5,3.438456373215603e-14
ojos_abiertos,Fp1,346.0,3.40147934069978e-14
ojos_abiertos,Fp1,346.5,3.364487078151533e-14
ojos_abiertos,Fp1,347.0,3.3279126495691956e-14
ojos_abiertos,Fp1,347.5,3.290928977862668e-14
ojos_abiertos,Fp1,348.0,3.2536514547800136e-14
ojos_abiertos,Fp1,348.5,3.220623480572427e-14
ojos_abiertos,Fp1,349.0,3.1835708307600775e-14
ojos_abiertos,Fp1,349.5,3.1480711292606105e-14
ojos_abiertos,Fp1,350.0,3.1151617119134826e-14
ojos_abiertos,Fp1,350.5,3.0799131321855966e-14
ojos_abiertos,Fp1,351.0,3.046320947098692e-14
ojos_abiertos,Fp1,351.5,3.0129264419156105e-14
ojos_abiertos,Fp1,352.0,2.9794753414726097e-14
ojos_abiertos,Fp1,352.5,2.947108802532014e-14
ojos_abiertos,Fp1,353.0,2.9144150117128395e-14
ojos_abiertos,Fp1,353.5,2.8824942658668795e-14
ojos_abiertos,Fp1,354.0,2.850590859204046e-14
ojos_abiertos,Fp1,354.5,2.8196051813809294e-14
ojos_abiertos,Fp1,355.0,2.788309686462272e-14
ojos_abiertos,Fp1,355.5,2.7574634134094674e-14
ojos_abiertos,Fp1,356.0,2.727155695528925e-14
ojos_abiertos,Fp1,356.5,2.696864091927723e-14
ojos_abiertos,Fp1,357.0,2.667457578477278e-14
ojos_abiertos,Fp1,357.5,2.6376105386348665e-14
ojos_abiertos,Fp1,358.0,2.6088435550212562e-14
ojos_abiertos,Fp1,358.5,2.579952280722954e-14
ojos_abiertos,Fp1,359.0,2.5508936359571834e-14
ojos_abiertos,Fp1,359.5,2.5232592458423733e-14
ojos_abiertos,Fp1,360.0,2.4950395467741782e-14
ojos_abiertos,Fp1,360.5,2.4676599138632256e-14
ojos_abiertos,Fp1,361.0,2.439731603858465e-14
ojos_abiertos,Fp1,361.5,2.4131859768168e-14
ojos_abiertos,Fp1,362.0,2.386276580289068e-14
ojos_abiertos,Fp1,362.5,2.359529374752821e-14
ojos_abiertos,Fp1,363.0,2.3334788677581977e-14
ojos_abiertos,Fp1,363.5,2.307515097306149e-14
ojos_abiertos,Fp1,364.0,2.281727447212868e-14
ojos_abiertos,Fp1,364.5,2.2562942484219406e-14
ojos_abiertos,Fp1,365.0,2.231319164087947e-14
ojos_abiertos,Fp1,365.5,2.206147291555498e-14
ojos_abiertos,Fp1,366.0,2.1816847661754535e-14
ojos_abiertos,Fp1,366.5,2.1571826243100554e-14
ojos_abiertos,Fp1,367.0,2.133160228907231e-14
ojos_abiertos,Fp1,367.5,2.1092302002918088e-14
ojos_abiertos,Fp1,368.0,2.0854191238268586e-14
ojos_abiertos,Fp1,368.5,2.0623056271099857e-14
ojos_abiertos,Fp1,369.0,2.0389228489323303e-14
ojos_abiertos,Fp1,369.5,2.016088954802532e-14
ojos_abiertos,Fp1,370.0,1.9933881145566592e-14
ojos_abiertos,Fp1,370.5,1.9709847072910653e-14
ojos_abiertos,Fp1,371.0,1.948649647012147e-14
ojos_abiertos,Fp1,371.5,1.9267950162778465e-14
ojos_abiertos,Fp1,372.0,1.9049493992503544e-14
ojos_abiertos,Fp1,372.5,1.8834058382358172e-14
ojos_abiertos,Fp1,373.0,1.8620727780339506e-14
ojos_abiertos,Fp1,373.5,1.841027416412377e-14
ojos_abiertos,Fp1,374.0,1.820030808797811e-14
ojos_abiertos,Fp1,374.5,1.7995248878464598e-14
ojos_abiertos,Fp1,375.0,1.778918153044817e-14
ojos_abiertos,Fp1,375.5,1.7586920812256516e-14
ojos_abiertos,Fp1,376.0,1.7386735505966492e-14
ojos_abiertos,Fp1,376.5,1.718849864044215e-14
ojos_abiertos,Fp1,377.0,1.6991102041449638e-14
ojos_abiertos,Fp1,377.5,1.679688132535663e-14
ojos_abiertos,Fp1,378.0,1.6606553162147087e-14
ojos_abiertos,Fp1,378.5,1.6413086358944705e-14
ojos_abiertos,Fp1,379.0,1.6226659222704148e-14
ojos_abiertos,Fp1,379.5,1.6038929874596723e-14
ojos_abiertos,Fp1,380.0,1.585412887639519e-14
ojos_abiertos,Fp1,380.5,1.5671625150273094e-14
ojos_abiertos,Fp1,381.0,1.5491056511969186e-14
ojos_abiertos,Fp1,381.5,1.531153841464445e-14
ojos_abiertos,Fp1,382.0,1.5133805812079354e-14
ojos_abiertos,Fp1,382.5,1.4958516704967188e-14
ojos_abiertos,Fp1,383.0,1.4784575409014772e-14
ojos_abiertos,Fp1,383.5,1.461350727999176e-14
ojos_abiertos,Fp1,384.0,1.4441787302264668e-14
ojos_abiertos,Fp1,384.5,1.4274086630436218e-14
ojos_abiertos,Fp1,385.0,1.410698932992625e-14
ojos_abiertos,Fp1,385.5,1.3942099485075628e-14
ojos_abiertos,Fp1,386.0,1.3778169691260837e-14
ojos_abiertos,Fp1,386.5,1.3616594154370063e-14
ojos_abiertos,Fp1,387.0,1.3456372313761287e-14
ojos_abiertos,Fp1,387.5,1.3297502559981145e-14
ojos_abiertos,Fp1,388.0,1.314078192515395e-14
ojos_abiertos,Fp1,388.5,1.29854351168147e-14
ojos_abiertos,Fp1,389.0,1.2831183439085865e-14
ojos_abiertos,Fp1,389.5,1.2679234108077688e-14
ojos_abiertos,Fp1,390.0,1.2528270726961617e-14
ojos_abiertos,Fp1,390.5,1.2379101200837777e-14
ojos_abiertos,Fp1,391.0,1.2231268186894399e-14
ojos_abiertos,Fp1,391.5,1.2084979877692375e-14
ojos_abiertos,Fp1,392.0,1.1940453067705932e-14
ojos_abiertos,Fp1,392.5,1.1796831848398636e-14
ojos_abiertos,Fp1,393.0,1.1655021217265906e-14
ojos_abiertos,Fp1,393.5,1.1514504236909019e-14
ojos_abiertos,Fp1,394.0,1.1375611201847747e-14
ojos_abiertos,Fp1,394.5,1.1237737874355154e-14
ojos_abiertos,Fp1,395.0,1.1101606723098353e-14
ojos_abiertos,Fp1,395.5,1.096674606074977e-14
ojos_abiertos,Fp1,396.0,1.0833001075390784e-14
ojos_abiertos,Fp1,396.5,1.0700987705487389e-14
ojos_abiertos,Fp1,397.0,1.0570032209974605e-14
ojos_abiertos,Fp1,397.5,1.0440472046731615e-14
ojos_abiertos,Fp1,398.0,1.0312174212454096e-14
ojos_abiertos,Fp1,398.5,1.018525082487193e-14
ojos_abiertos,Fp1,399.0,1.0059673813978813e-14
ojos_abiertos,Fp1,399.5,9.934974971284272e-15
ojos_abiertos,Fp1,400.0,9.812025091927878e-15
ojos_abiertos,Fp1,400.5,9.690004407094556e-15
ojos_abiertos,Fp1,401.0,9.569330643648508e-15
ojos_abiertos,Fp1,401.5,9.4497725461302e-15
ojos_abiertos,Fp1,402.0,9.331569390134852e-15
ojos_abiertos,Fp1,402.5,9.214355502190593e-15
ojos_abiertos,Fp1,403.0,9.098508838264267e-15
ojos_abiertos,Fp1,403.5,8.983711708288182e-15
ojos_abiertos,Fp1,404.0,8.870123668852828e-15
ojos_abiertos,Fp1,404.5,8.757696709279734e-15
ojos_abiertos,Fp1,405.0,8.646388046474838e-15
ojos_abiertos,Fp1,405.5,8.536078897056694e-15
ojos_abiertos,Fp1,406.0,8.427085457226584e-15
ojos_abiertos,Fp1,406.5,8.31911378582068e-15
ojos_abiertos,Fp1,407.0,8.212125969012866e-15
ojos_abiertos,Fp1,407.5,8.106439283679976e-15
ojos_abiertos,Fp1,408.0,8.001586175678785e-15
ojos_abiertos,Fp1,408.5,7.897918922963487e-15
ojos_abiertos,Fp1,409.0,7.79534611397125e-15
ojos_abiertos,Fp1,409.5,7.69366236272088e-15
ojos_abiertos,Fp1,410.0,7.59316749957614e-15
ojos_abiertos,Fp1,410.5,7.493592752158945e-15
ojos_abiertos,Fp1,411.0,7.395045324123364e-15
ojos_abiertos,Fp1,411.5,7.29750588044755e-15
ojos_abiertos,Fp1,412.0,7.200983955601308e-15
ojos_abiertos,Fp1,412.5,7.1054211728829284e-15
ojos_abiertos,Fp1,413.0,7.010807726397028e-15
ojos_abiertos,Fp1,413.5,6.917179464286951e-15
ojos_abiertos,Fp1,414.0,6.824532024652497e-15
ojos_abiertos,Fp1,414.5,6.732790403034711e-15
ojos_abiertos,Fp1,415.0,6.642004247350667e-15
ojos_abiertos,Fp1,415.5,6.552137873153718e-15
ojos_abiertos,Fp1,416.0,6.463215810279975e-15
ojos_abiertos,Fp1,416.5,6.375175145843773e-15
ojos_abiertos,Fp1,417.0,6.288047884719937e-15
ojos_abiertos,Fp1,417.5,6.201821242577317e-15
ojos_abiertos,Fp1,418.0,6.116477542788434e-15
ojos_abiertos,Fp1,418.5,6.032016102299133e-15
ojos_abiertos,Fp1,419.0,5.948418149045323e-15
ojos_abiertos,Fp1,419.5,5.865689926248724e-15
ojos_abiertos,Fp1,420.0,5.783812478281221e-15
ojos_abiertos,Fp1,420.5,5.7027892830989445e-15
ojos_abiertos,Fp1,421.0,5.622596953537768e-15
ojos_abiertos,Fp1,421.5,5.543241538512654e-15
ojos_abiertos,Fp1,422.0,5.4647159998777574e-15
ojos_abiertos,Fp1,422.5,5.387004181975501e-15
ojos_abiertos,Fp1,423.0,5.310103263955139e-15
ojos_abiertos,Fp1,423.5,5.233999233136099e-15
ojos_abiertos,Fp1,424.0,5.1587066205504604e-15
ojos_abiertos,Fp1,424.5,5.084189541208093e-15
ojos_abiertos,Fp1,425.0,5.010464286016765e-15
ojos_abiertos,Fp1,425.5,4.937511113551522e-15
ojos_abiertos,Fp1,426.0,4.865324274369161e-15
ojos_abiertos,Fp1,426.5,4.793905437849176e-15
ojos_abiertos,Fp1,427.0,4.723240460506844e-15
ojos_abiertos,Fp1,427.5,4.653327294055158e-15
ojos_abiertos,Fp1,428.0,4.5841546429186766e-15
ojos_abiertos,Fp1,428.5,4.51571375178077e-15
ojos_abiertos,Fp1,429.0,4.448019519683262e-15
ojos_abiertos,Fp1,429.5,4.381030888894317e-15
ojos_abiertos,Fp1,430.0,4.314771315893185e-15
ojos_abiertos,Fp1,430.5,4.249224083033504e-15
ojos_abiertos,Fp1,431.0,4.184380230056818e-15
ojos_abiertos,Fp1,431.5,4.120239739946074e-15
ojos_abiertos,Fp1,432.0,4.0567895247141905e-15
ojos_abiertos,Fp1,432.5,3.9940342135394934e-15
ojos_abiertos,Fp1,433.0,3.931959420772001e-15
ojos_abiertos,Fp1,433.5,3.870561280280499e-15
ojos_abiertos,Fp1,434.0,3.8098366959823884e-15
ojos_abiertos,Fp1,434.5,3.749782644574229e-15
ojos_abiertos,Fp1,435.0,3.6903837669382296e-15
ojos_abiertos,Fp1,435.5,3.631645707910781e-15
ojos_abiertos,Fp1,436.0,3.573557244672749e-15
ojos_abiertos,Fp1,436.5,3.516116129726738e-15
ojos_abiertos,Fp1,437.0,3.459312038906293e-15
ojos_abiertos,Fp1,437.5,3.4031472765690047e-15
ojos_abiertos,Fp1,438.0,3.347611911913737e-15
ojos_abiertos,Fp1,438.5,3.2927030844688697e-15
ojos_abiertos,Fp1,439.0,3.238413391313786e-15
ojos_abiertos,Fp1,439.5,3.184742243519782e-15
ojos_abiertos,Fp1,440.0,3.1316806731435515e-15
ojos_abiertos,Fp1,440.5,3.0792271368726685e-15
ojos_abiertos,Fp1,441.0,3.0273746235562174e-15
ojos_abiertos,Fp1,441.5,2.9761200949379556e-15
ojos_abiertos,Fp1,442.0,2.9254592804639442e-15
ojos_abiertos,Fp1,442.5,2.875386462498655e-15
ojos_abiertos,Fp1,443.0,2.825898237823283e-15
ojos_abiertos,Fp1,443.5,2.7769893020052985e-15
ojos_abiertos,Fp1,444.0,2.7286565941189326e-15
ojos_abiertos,Fp1,444.5,2.6808951745608876e-15
ojos_abiertos,Fp1,445.0,2.6337014988819158e-15
ojos_abiertos,Fp1,445.5,2.5870700475136556e-15
ojos_abiertos,Fp1,446.0,2.5409984943330098e-15
ojos_abiertos,Fp1,446.5,2.495481563015664e-15
ojos_abiertos,Fp1,447.0,2.4505163957597075e-15
ojos_abiertos,Fp1,447.5,2.4060981350938982e-15
ojos_abiertos,Fp1,448.0,2.362223035423569e-15
ojos_abiertos,Fp1,448.5,2.318888383225894e-15
ojos_abiertos,Fp1,449.0,2.276088920575791e-15
ojos_abiertos,Fp1,449.5,2.233822118989724e-15
ojos_abiertos,Fp1,450.0,2.1920835645146072e-15
ojos_abiertos,Fp1,450.5,2.1508704166161517e-15
ojos_abiertos,Fp1,451.0,2.110178442312013e-15
ojos_abiertos,Fp1,451.5,2.070004412907491e-15
ojos_abiertos,Fp1,452.0,2.030345195610951e-15
ojos_abiertos,Fp1,452.5,1.9911967816220367e-15
ojos_abiertos,Fp1,453.0,1.95255635803832e-15
ojos_abiertos,Fp1,453.5,1.9144203078105726e-15
ojos_abiertos,Fp1,454.0,1.876785582897445e-15
ojos_abiertos,Fp1,454.5,1.8396487877677063e-15
ojos_abiertos,Fp1,455.0,1.803006932159611e-15
ojos_abiertos,Fp1,455.5,1.7668567678822397e-15
ojos_abiertos,Fp1,456.0,1.7311952272317927e-15
ojos_abiertos,Fp1,456.5,1.6960194883571563e-15
ojos_abiertos,Fp1,457.0,1.6613262419156972e-15
ojos_abiertos,Fp1,457.5,1.6271127709369021e-15
ojos_abiertos,Fp1,458.0,1.5933761618554255e-15
ojos_abiertos,Fp1,458.5,1.5601134669859068e-15
ojos_abiertos,Fp1,459.0,1.5273219555661018e-15
ojos_abiertos,Fp1,459.5,1.4949988375993723e-15
ojos_abiertos,Fp1,460.0,1.4631414023464816e-15
ojos_abiertos,Fp1,460.5,1.4317469079886021e-15
ojos_abiertos,Fp1,461.0,1.4008127724590065e-15
ojos_abiertos,Fp1,461.5,1.3703363751355458e-15
ojos_abiertos,Fp1,462.0,1.3403151522495918e-15
ojos_abiertos,Fp1,462.5,1.3107465762741842e-15
ojos_abiertos,Fp1,463.0,1.2816281596606614e-15
ojos_abiertos,Fp1,463.5,1.2529575245930535e-15
ojos_abiertos,Fp1,464.0,1.2247322215257294e-15
ojos_abiertos,Fp1,464.5,1.1969498838171718e-15
ojos_abiertos,Fp1,465.0,1.1696081679527661e-15
ojos_abiertos,Fp1,465.5,1.1427048127212945e-15
ojos_abiertos,Fp1,466.0,1.116237594386057e-15
ojos_abiertos,Fp1,466.5,1.090204290562942e-15
ojos_abiertos,Fp1,467.0,1.0646027254089122e-15
ojos_abiertos,Fp1,467.5,1.039430818163255e-15
ojos_abiertos,Fp1,468.0,1.014686412821967e-15
ojos_abiertos,Fp1,468.5,9.903674151483049e-16
ojos_abiertos,Fp1,469.0,9.664718689124615e-16
ojos_abiertos,Fp1,469.5,9.429977873812778e-16
ojos_abiertos,Fp1,470.0,9.199432739111474e-16
ojos_abiertos,Fp1,470.5,8.97306305152107e-16
ojos_abiertos,Fp1,471.0,8.750850810518881e-16
ojos_abiertos,Fp1,471.5,8.532777205567388e-16
ojos_abiertos,Fp1,472.0,8.318824359533454e-16
ojos_abiertos,Fp1,472.5,8.108974431481055e-16
ojos_abiertos,Fp1,473.0,7.903210620312493e-16
ojos_abiertos,Fp1,473.5,7.70151515396351e-16
ojos_abiertos,Fp1,474.0,7.503872038970564e-16
ojos_abiertos,Fp1,474.5,7.310265093402797e-16
ojos_abiertos,Fp1,475.0,7.120677527584788e-16
ojos_abiertos,Fp1,475.5,6.935094213558784e-16
ojos_abiertos,Fp1,476.0,6.75350019387727e-16
ojos_abiertos,Fp1,476.5,6.575879750985892e-16
ojos_abiertos,Fp1,477.0,6.402218984852293e-16
ojos_abiertos,Fp1,477.5,6.232503485669245e-16
ojos_abiertos,Fp1,478.0,6.066718792899578e-16
ojos_abiertos,Fp1,478.5,5.904852117073838e-16
ojos_abiertos,Fp1,479.0,5.746889393473333e-16
ojos_abiertos,Fp1,479.5,5.592818271643266e-16
ojos_abiertos,Fp1,480.0,5.442625753074215e-16
ojos_abiertos,Fp1,480.5,5.296299481556937e-16
ojos_abiertos,Fp1,481.0,5.153828012658845e-16
ojos_abiertos,Fp1,481.5,5.015199067921091e-16
ojos_abiertos,Fp1,482.0,4.880401560052537e-16
ojos_abiertos,Fp1,482.5,4.749424419443042e-16
ojos_abiertos,Fp1,483.0,4.622257003705319e-16
ojos_abiertos,Fp1,483.5,4.498888992259463e-16
ojos_abiertos,Fp1,484.0,4.3793099092892155e-16
ojos_abiertos,Fp1,484.5,4.2635105657648347e-16
ojos_abiertos,Fp1,485.0,4.1514810101801716e-16
ojos_abiertos,Fp1,485.5,4.043212548337582e-16
ojos_abiertos,Fp1,486.0,3.9386957602960943e-16
ojos_abiertos,Fp1,486.5,3.837922691601757e-16
ojos_abiertos,Fp1,487.0,3.740884874711367e-16
ojos_abiertos,Fp1,487.5,3.647574377468846e-16
ojos_abiertos,Fp1,488.0,3.55798369287129e-16
ojos_abiertos,Fp1,488.5,3.4721056563052303e-16
ojos_abiertos,Fp1,489.0,3.3899329412473625e-16
ojos_abiertos,Fp1,489.5,3.3114588456635973e-16
ojos_abiertos,Fp1,490.0,3.2366774113496993e-16
ojos_abiertos,Fp1,490.5,3.165582254521637e-16
ojos_abiertos,Fp1,491.0,3.098167581545597e-16
ojos_abiertos,Fp1,491.5,3.0344280348324357e-16
ojos_abiertos,Fp1,492.0,2.974358389927837e-16
ojos_abiertos,Fp1,492.5,2.9179536636136475e-16
ojos_abiertos,Fp1,493.0,2.8652093628336793e-16
ojos_abiertos,Fp1,493.5,2.8161211484694567e-16
ojos_abiertos,Fp1,494.0,2.7706851948869665e-16
ojos_abiertos,Fp1,494.5,2.728897642072176e-16
ojos_abiertos,Fp1,495.0,2.690755064979588e-16
ojos_abiertos,Fp1,495.5,2.656254584425256e-16
ojos_abiertos,Fp1,496.0,2.6253930663995485e-16
ojos_abiertos,Fp1,496.5,2.5981683170504142e-16
ojos_abiertos,Fp1,497.0,2.574577921551462e-16
ojos_abiertos,Fp1,497.5,2.5546201582261103e-16
ojos_abiertos,Fp1,498.0,2.5382931752616804e-16
ojos_abiertos,Fp1,498.5,2.5255959735903157e-16
ojos_abiertos,Fp1,499.0,2.5165271917917347e-16
ojos_abiertos,Fp1,499.5,2.511086156072701e-16
ojos_abiertos,Fp1,500.0,1.254636263156217e-16
ojos_abiertos,Fp2,0.0,113.71439393679788
ojos_abiertos,Fp2,0.5,442.6942992070885
ojos_abiertos,Fp2,1.0,2724.7003462489656
ojos_abiertos,Fp2,1.5,2802.9304562179695
ojos_abiertos,Fp2,2.0,1883.5024708542248
ojos_abiertos,Fp2,2.5,1666.7037695586366
ojos_abiertos,Fp2,3.0,1163.5299491531634
ojos_abiertos,Fp2,3.5,1030.5710141217653
ojos_abiertos,Fp2,4.0,791.7194172864837
ojos_abiertos,Fp2,4.5,641.853427601012
ojos_abiertos,Fp2,5.0,662.7814753996552
ojos_abiertos,Fp2,5.5,589.1161236877471
ojos_abiertos,Fp2,6.0,628.5479991327561
ojos_abiertos,Fp2,6.5,704.2473079086543
ojos_abiertos,Fp2,7.0,513.5369149660713
ojos_abiertos,Fp2,7.5,586.3632141709769
ojos_abiertos,Fp2,8.0,574.5582338233074
ojos_abiertos,Fp2,8.5,522.7262670091238
ojos_abiertos,Fp2,9.0,678.2188890794575
ojos_abiertos,Fp2,9.5,558.8197563945075
ojos_abiertos,Fp2,10.0,585.3064347107672
ojos_abiertos,Fp2,10.5,685.7138283016861
ojos_abiertos,Fp2,11.0,832.5791177827816
ojos_abiertos,Fp2,11.5,700.9164086172018
ojos_abiertos,Fp2,12.0,788.0771616155901
ojos_abiertos,Fp2,12.5,690.3120310764247
ojos_abiertos,Fp2,13.0,587.236952978645
ojos_abiertos,Fp2,13.5,573.6815194273909
ojos_abiertos,Fp2,14.0,684.8656862343895
ojos_abiertos,Fp2,14.5,668.5589531636745
ojos_abiertos,Fp2,15.0,717.2987514018968
ojos_abiertos,Fp2,15.5,641.3336210782776
ojos_abiertos,Fp2,16.0,515.8784379520806
ojos_abiertos,Fp2,16.5,567.2658543169683
ojos_abiertos,Fp2,17.0,537.8050312923297
ojos_abiertos,Fp2,17.5,624.8976438408166
ojos_abiertos,Fp2,18.0,609.1460496788795
ojos_abiertos,Fp2,18.5,635.6308978297315
ojos_abiertos,Fp2,19.0,775.0176724824771
ojos_abiertos,Fp2,19.5,751.17502899832
ojos_abiertos,Fp2,20.0,706.1060525354359
ojos_abiertos,Fp2,20.5,697.3375219938142
ojos_abiertos,Fp2,21.0,621.6361028935723
ojos_abiertos,Fp2,21.5,647.1876492063476
ojos_abiertos,Fp2,22.0,814.3060473338638
ojos_abiertos,Fp2,22.5,887.882260001698
ojos_abiertos,Fp2,23.0,637.1338729408394
ojos_abiertos,Fp2,23.5,669.2490858456442
ojos_abiertos,Fp2,24.0,790.1283244856513
ojos_abiertos,Fp2,24.5,769.5630915455789
ojos_abiertos,Fp2,25.0,650.2296619210352
ojos_abiertos,Fp2,25.5,860.6744150113958
ojos_abiertos,Fp2,26.0,1103.2598484813561
ojos_abiertos,Fp2,26.5,992.2259781322392
ojos_abiertos,Fp2,27.0,1064.1661592894884
ojos_abiertos,Fp2,27.5,1130.4616656667981
ojos_abiertos,Fp2,28.0,1112.8290130013472
ojos_abiertos,Fp2,28.5,1140.2510013494305
ojos_abiertos,Fp2,29.0,1002.2694484544556
ojos_abiertos,Fp2,29.5,944.464924861414
ojos_abiertos,Fp2,30.0,1010.3913269622931
ojos_abiertos,Fp2,30.5,655.7710583110788
ojos_abiertos,Fp2,31.0,726.9323284829239
ojos_abiertos,Fp2,31.5,623.7626982415388
ojos_abiertos,Fp2,32.0,510.9713146236652
ojos_abiertos,Fp2,32.5,592.9243399827262
ojos_abiertos,Fp2,33.0,657.5558564142159
ojos_abiertos,Fp2,33.5,634.6001523511637
ojos_abiertos,Fp2,34.0,429.5762282736652
ojos_abiertos,Fp2,34.5,349.7801741748356
ojos_abiertos,Fp2,35.0,421.1768191835894
ojos_abiertos,Fp2,35.5,256.27436943407685
ojos_abiertos,Fp2,36.0,270.15855393231647
ojos_abiertos,Fp2,36.5,309.5803993847307
ojos_abiertos,Fp2,37.0,292.998806056862
ojos_abiertos,Fp2,37.5,261.20742739452976
ojos_abiertos,Fp2,38.0,278.3339538567044
ojos_abiertos,Fp2,38.5,240.00475757540298
ojos_abiertos,Fp2,39.0,201.30228030494106
ojos_abiertos,Fp2,39.5,167.1383481900175
ojos_abiertos,Fp2,40.0,150.65825049867482
ojos_abiertos,Fp2,40.5,174.46476467551057
ojos_abiertos,Fp2,41.0,187.3965189774606
ojos_abiertos,Fp2,41.5,182.521344007994
ojos_abiertos,Fp2,42.0,140.5041433681596
ojos_abiertos,Fp2,42.5,113.89414764507615
ojos_abiertos,Fp2,43.0,99.41295167748353
ojos_abiertos,Fp2,43.5,121.19522750780361
ojos_abiertos,Fp2,44.0,107.62890711838217
ojos_abiertos,Fp2,44.5,94.50200653154744
ojos_abiertos,Fp2,45.0,115.43394776292872
ojos_abiertos,Fp2,45.5,106.65182481776753
ojos_abiertos,Fp2,46.0,90.79704061167286
ojos_abiertos,Fp2,46.5,78.95878951952152
ojos_abiertos,Fp2,47.0,64.60649219041233
ojos_abiertos,Fp2,47.5,53.20274974416912
ojos_abiertos,Fp2,48.0,54.927401711084364
ojos_abiertos,Fp2,48.5,55.85305686816703
ojos_abiertos,Fp2,49.0,46.83731090029804
ojos_abiertos,Fp2,49.5,41.99587198028656
ojos_abiertos,Fp2,50.0,34.35322887221011
ojos_abiertos,Fp2,50.5,33.73900968562791
ojos_abiertos,Fp2,51.0,29.112457100973508
ojos_abiertos,Fp2,51.5,28.98059816088434
ojos_abiertos,Fp2,52.0,22.52720188431011
ojos_abiertos,Fp2,52.5,18.040951306488164
ojos_abiertos,Fp2,53.0,18.549332795817328
ojos_abiertos,Fp2,53.5,15.108870166120152
ojos_abiertos,Fp2,54.0,15.477555600145363
ojos_abiertos,Fp2,54.5,10.973441100331183
ojos_abiertos,Fp2,55.0,9.825356812125934
ojos_abiertos,Fp2,55.5,10.166610334895356
ojos_abiertos,Fp2,56.0,9.07355108248116
ojos_abiertos,Fp2,56.5,5.993207557199784
ojos_abiertos,Fp2,57.0,5.9490171516171815
ojos_abiertos,Fp2,57.5,4.6926607241919065
ojos_abiertos,Fp2,58.0,4.294446322161112
ojos_abiertos,Fp2,58.5,4.4306022922448545
ojos_abiertos,Fp2,59.0,4.12361700724268
ojos_abiertos,Fp2,59.5,2.853327680404741
ojos_abiertos,Fp2,60.0,2.188245505044371
ojos_abiertos,Fp2,60.5,1.8321819896243257
ojos_abiertos,Fp2,61.0,1.8918587805344333
ojos_abiertos,Fp2,61.5,1.4662338166314004
ojos_abiertos,Fp2,62.0,1.5018942399485067
ojos_abiertos,Fp2,62.5,1.1819042784062321
ojos_abiertos,Fp2,63.0,0.7944542486762779
ojos_abiertos,Fp2,63.5,0.6489581446652182
ojos_abiertos,Fp2,64.0,0.6366622400605635
ojos_abiertos,Fp2,64.5,0.6174872826471263
ojos_abiertos,Fp2,65.0,0.4555346387323072
ojos_abiertos,Fp2,65.5,0.38383403859620335
ojos_abiertos,Fp2,66.0,0.3996790636179722
ojos_abiertos,Fp2,66.5,0.310920335147906
ojos_abiertos,Fp2,67.0,0.25199776543641067
ojos_abiertos,Fp2,67.5,0.22330168012101229
ojos_abiertos,Fp2,68.0,0.1798398475147821
ojos_abiertos,Fp2,68.5,0.1689326317833755
ojos_abiertos,Fp2,69.0,0.15618880567748325
ojos_abiertos,Fp2,69.5,0.1434930864099037
ojos_abiertos,Fp2,70.0,0.10752537521267845
ojos_abiertos,Fp2,70.5,0.07858445139779575
ojos_abiertos,Fp2,71.0,0.0796198739199467
ojos_abiertos,Fp2,71.5,0.06678480954036772
ojos_abiertos,Fp2,72.0,0.05366314980382324
ojos_abiertos,Fp2,72.5,0.04749730783121223
ojos_abiertos,Fp2,73.0,0.042424107333805895
ojos_abiertos,Fp2,73.5,0.03761997575420597
ojos_abiertos,Fp2,74.0,0.031307047420505066
ojos_abiertos,Fp2,74.5,0.028100034886964043
ojos_abiertos,Fp2,75.0,0.02326478979242236
ojos_abiertos,Fp2,75.5,0.024043098751683933
ojos_abiertos,Fp2,76.0,0.022652768494817163
ojos_abiertos,Fp2,76.5,0.018504741850173038
ojos_abiertos,Fp2,77.0,0.011348122128663955
ojos_abiertos,Fp2,77.5,0.010746399095957425
ojos_abiertos,Fp2,78.0,0.010990740735685631
ojos_abiertos,Fp2,78.5,0.00897393440455592
ojos_abiertos,Fp2,79.0,0.00759167081917768
ojos_abiertos,Fp2,79.5,0.006661559829103631
ojos_abiertos,Fp2,80.0,0.006749822483309324
ojos_abiertos,Fp2,80.5,0.005713287001402556
ojos_abiertos,Fp2,81.0,0.0051365101494248305
ojos_abiertos,Fp2,81.5,0.004423865003813262
ojos_abiertos,Fp2,82.0,0.003683637806740411
ojos_abiertos,Fp2,82.5,0.0029975075212666544
ojos_abiertos,Fp2,83.0,0.0024065018841410977
ojos_abiertos,Fp2,83.5,0.0027151722588992476
ojos_abiertos,Fp2,84.0,0.0024664579448816105
ojos_abiertos,Fp2,84.5,0.0026657180847068454
ojos_abiertos,Fp2,85.0,0.0024489769260293837
ojos_abiertos,Fp2,85.5,0.001721099944047107
ojos_abiertos,Fp2,86.0,0.0014995815407061893
ojos_abiertos,Fp2,86.5,0.0011794790962459845
ojos_abiertos,Fp2,87.0,0.0014137234020414164
ojos_abiertos,Fp2,87.5,0.0011350372323504878
ojos_abiertos,Fp2,88.0,0.0007161390389461429
ojos_abiertos,Fp2,88.5,0.0006804538798476278
ojos_abiertos,Fp2,89.0,0.0006659671148002787
ojos_abiertos,Fp2,89.5,0.000586512205128987
ojos_abiertos,Fp2,90.0,0.0005645824085904463
ojos_abiertos,Fp2,90.5,0.0004820420985810848
ojos_abiertos,Fp2,91.0,0.0003758470385429265
ojos_abiertos,Fp2,91.5,0.00033660874723914443
ojos_abiertos,Fp2,92.0,0.00030039269772747304
ojos_abiertos,Fp2,92.5,0.00028977070656114023
ojos_abiertos,Fp2,93.0,0.00025230071125152833
ojos_abiertos,Fp2,93.5,0.00021287802466335751
ojos_abiertos,Fp2,94.0,0.00020248008012834311
ojos_abiertos,Fp2,94.5,0.00021898640290620399
ojos_abiertos,Fp2,95.0,0.00020032220767746435
ojos_abiertos,Fp2,95.5,0.0001862933361870693
ojos_abiertos,Fp2,96.0,0.00013499206430598497
ojos_abiertos,Fp2,96.5,0.00010839650112827338
ojos_abiertos,Fp2,97.0,9.796689448142104e-05
ojos_abiertos,Fp2,97.5,7.672663434865987e-05
ojos_abiertos,Fp2,98.0,7.175307881867941e-05
ojos_abiertos,Fp2,98.5,6.975554658927147e-05
ojos_abiertos,Fp2,99.0,5.791104525301743e-05
ojos_abiertos,Fp2,99.5,5.55026405735818e-05
ojos_abiertos,Fp2,100.0,5.200256136108105e-05
ojos_abiertos,Fp2,100.5,4.575432959939123e-05
ojos_abiertos,Fp2,101.0,3.944495529233131e-05
ojos_abiertos,Fp2,101.5,3.4505694661340104e-05
ojos_abiertos,Fp2,102.0,3.463023816284488e-05
ojos_abiertos,Fp2,102.5,3.4650980811556256e-05
ojos_abiertos,Fp2,103.0,3.0126670169196754e-05
ojos_abiertos,Fp2,103.5,2.7848662703637028e-05
ojos_abiertos,Fp2,104.0,2.1944043185144397e-05
ojos_abiertos,Fp2,104.5,2.198764923792062e-05
ojos_abiertos,Fp2,105.0,1.974232769471524e-05
ojos_abiertos,Fp2,105.5,1.5838862368726894e-05
ojos_abiertos,Fp2,106.0,1.439566042765882e-05
ojos_abiertos,Fp2,106.5,1.2423715708328379e-05
ojos_abiertos,Fp2,107.0,1.0356125948004283e-05
ojos_abiertos,Fp2,107.5,1.002401606853349e-05
ojos_abiertos,Fp2,108.0,9.282009454772203e-06
ojos_abiertos,Fp2,108.5,9.019907923312173e-06
ojos_abiertos,Fp2,109.0,7.463197115723625e-06
ojos_abiertos,Fp2,109.5,6.576686472664487e-06
ojos_abiertos,Fp2,110.0,6.65274908343517e-06
ojos_abiertos,Fp2,110.5,5.893082673310305e-06
ojos_abiertos,Fp2,111.0,6.974063594986934e-06
ojos_abiertos,Fp2,111.5,5.546268623624531e-06
ojos_abiertos,Fp2,112.0,4.301394315825992e-06
ojos_abiertos,Fp2,112.5,4.354294898856155e-06
ojos_abiertos,Fp2,113.0,3.455253252833871e-06
ojos_abiertos,Fp2,113.5,2.918834704550356e-06
ojos_abiertos,Fp2,114.0,2.7286154777899465e-06
ojos_abiertos,Fp2,114.5,1.958544295332103e-06
ojos_abiertos,Fp2,115.0,2.2197226128560043e-06
ojos_abiertos,Fp2,115.5,2.306647264224873e-06
ojos_abiertos,Fp2,116.0,2.0240133956547895e-06
ojos_abiertos,Fp2,116.5,1.5776439973387672e-06
ojos_abiertos,Fp2,117.0,1.503333562178438e-06
ojos_abiertos,Fp2,117.5,8.815741971535955e-07
ojos_abiertos,Fp2,118.0,1.0924846919197581e-06
ojos_abiertos,Fp2,118.5,1.2828970721527942e-06
ojos_abiertos,Fp2,119.0,1.162876890136025e-06
ojos_abiertos,Fp2,119.5,9.75852145592583e-07
ojos_abiertos,Fp2,120.0,8.850112450583507e-07
ojos_abiertos,Fp2,120.5,7.556176176853729e-07
ojos_abiertos,Fp2,121.0,7.429730188411332e-07
ojos_abiertos,Fp2,121.5,7.098328090220874e-07
ojos_abiertos,Fp2,122.0,6.229969867644131e-07
ojos_abiertos,Fp2,122.5,5.927238884814389e-07
ojos_abiertos,Fp2,123.0,6.020330401129884e-07
ojos_abiertos,Fp2,123.5,6.167761743093788e-07
ojos_abiertos,Fp2,124.0,4.625809143175256e-07
ojos_abiertos,Fp2,124.5,4.14751774201106e-07
ojos_abiertos,Fp2,125.0,4.6352808058557594e-07
ojos_abiertos,Fp2,125.5,3.6982107764445e-07
ojos_abiertos,Fp2,126.0,2.763857846163572e-07
ojos_abiertos,Fp2,126.5,2.718869202850181e-07
ojos_abiertos,Fp2,127.0,2.6695680550346257e-07
ojos_abiertos,Fp2,127.5,2.86156709629785e-07
ojos_abiertos,Fp2,128.0,2.5037184839057956e-07
ojos_abiertos,Fp2,128.5,1.9443052914309697e-07
ojos_abiertos,Fp2,129.0,1.436833892139631e-07
ojos_abiertos,Fp2,129.5,1.6220735367247727e-07
ojos_abiertos,Fp2,130.0,1.7453535121522435e-07
ojos_abiertos,Fp2,130.5,1.510445605408393e-07
ojos_abiertos,Fp2,131.0,1.1244785887999725e-07
ojos_abiertos,Fp2,131.5,8.797106729012596e-08
ojos_abiertos,Fp2,132.0,8.147599747807503e-08
ojos_abiertos,Fp2,132.5,7.859671010803874e-08
ojos_abiertos,Fp2,133.0,8.489574335946505e-08
ojos_abiertos,Fp2,133.5,6.989362671564065e-08
ojos_abiertos,Fp2,134.0,7.510822995891338e-08
ojos_abiertos,Fp2,134.5,6.13720511577656e-08
ojos_abiertos,Fp2,135.0,4.8356958457784794e-08
ojos_abiertos,Fp2,135.5,5.990580321417051e-08
ojos_abiertos,Fp2,136.0,5.50395178143905e-08
ojos_abiertos,Fp2,136.5,5.402750774193096e-08
ojos_abiertos,Fp2,137.0,5.563316640893837e-08
ojos_abiertos,Fp2,137.5,4.865515082440078e-08
ojos_abiertos,Fp2,138.0,4.368446798396765e-08
ojos_abiertos,Fp2,138.5,3.370899399542943e-08
ojos_abiertos,Fp2,139.0,2.8752530533464466e-08
ojos_abiertos,Fp2,139.5,2.9232231877671678e-08
ojos_abiertos,Fp2,140.0,3.391664385049115e-08
ojos_abiertos,Fp2,140.5,3.089526217191298e-08
ojos_abiertos,Fp2,141.0,2.3019889229879952e-08
ojos_abiertos,Fp2,141.5,2.1584222585323475e-08
ojos_abiertos,Fp2,142.0,2.2069184919335908e-08
ojos_abiertos,Fp2,142.5,1.7793003807065076e-08
ojos_abiertos,Fp2,143.0,2.0467252323876426e-08
ojos_abiertos,Fp2,143.5,2.4090043329262416e-08
ojos_abiertos,Fp2,144.0,1.7942063120941587e-08
ojos_abiertos,Fp2,144.5,1.3992460544346802e-08
ojos_abiertos,Fp2,145.0,1.118182530564809e-08
ojos_abiertos,Fp2,145.5,1.159731133088543e-08
ojos_abiertos,Fp2,146.0,1.0746165754795755e-08
ojos_abiertos,Fp2,146.5,7.2703291369650826e-09
ojos_abiertos,Fp2,147.0,6.4704370465863635e-09
ojos_abiertos,Fp2,147.5,7.2334109871840015e-09
ojos_abiertos,Fp2,148.0,8.002877381858357e-09
ojos_abiertos,Fp2,148.5,9.498806284917735e-09
ojos_abiertos,Fp2,149.0,7.81450486177189e-09
ojos_abiertos,Fp2,149.5,6.281157575526639e-09
ojos_abiertos,Fp2,150.0,5.623023568571947e-09
ojos_abiertos,Fp2,150.5,4.711130751452464e-09
ojos_abiertos,Fp2,151.0,4.7750358795904264e-09
ojos_abiertos,Fp2,151.5,2.483264260912596e-09
ojos_abiertos,Fp2,152.0,2.8856851161568175e-09
ojos_abiertos,Fp2,152.5,3.594796324835648e-09
ojos_abiertos,Fp2,153.0,3.098868137405147e-09
ojos_abiertos,Fp2,153.5,3.221733128674296e-09
ojos_abiertos,Fp2,154.0,3.0237957864297023e-09
ojos_abiertos,Fp2,154.5,2.6994901223532274e-09
ojos_abiertos,Fp2,155.0,3.063128961139593e-09
ojos_abiertos,Fp2,155.5,2.4393888950799494e-09
ojos_abiertos,Fp2,156.0,2.0996459479847323e-09
ojos_abiertos,Fp2,156.5,1.985499569478665e-09
ojos_abiertos,Fp2,157.0,1.7166329258982462e-09
ojos_abiertos,Fp2,157.5,1.6226041505676697e-09
ojos_abiertos,Fp2,158.0,1.9076161395841546e-09
ojos_abiertos,Fp2,158.5,1.6164984809109784e-09
ojos_abiertos,Fp2,159.0,1.2748827976004412e-09
ojos_abiertos,Fp2,159.5,1.1704369497274727e-09
ojos_abiertos,Fp2,160.0,1.2118083255197886e-09
ojos_abiertos,Fp2,160.5,1.485382479204913e-09
ojos_abiertos,Fp2,161.0,1.1930240808064766e-09
ojos_abiertos,Fp2,161.5,1.0241187546160779e-09
ojos_abiertos,Fp2,162.0,1.0122289445014558e-09
ojos_abiertos,Fp2,162.5,8.769961686640515e-10
ojos_abiertos,Fp2,163.0,8.42206241064709e-10
ojos_abiertos,Fp2,163.5,8.577221865736216e-10
ojos_abiertos,Fp2,164.0,7.876961007095066e-10
ojos_abiertos,Fp2,164.5,5.387607772804589e-10
ojos_abiertos,Fp2,165.0,5.559373453993258e-10
ojos_abiertos,Fp2,165.5,5.949087661061921e-10
ojos_abiertos,Fp2,166.0,5.491036483895819e-10
ojos_abiertos,Fp2,166.5,4.734647738784779e-10
ojos_abiertos,Fp2,167.0,4.2670756776451617e-10
ojos_abiertos,Fp2,167.5,4.503620925167747e-10
ojos_abiertos,Fp2,168.0,3.414220948474695e-10
ojos_abiertos,Fp2,168.5,3.426139851803654e-10
ojos_abiertos,Fp2,169.0,3.821729598863873e-10
ojos_abiertos,Fp2,169.5,3.651615459319355e-10
ojos_abiertos,Fp2,170.0,2.9044361847788327e-10
ojos_abiertos,Fp2,170.5,2.2955136772027852e-10
ojos_abiertos,Fp2,171.0,2.2099425450292087e-10
ojos_abiertos,Fp2,171.5,2.403930412172005e-10
ojos_abiertos,Fp2,172.0,2.6016226494565875e-10
ojos_abiertos,Fp2,172.5,2.2793148349563498e-10
ojos_abiertos,Fp2,173.0,1.9605667723176001e-10
ojos_abiertos,Fp2,173.5,1.7976373322694937e-10
ojos_abiertos,Fp2,174.0,2.1494379155523817e-10
ojos_abiertos,Fp2,174.5,1.5290264121786798e-10
ojos_abiertos,Fp2,175.0,1.4449439168804872e-10
ojos_abiertos,Fp2,175.5,1.1340936602456558e-10
ojos_abiertos,Fp2,176.0,1.3754762433592012e-10
ojos_abiertos,Fp2,176.5,1.1692007669440444e-10
ojos_abiertos,Fp2,177.0,1.0098712423428574e-10
ojos_abiertos,Fp2,177.5,8.629583761314304e-11
ojos_abiertos,Fp2,178.0,1.0700303743712597e-10
ojos_abiertos,Fp2,178.5,1.2379730476986477e-10
ojos_abiertos,Fp2,179.0,9.541375105642456e-11
ojos_abiertos,Fp2,179.5,7.371333728130565e-11
ojos_abiertos,Fp2,180.0,7.53775419584305e-11
ojos_abiertos,Fp2,180.5,7.009989292434466e-11
ojos_abiertos,Fp2,181.0,5.5635977660755045e-11
ojos_abiertos,Fp2,181.5,6.278373691022621e-11
ojos_abiertos,Fp2,182.0,5.4879273635124677e-11
ojos_abiertos,Fp2,182.5,4.153353640700945e-11
ojos_abiertos,Fp2,183.0,4.898063041916264e-11
ojos_abiertos,Fp2,183.5,4.269642901272828e-11
ojos_abiertos,Fp2,184.0,4.429777833851854e-11
ojos_abiertos,Fp2,184.5,4.297303659996142e-11
ojos_abiertos,Fp2,185.0,3.57948697834203e-11
ojos_abiertos,Fp2,185.5,3.46084435200409e-11
ojos_abiertos,Fp2,186.0,3.087291071155469e-11
ojos_abiertos,Fp2,186.5,3.072660819051617e-11
ojos_abiertos,Fp2,187.0,3.0712831366086625e-11
ojos_abiertos,Fp2,187.5,2.756318026821708e-11
ojos_abiertos,Fp2,188.0,2.1974694399186424e-11
ojos_abiertos,Fp2,188.5,2.0729002308405743e-11
ojos_abiertos,Fp2,189.0,1.9423667443198858e-11
ojos_abiertos,Fp2,189.5,1.947399488637516e-11
ojos_abiertos,Fp2,190.0,2.4320768169473543e-11
ojos_abiertos,Fp2,190.5,2.240950473280033e-11
ojos_abiertos,Fp2,191.0,2.3803162827943552e-11
ojos_abiertos,Fp2,191.5,2.14686209840756e-11
ojos_abiertos,Fp2,192.0,1.5128373449906306e-11
ojos_abiertos,Fp2,192.5,1.4338851214196318e-11
ojos_abiertos,Fp2,193.0,1.3318750213687525e-11
ojos_abiertos,Fp2,193.5,1.1452219029329369e-11
ojos_abiertos,Fp2,194.0,1.288952582528171e-11
ojos_abiertos,Fp2,194.5,1.3922691242041862e-11
ojos_abiertos,Fp2,195.0,1.2565927619375794e-11
ojos_abiertos,Fp2,195.5,9.32669786862756e-12
ojos_abiertos,Fp2,196.0,9.014480296478669e-12
ojos_abiertos,Fp2,196.5,7.511926781884062e-12
ojos_abiertos,Fp2,197.0,8.133260208146387e-12
ojos_abiertos,Fp2,197.5,8.425548293944827e-12
ojos_abiertos,Fp2,198.0,7.017777281008581e-12
ojos_abiertos,Fp2,198.5,7.880126877133405e-12
ojos_abiertos,Fp2,199.0,7.443267776081866e-12
ojos_abiertos,Fp2,199.5,8.106422006740557e-12
ojos_abiertos,Fp2,200.0,6.509750888683767e-12
ojos_abiertos,Fp2,200.5,6.7092206757583254e-12
ojos_abiertos,Fp2,201.0,5.307915553693448e-12
ojos_abiertos,Fp2,201.5,5.007753837345425e-12
ojos_abiertos,Fp2,202.0,5.06561030372791e-12
ojos_abiertos,Fp2,202.5,4.649687723818319e-12
ojos_abiertos,Fp2,203.0,4.251711862125053e-12
ojos_abiertos,Fp2,203.5,4.5937933915517196e-12
ojos_abiertos,Fp2,204.0,4.931092950519443e-12
ojos_abiertos,Fp2,204.5,4.147579033354563e-12
ojos_abiertos,Fp2,205.0,3.66147348786805e-12
ojos_abiertos,Fp2,205.5,3.937456275446785e-12
ojos_abiertos,Fp2,206.0,2.7752558593843294e-12
ojos_abiertos,Fp2,206.5,3.776677071266519e-12
ojos_abiertos,Fp2,207.0,3.2448342699449196e-12
ojos_abiertos,Fp2,207.5,2.684980332168186e-12
ojos_abiertos,Fp2,208.0,2.5148077553080945e-12
ojos_abiertos,Fp2,208.5,2.5354092599317896e-12
ojos_abiertos,Fp2,209.0,2.7351834958870335e-12
ojos_abiertos,Fp2,209.5,2.5538195808027975e-12
ojos_abiertos,Fp2,210.0,2.4088289504721365e-12
ojos_abiertos,Fp2,210.5,2.3726685451981743e-12
ojos_abiertos,Fp2,211.0,1.6158501477537195e-12
ojos_abiertos,Fp2,211.5,2.938841783182598e-12
ojos_abiertos,Fp2,212.0,1.8131033157027261e-12
ojos_abiertos,Fp2,212.5,2.152962820780541e-12
ojos_abiertos,Fp2,213.0,1.9963905174652696e-12
ojos_abiertos,Fp2,213.5,2.0105806384431895e-12
ojos_abiertos,Fp2,214.0,1.9011491014212834e-12
ojos_abiertos,Fp2,214.5,1.374509412819346e-12
ojos_abiertos,Fp2,215.0,1.3672685518955456e-12
ojos_abiertos,Fp2,215.5,1.60896878777159e-12
ojos_abiertos,Fp2,216.0,1.4070441152336352e-12
ojos_abiertos,Fp2,216.5,1.2783926752500552e-12
ojos_abiertos,Fp2,217.0,1.38914171830687e-12
ojos_abiertos,Fp2,217.5,1.3061628605669716e-12
ojos_abiertos,Fp2,218.0,1.2659338040295558e-12
ojos_abiertos,Fp2,218.5,1.2978535138812529e-12
ojos_abiertos,Fp2,219.0,1.1101497462860846e-12
ojos_abiertos,Fp2,219.5,1.2618837845100341e-12
ojos_abiertos,Fp2,220.0,1.1030496713384081e-12
ojos_abiertos,Fp2,220.5,9.533539157391432e-13
ojos_abiertos,Fp2,221.0,1.2298743439787867e-12
ojos_abiertos,Fp2,221.5,1.057277209208679e-12
ojos_abiertos,Fp2,222.0,9.099207221474071e-13
ojos_abiertos,Fp2,222.5,1.1798649290610614e-12
ojos_abiertos,Fp2,223.0,6.719049983157621e-13
ojos_abiertos,Fp2,223.5,9.851415488225814e-13
ojos_abiertos,Fp2,224.0,8.798276355136221e-13
ojos_abiertos,Fp2,224.5,8.436864677714618e-13
ojos_abiertos,Fp2,225.0,8.521561209296279e-13
ojos_abiertos,Fp2,225.5,7.450746308436463e-13
ojos_abiertos,Fp2,226.0,7.727792073185194e-13
ojos_abiertos,Fp2,226.5,7.384265249999593e-13
ojos_abiertos,Fp2,227.0,6.860056697461822e-13
ojos_abiertos,Fp2,227.5,7.612695526124325e-13
ojos_abiertos,Fp2,228.0,7.471144381692891e-13
ojos_abiertos,Fp2,228.5,6.674299553547803e-13
ojos_abiertos,Fp2,229.0,7.654484322416014e-13
ojos_abiertos,Fp2,229.5,5.96712976252331e-13
ojos_abiertos,Fp2,230.0,7.92663743244486e-13
ojos_abiertos,Fp2,230.5,6.29028893598342e-13
ojos_abiertos,Fp2,231.0,6.187564380371347e-13
ojos_abiertos,Fp2,231.5,6.461902848918277e-13
ojos_abiertos,Fp2,232.0,6.759589213848001e-13
ojos_abiertos,Fp2,232.5,5.505314982596498e-13
ojos_abiertos,Fp2,233.0,6.3400212033962e-13
ojos_abiertos,Fp2,233.5,5.809705413481433e-13
ojos_abiertos,Fp2,234.0,5.645332429487879e-13
ojos_abiertos,Fp2,234.5,5.457118914291779e-13
ojos_abiertos,Fp2,235.0,5.692052779486029e-13
ojos_abiertos,Fp2,235.5,5.310488145062258e-13
ojos_abiertos,Fp2,236.0,5.57782987232526e-13
ojos_abiertos,Fp2,236.5,5.519226326259845e-13
ojos_abiertos,Fp2,237.0,4.689342375021584e-13
ojos_abiertos,Fp2,237.5,4.897393860682746e-13
ojos_abiertos,Fp2,238.0,5.00740329908195e-13
ojos_abiertos,Fp2,238.5,4.931419274675891e-13
ojos_abiertos,Fp2,239.0,5.01525794071638e-13
ojos_abiertos,Fp2,239.5,4.2694458431485514e-13
ojos_abiertos,Fp2,240.0,4.995495296483604e-13
ojos_abiertos,Fp2,240.5,4.104664920669566e-13
ojos_abiertos,Fp2,241.0,4.664172840521481e-13
ojos_abiertos,Fp2,241.5,4.222868951295245e-13
ojos_abiertos,Fp2,242.0,4.237671965668185e-13
ojos_abiertos,Fp2,242.5,4.566900829500187e-13
ojos_abiertos,Fp2,243.0,3.825647884017147e-13
ojos_abiertos,Fp2,243.5,4.4911381204145424e-13
ojos_abiertos,Fp2,244.0,3.775489171704671e-13
ojos_abiertos,Fp2,244.5,4.1316409550034944e-13
ojos_abiertos,Fp2,245.0,3.911070486574209e-13
ojos_abiertos,Fp2,245.5,3.8898191746432194e-13
ojos_abiertos,Fp2,246.0,3.7544549191536556e-13
ojos_abiertos,Fp2,246.5,3.8708192204009523e-13
ojos_abiertos,Fp2,247.0,3.5878825426072547e-13
ojos_abiertos,Fp2,247.5,3.499433530642173e-13
ojos_abiertos,Fp2,248.0,3.772531284642475e-13
ojos_abiertos,Fp2,248.5,3.384414476634231e-13
ojos_abiertos,Fp2,249.0,3.419697231667304e-13
ojos_abiertos,Fp2,249.5,3.4820667859289013e-13
ojos_abiertos,Fp2,250.0,3.186820926022772e-13
ojos_abiertos,Fp2,250.5,3.4186787752299656e-13
ojos_abiertos,Fp2,251.0,3.3664857613979563e-13
ojos_abiertos,Fp2,251.5,3.2008654022240975e-13
ojos_abiertos,Fp2,252.0,2.995920096648837e-13
ojos_abiertos,Fp2,252.5,3.2315464868456326e-13
ojos_abiertos,Fp2,253.0,2.986415500122825e-13
ojos_abiertos,Fp2,253.5,3.1552908076262037e-13
ojos_abiertos,Fp2,254.0,3.0389746721627234e-13
ojos_abiertos,Fp2,254.5,2.9237125308008916e-13
ojos_abiertos,Fp2,255.0,2.889186996294154e-13
ojos_abiertos,Fp2,255.5,2.8842519640135056e-13
ojos_abiertos,Fp2,256.0,2.862973073179845e-13
ojos_abiertos,Fp2,256.5,2.779574678959459e-13
ojos_abiertos,Fp2,257.0,2.8189508399757903e-13
ojos_abiertos,Fp2,257.5,2.6115417439998643e-13
ojos_abiertos,Fp2,258.0,2.778738413256589e-13
ojos_abiertos,Fp2,258.5,2.633494451124532e-13
ojos_abiertos,Fp2,259.0,2.657641721563655e-13
ojos_abiertos,Fp2,259.5,2.502288137183613e-13
ojos_abiertos,Fp2,260.0,2.591617056175502e-13
ojos_abiertos,Fp2,260.5,2.459702224267595e-13
ojos_abiertos,Fp2,261.0,2.546505150943714e-13
ojos_abiertos,Fp2,261.5,2.389588731742557e-13
ojos_abiertos,Fp2,262.0,2.446476306308863e-13
ojos_abiertos,Fp2,262.5,2.338684851654097e-13
ojos_abiertos,Fp2,263.0,2.3594486193719874e-13
ojos_abiertos,Fp2,263.5,2.3532309542388976e-13
ojos_abiertos,Fp2,264.0,2.2931460572106136e-13
ojos_abiertos,Fp2,264.5,2.223081402972995e-13
ojos_abiertos,Fp2,265.0,2.267032881591673e-13
ojos_abiertos,Fp2,265.5,2.2319410508880594e-13
ojos_abiertos,Fp2,266.0,2.1504042070502376e-13
ojos_abiertos,Fp2,266.5,2.1025529821426786e-13
ojos_abiertos,Fp2,267.0,2.1589601299254934e-13
ojos_abiertos,Fp2,267.5,2.0985801302713522e-13
ojos_abiertos,Fp2,268.0,2.0580515391186605e-13
ojos_abiertos,Fp2,268.5,2.0254069994822567e-13
ojos_abiertos,Fp2,269.0,2.053184928912788e-13
ojos_abiertos,Fp2,269.5,1.971736666886525e-13
ojos_abiertos,Fp2,270.0,1.9897100663586369e-13
ojos_abiertos,Fp2,270.5,1.9028362795763764e-13
ojos_abiertos,Fp2,271.0,1.9586996107099107e-13
ojos_abiertos,Fp2,271.5,1.8567183996170034e-13
ojos_abiertos,Fp2,272.0,1.8868380291312068e-13
ojos_abiertos,Fp2,272.5,1.8571617045116665e-13
ojos_abiertos,Fp2,273.0,1.8021403747967718e-13
ojos_abiertos,Fp2,273.5,1.8168252272221016e-13
ojos_abiertos,Fp2,274.0,1.7833811845024444e-13
ojos_abiertos,Fp2,274.5,1.7373619904258297e-13
ojos_abiertos,Fp2,275.0,1.7695008121033412e-13
ojos_abiertos,Fp2,275.5,1.6913702574238826e-13
ojos_abiertos,Fp2,276.0,1.71511174421942e-13
ojos_abiertos,Fp2,276.5,1.657587418989245e-13
ojos_abiertos,Fp2,277.0,1.6659599794785927e-13
ojos_abiertos,Fp2,277.5,1.6166794603227492e-13
ojos_abiertos,Fp2,278.0,1.640786568561877e-13
ojos_abiertos,Fp2,278.5,1.55661105871147e-13
ojos_abiertos,Fp2,279.0,1.6184912458176504e-13
ojos_abiertos,Fp2,279.5,1.5363123398110969e-13
ojos_abiertos,Fp2,280.0,1.5434763163048379e-13
ojos_abiertos,Fp2,280.5,1.5226669094898931e-13
ojos_abiertos,Fp2,281.0,1.4980548546768112e-13
ojos_abiertos,Fp2,281.5,1.4760005980988754e-13
ojos_abiertos,Fp2,282.0,1.4813053426846347e-13
ojos_abiertos,Fp2,282.5,1.4406380749496894e-13
ojos_abiertos,Fp2,283.0,1.4274385747345842e-13
ojos_abiertos,Fp2,283.5,1.427809310865619e-13
ojos_abiertos,Fp2,284.0,1.3828267927539369e-13
ojos_abiertos,Fp2,284.5,1.3820499520499317e-13
ojos_abiertos,Fp2,285.0,1.372840171085945e-13
ojos_abiertos,Fp2,285.5,1.3382156405822104e-13
ojos_abiertos,Fp2,286.0,1.3399338877225177e-13
ojos_abiertos,Fp2,286.5,1.3268063947296943e-13
ojos_abiertos,Fp2,287.0,1.282971535531522e-13
ojos_abiertos,Fp2,287.5,1.2936962187831987e-13
ojos_abiertos,Fp2,288.0,1.2708780317739317e-13
ojos_abiertos,Fp2,288.5,1.2580315806359492e-13
ojos_abiertos,Fp2,289.0,1.2339994351739966e-13
ojos_abiertos,Fp2,289.5,1.2336478935794904e-13
ojos_abiertos,Fp2,290.0,1.2126828911125935e-13
ojos_abiertos,Fp2,290.5,1.192977045588766e-13
ojos_abiertos,Fp2,291.0,1.1884817469124085e-13
ojos_abiertos,Fp2,291.5,1.175735164589324e-13
ojos_abiertos,Fp2,292.0,1.1514559502414173e-13
ojos_abiertos,Fp2,292.5,1.1455983922769674e-13
ojos_abiertos,Fp2,293.0,1.1292709728915687e-13
ojos_abiertos,Fp2,293.5,1.1132126411756201e-13
ojos_abiertos,Fp2,294.0,1.1126611988119143e-13
ojos_abiertos,Fp2,294.5,1.0882131954316246e-13
ojos_abiertos,Fp2,295.0,1.0792602664149069e-13
ojos_abiertos,Fp2,295.5,1.0716034560256642e-13
ojos_abiertos,Fp2,296.0,1.0491575868799103e-13
ojos_abiertos,Fp2,296.5,1.0410045116839534e-13
ojos_abiertos,Fp2,297.0,1.0329042291509084e-13
ojos_abiertos,Fp2,297.5,1.0187858952098108e-13
ojos_abiertos,Fp2,298.0,1.009379554208381e-13
ojos_abiertos,Fp2,298.5,9.902169422748804e-14
ojos_abiertos,Fp2,299.0,9.881151453693247e-14
ojos_abiertos,Fp2,299.5,9.734048171678658e-14
ojos_abiertos,Fp2,300.0,9.607275114358525e-14
ojos_abiertos,Fp2,300.5,9.52311333138304e-14
ojos_abiertos,Fp2,301.0,9.377949894284949e-14
ojos_abiertos,Fp2,301.5,9.285823750006822e-14
ojos_abiertos,Fp2,302.0,9.172932390024922e-14
ojos_abiertos,Fp2,302.5,9.138221313993401e-14
ojos_abiertos,Fp2,303.0,8.917143001748205e-14
ojos_abiertos,Fp2,303.5,8.9465078032483e-14
ojos_abiertos,Fp2,304.0,8.735121999839263e-14
ojos_abiertos,Fp2,304.5,8.643772021098084e-14
ojos_abiertos,Fp2,305.0,8.620872808206936e-14
ojos_abiertos,Fp2,305.5,8.495587368190552e-14
ojos_abiertos,Fp2,306.0,8.372401906631503e-14
ojos_abiertos,Fp2,306.5,8.322788239229923e-14
ojos_abiertos,Fp2,307.0,8.151357115262119e-14
ojos_abiertos,Fp2,307.5,8.12391387879782e-14
ojos_abiertos,Fp2,308.0,8.029412731487157e-14
ojos_abiertos,Fp2,308.5,7.913458538588175e-14
ojos_abiertos,Fp2,309.0,7.836135228944719e-14
ojos_abiertos,Fp2,309.5,7.750722649070605e-14
ojos_abiertos,Fp2,310.0,7.673532470458801e-14
ojos_abiertos,Fp2,310.5,7.564365646968645e-14
ojos_abiertos,Fp2,311.0,7.501242634263379e-14
ojos_abiertos,Fp2,311.5,7.405571359243379e-14
ojos_abiertos,Fp2,312.0,7.308766974838279e-14
ojos_abiertos,Fp2,312.5,7.264851961575444e-14
ojos_abiertos,Fp2,313.0,7.153844676585055e-14
ojos_abiertos,Fp2,313.5,7.082601776845784e-14
ojos_abiertos,Fp2,314.0,7.004316163703087e-14
ojos_abiertos,Fp2,314.5,6.924259384888423e-14
ojos_abiertos,Fp2,315.0,6.854387929824889e-14
ojos_abiertos,Fp2,315.5,6.765958979088396e-14
ojos_abiertos,Fp2,316.0,6.698221043562043e-14
ojos_abiertos,Fp2,316.5,6.623165222698568e-14
ojos_abiertos,Fp2,317.0,6.549434909134094e-14
ojos_abiertos,Fp2,317.5,6.48228554464635e-14
ojos_abiertos,Fp2,318.0,6.4043004451008e-14
ojos_abiertos,Fp2,318.5,6.328010054455163e-14
ojos_abiertos,Fp2,319.0,6.263637568111508e-14
ojos_abiertos,Fp2,319.5,6.19938037754095e-14
ojos_abiertos,Fp2,320.0,6.125263551472738e-14
ojos_abiertos,Fp2,320.5,6.054410955271611e-14
ojos_abiertos,Fp2,321.0,5.998872322565683e-14
ojos_abiertos,Fp2,321.5,5.919829367841125e-14
ojos_abiertos,Fp2,322.0,5.857612500171585e-14
ojos_abiertos,Fp2,322.5,5.803611454493146e-14
ojos_abiertos,Fp2,323.0,5.71753724856457e-14
ojos_abiertos,Fp2,323.5,5.676833734217044e-14
ojos_abiertos,Fp2,324.0,5.605115813976792e-14
ojos_abiertos,Fp2,324.5,5.536756033949039e-14
ojos_abiertos,Fp2,325.0,5.491165980568058e-14
ojos_abiertos,Fp2,325.5,5.4198967569949627e-14
ojos_abiertos,Fp2,326.0,5.3592949948996306e-14
ojos_abiertos,Fp2,326.5,5.306804499732892e-14
ojos_abiertos,Fp2,327.0,5.242989150966375e-14
ojos_abiertos,Fp2,327.5,5.1912991568863964e-14
ojos_abiertos,Fp2,328.0,5.1305277452423375e-14
ojos_abiertos,Fp2,328.5,5.074046266798577e-14
ojos_abiertos,Fp2,329.0,5.016826740093341e-14
ojos_abiertos,Fp2,329.5,4.962857255809514e-14
ojos_abiertos,Fp2,330.0,4.9127985759058887e-14
ojos_abiertos,Fp2,330.5,4.851212969591887e-14
ojos_abiertos,Fp2,331.0,4.8087904684646585e-14
ojos_abiertos,Fp2,331.5,4.7411720342927286e-14
ojos_abiertos,Fp2,332.0,4.703733058178622e-14
ojos_abiertos,Fp2,332.5,4.6454517320210393e-14
ojos_abiertos,Fp2,333.0,4.593851591593297e-14
ojos_abiertos,Fp2,333.5,4.544173623431033e-14
ojos_abiertos,Fp2,334.0,4.4946728560101014e-14
ojos_abiertos,Fp2,334.5,4.447240583965758e-14
ojos_abiertos,Fp2,335.0,4.3971889020233545e-14
ojos_abiertos,Fp2,335.5,4.347842944991916e-14
ojos_abiertos,Fp2,336.0,4.3029719058882775e-14
ojos_abiertos,Fp2,336.5,4.2533026254141203e-14
ojos_abiertos,Fp2,337.0,4.2070193627816845e-14
ojos_abiertos,Fp2,337.5,4.164425598473476e-14
ojos_abiertos,Fp2,338.0,4.113359466821323e-14
ojos_abiertos,Fp2,338.5,4.0735518556876437e-14
ojos_abiertos,Fp2,339.0,4.025995114411963e-14
ojos_abiertos,Fp2,339.5,3.9843403100005105e-14
ojos_abiertos,Fp2,340.0,3.937294541772744e-14
ojos_abiertos,Fp2,340.5,3.897028271538286e-14
ojos_abiertos,Fp2,341.0,3.854392949626563e-14
ojos_abiertos,Fp2,341.5,3.810504743985045e-14
ojos_abiertos,Fp2,342.0,3.770766502832634e-14
ojos_abiertos,Fp2,342.5,3.727496388389361e-14
ojos_abiertos,Fp2,343.0,3.687952360630183e-14
ojos_abiertos,Fp2,343.5,3.649121663791486e-14
ojos_abiertos,Fp2,344.0,3.60660176201231e-14
ojos_abiertos,Fp2,344.5,3.5682840052309296e-14
ojos_abiertos,Fp2,345.0,3.528849462558264e-14
ojos_abiertos,Fp2,345.5,3.491633822739321e-14
ojos_abiertos,Fp2,346.0,3.4518222743654523e-14
ojos_abiertos,Fp2,346.5,3.415093957145095e-14
ojos_abiertos,Fp2,347.0,3.3767267353960964e-14
ojos_abiertos,Fp2,347.5,3.3400389554717435e-14
ojos_abiertos,Fp2,348.0,3.304761505431498e-14
ojos_abiertos,Fp2,348.5,3.267965262375315e-14
ojos_abiertos,Fp2,349.0,3.23135299028549e-14
ojos_abiertos,Fp2,349.5,3.196718542628301e-14
ojos_abiertos,Fp2,350.0,3.162051726885202e-14
ojos_abiertos,Fp2,350.5,3.12576440679375e-14
ojos_abiertos,Fp2,351.0,3.0937336750866725e-14
ojos_abiertos,Fp2,351.5,3.058137944924876e-14
ojos_abiertos,Fp2,352.0,3.0249583455118995e-14
ojos_abiertos,Fp2,352.5,2.992161202433352e-14
ojos_abiertos,Fp2,353.0,2.960276239957725e-14
ojos_abiertos,Fp2,353.5,2.924741791477833e-14
ojos_abiertos,Fp2,354.0,2.896337831499942e-14
ojos_abiertos,Fp2,354.5,2.8619191501409214e-14
ojos_abiertos,Fp2,355.0,2.831460448586774e-14
ojos_abiertos,Fp2,355.5,2.8005681104508643e-14
ojos_abiertos,Fp2,356.0,2.769506515922022e-14
ojos_abiertos,Fp2,356.5,2.739161780009938e-14
ojos_abiertos,Fp2,357.0,2.708162563138144e-14
ojos_abiertos,Fp2,357.5,2.679408821721825e-14
ojos_abiertos,Fp2,358.0,2.649637816278973e-14
ojos_abiertos,Fp2,358.5,2.6203564296026798e-14
ojos_abiertos,Fp2,359.0,2.5911777880851808e-14
ojos_abiertos,Fp2,359.5,2.5630959283224517e-14
ojos_abiertos,Fp2,360.0,2.534536309895849e-14
ojos_abiertos,Fp2,360.5,2.506676026304579e-14
ojos_abiertos,Fp2,361.0,2.4788001843441602e-14
ojos_abiertos,Fp2,361.5,2.4517427714280902e-14
ojos_abiertos,Fp2,362.0,2.424351668873797e-14
ojos_abiertos,Fp2,362.5,2.397178510437866e-14
ojos_abiertos,Fp2,363.0,2.3712256276350936e-14
ojos_abiertos,Fp2,363.5,2.3448933981712213e-14
ojos_abiertos,Fp2,364.0,2.3184829710528718e-14
ojos_abiertos,Fp2,364.5,2.2930081429414428e-14
ojos_abiertos,Fp2,365.0,2.2677329393525578e-14
ojos_abiertos,Fp2,365.5,2.241980294850764e-14
ojos_abiertos,Fp2,366.0,2.2174181338319717e-14
ojos_abiertos,Fp2,366.5,2.1928911537944933e-14
ojos_abiertos,Fp2,367.0,2.168071740404209e-14
ojos_abiertos,Fp2,367.5,2.1445101362902754e-14
ojos_abiertos,Fp2,368.0,2.119739747663121e-14
ojos_abiertos,Fp2,368.5,2.096520663369762e-14
ojos_abiertos,Fp2,369.0,2.0734419136429726e-14
ojos_abiertos,Fp2,369.5,2.0496046355414096e-14
ojos_abiertos,Fp2,370.0,2.027152338172643e-14
ojos_abiertos,Fp2,370.5,2.0041562662919163e-14
ojos_abiertos,Fp2,371.0,1.9816709630959257e-14
ojos_abiertos,Fp2,371.5,1.9595335667907296e-14
ojos_abiertos,Fp2,372.0,1.937626485913608e-14
ojos_abiertos,Fp2,372.5,1.915562969365994e-14
ojos_abiertos,Fp2,373.0,1.894300068945787e-14
ojos_abiertos,Fp2,373.5,1.872682914467973e-14
ojos_abiertos,Fp2,374.0,1.851755032959888e-14
ojos_abiertos,Fp2,374.5,1.830633448242586e-14
ojos_abiertos,Fp2,375.0,1.8101702851326256e-14
ojos_abiertos,Fp2,375.5,1.7895781791835665e-14
ojos_abiertos,Fp2,376.0,1.7693235052104796e-14
ojos_abiertos,Fp2,376.5,1.749176009359459e-14
ojos_abiertos,Fp2,377.0,1.7294651649095355e-14
ojos_abiertos,Fp2,377.5,1.7096303035555322e-14
ojos_abiertos,Fp2,378.0,1.690304566713901e-14
ojos_abiertos,Fp2,378.5,1.671043930031409e-14
ojos_abiertos,Fp2,379.0,1.6518926412348945e-14
ojos_abiertos,Fp2,379.5,1.6330776145541244e-14
ojos_abiertos,Fp2,380.0,1.614382957846564e-14
ojos_abiertos,Fp2,380.5,1.595893028266409e-14
ojos_abiertos,Fp2,381.0,1.5776268240978336e-14
ojos_abiertos,Fp2,381.5,1.5595010664332307e-14
ojos_abiertos,Fp2,382.0,1.5414776901431056e-14
ojos_abiertos,Fp2,382.5,1.5238723382249137e-14
ojos_abiertos,Fp2,383.0,1.5062413431828154e-14
ojos_abiertos,Fp2,383.5,1.4888459380004985e-14
ojos_abiertos,Fp2,384.0,1.4716472933577347e-14
ojos_abiertos,Fp2,384.5,1.4545489897433864e-14
ojos_abiertos,Fp2,385.0,1.4377833736815583e-14
ojos_abiertos,Fp2,385.5,1.4209895367059969e-14
ojos_abiertos,Fp2,386.0,1.4045476149239186e-14
ojos_abiertos,Fp2,386.5,1.3881071614198484e-14
ojos_abiertos,Fp2,387.0,1.3719796362917144e-14
ojos_abiertos,Fp2,387.5,1.3558929380675557e-14
ojos_abiertos,Fp2,388.0,1.3400964143033382e-14
ojos_abiertos,Fp2,388.5,1.3243349052857464e-14
ojos_abiertos,Fp2,389.0,1.3087549259863807e-14
ojos_abiertos,Fp2,389.5,1.293429763963762e-14
ojos_abiertos,Fp2,390.0,1.278151554394637e-14
ojos_abiertos,Fp2,390.5,1.2630881794961102e-14
ojos_abiertos,Fp2,391.0,1.248138686504539e-14
ojos_abiertos,Fp2,391.5,1.2333773090640358e-14
ojos_abiertos,Fp2,392.0,1.2187241905096724e-14
ojos_abiertos,Fp2,392.5,1.2042297971048142e-14
ojos_abiertos,Fp2,393.0,1.1899300879539341e-14
ojos_abiertos,Fp2,393.5,1.1756974361780748e-14
ojos_abiertos,Fp2,394.0,1.1616806763714275e-14
ojos_abiertos,Fp2,394.5,1.1477541557165299e-14
ojos_abiertos,Fp2,395.0,1.1339796894503461e-14
ojos_abiertos,Fp2,395.5,1.1203497296172663e-14
ojos_abiertos,Fp2,396.0,1.1068568271474052e-14
ojos_abiertos,Fp2,396.5,1.0934952357962322e-14
ojos_abiertos,Fp2,397.0,1.0802806285266811e-14
ojos_abiertos,Fp2,397.5,1.0671867893500371e-14
ojos_abiertos,Fp2,398.0,1.0542359997598145e-14
ojos_abiertos,Fp2,398.5,1.0413922705432455e-14
ojos_abiertos,Fp2,399.0,1.028701167246967e-14
ojos_abiertos,Fp2,399.5,1.0161349719063238e-14
ojos_abiertos,Fp2,400.0,1.0036811860310576e-14
ojos_abiertos,Fp2,400.5,9.913746406534523e-15
ojos_abiertos,Fp2,401.0,9.791698588207882e-15
ojos_abiertos,Fp2,401.5,9.671069387964991e-15
ojos_abiertos,Fp2,402.0,9.551501882944662e-15
ojos_abiertos,Fp2,402.5,9.43320571141737e-15
ojos_abiertos,Fp2,403.0,9.316164724218548e-15
ojos_abiertos,Fp2,403.5,9.200184387194222e-15
ojos_abiertos,Fp2,404.0,9.085481616588319e-15
ojos_abiertos,Fp2,404.5,8.971807195015024e-15
ojos_abiertos,Fp2,405.0,8.85946055673004e-15
ojos_abiertos,Fp2,405.5,8.748111439154751e-15
ojos_abiertos,Fp2,406.0,8.637904664501739e-15
ojos_abiertos,Fp2,406.5,8.528906500727796e-15
ojos_abiertos,Fp2,407.0,8.420842057282622e-15
ojos_abiertos,Fp2,407.5,8.314018682876235e-15
ojos_abiertos,Fp2,408.0,8.208233920014665e-15
ojos_abiertos,Fp2,408.5,8.103502737252598e-15
ojos_abiertos,Fp2,409.0,7.999846194362148e-15
ojos_abiertos,Fp2,409.5,7.897226319994889e-15
ojos_abiertos,Fp2,410.0,7.79570454338545e-15
ojos_abiertos,Fp2,410.5,7.695121282961052e-15
ojos_abiertos,Fp2,411.0,7.595618993180273e-15
ojos_abiertos,Fp2,411.5,7.497141637781502e-15
ojos_abiertos,Fp2,412.0,7.399611447580628e-15
ojos_abiertos,Fp2,412.5,7.303142607311813e-15
ojos_abiertos,Fp2,413.0,7.207568740148161e-15
ojos_abiertos,Fp2,413.5,7.113062977705658e-15
ojos_abiertos,Fp2,414.0,7.019515490558058e-15
ojos_abiertos,Fp2,414.5,6.926825316730716e-15
ojos_abiertos,Fp2,415.0,6.835189044853334e-15
ojos_abiertos,Fp2,415.5,6.744429712311616e-15
ojos_abiertos,Fp2,416.0,6.6546314028117215e-15
ojos_abiertos,Fp2,416.5,6.565750497028741e-15
ojos_abiertos,Fp2,417.0,6.477770721228663e-15
ojos_abiertos,Fp2,417.5,6.390710934135468e-15
ojos_abiertos,Fp2,418.0,6.304536112924251e-15
ojos_abiertos,Fp2,418.5,6.219251254086306e-15
ojos_abiertos,Fp2,419.0,6.134858817530892e-15
ojos_abiertos,Fp2,419.5,6.051325405856639e-15
ojos_abiertos,Fp2,420.0,5.968653329360472e-15
ojos_abiertos,Fp2,420.5,5.8868606342655605e-15
ojos_abiertos,Fp2,421.0,5.805888384778546e-15
ojos_abiertos,Fp2,421.5,5.7257844693986006e-15
ojos_abiertos,Fp2,422.0,5.646497433009723e-15
ojos_abiertos,Fp2,422.5,5.568041475056887e-15
ojos_abiertos,Fp2,423.0,5.4904021326663245e-15
ojos_abiertos,Fp2,423.5,5.4135781586739495e-15
ojos_abiertos,Fp2,424.0,5.3375679927327144e-15
ojos_abiertos,Fp2,424.5,5.262332766510257e-15
ojos_abiertos,Fp2,425.0,5.187917827409919e-15
ojos_abiertos,Fp2,425.5,5.114266766862986e-15
ojos_abiertos,Fp2,426.0,5.041400395302551e-15
ojos_abiertos,Fp2,426.5,4.96929983736162e-15
ojos_abiertos,Fp2,427.0,4.897966608619496e-15
ojos_abiertos,Fp2,427.5,4.827393714617256e-15
ojos_abiertos,Fp2,428.0,4.757564578791366e-15
ojos_abiertos,Fp2,428.5,4.6884894232295365e-15
ojos_abiertos,Fp2,429.0,4.620144746877249e-15
ojos_abiertos,Fp2,429.5,4.552537772843528e-15
ojos_abiertos,Fp2,430.0,4.485653162411711e-15
ojos_abiertos,Fp2,430.5,4.419485796705661e-15
ojos_abiertos,Fp2,431.0,4.354041665416743e-15
ojos_abiertos,Fp2,431.5,4.289297809399138e-15
ojos_abiertos,Fp2,432.0,4.2252535219101225e-15
ojos_abiertos,Fp2,432.5,4.161916726047223e-15
ojos_abiertos,Fp2,433.0,4.099259772552464e-15
ojos_abiertos,Fp2,433.5,4.037293349965381e-15
ojos_abiertos,Fp2,434.0,3.976000663777132e-15
ojos_abiertos,Fp2,434.5,3.915389833591677e-15
ojos_abiertos,Fp2,435.0,3.855441457076988e-15
ojos_abiertos,Fp2,435.5,3.796157539114789e-15
ojos_abiertos,Fp2,436.0,3.737531614619169e-15
ojos_abiertos,Fp2,436.5,3.679558254921866e-15
ojos_abiertos,Fp2,437.0,3.6222322658702525e-15
ojos_abiertos,Fp2,437.5,3.565546977122585e-15
ojos_abiertos,Fp2,438.0,3.5095006206454904e-15
ojos_abiertos,Fp2,438.5,3.4540860427539466e-15
ojos_abiertos,Fp2,439.0,3.399297107390183e-15
ojos_abiertos,Fp2,439.5,3.3451327404800328e-15
ojos_abiertos,Fp2,440.0,3.2915848330135753e-15
ojos_abiertos,Fp2,440.5,3.238649365013805e-15
ojos_abiertos,Fp2,441.0,3.1863230575350727e-15
ojos_abiertos,Fp2,441.5,3.134599519073429e-15
ojos_abiertos,Fp2,442.0,3.0834748525270866e-15
ojos_abiertos,Fp2,442.5,3.0329452698700097e-15
ojos_abiertos,Fp2,443.0,2.983005207632788e-15
ojos_abiertos,Fp2,443.5,2.9336516308079994e-15
ojos_abiertos,Fp2,444.0,2.8848784284190422e-15
ojos_abiertos,Fp2,444.5,2.836682117645019e-15
ojos_abiertos,Fp2,445.0,2.7890596264738743e-15
ojos_abiertos,Fp2,445.5,2.7420061144201447e-15
ojos_abiertos,Fp2,446.0,2.6955155756667213e-15
ojos_abiertos,Fp2,446.5,2.6495866374826714e-15
ojos_abiertos,Fp2,447.0,2.604214639369866e-15
ojos_abiertos,Fp2,447.5,2.5593940226046002e-15
ojos_abiertos,Fp2,448.0,2.5151234138248606e-15
ojos_abiertos,Fp2,448.5,2.471396788480538e-15
ojos_abiertos,Fp2,449.0,2.4282118077476965e-15
ojos_abiertos,Fp2,449.5,2.385563903690398e-15
ojos_abiertos,Fp2,450.0,2.3434494918497896e-15
ojos_abiertos,Fp2,450.5,2.3018657239655103e-15
ojos_abiertos,Fp2,451.0,2.2608079311225243e-15
ojos_abiertos,Fp2,451.5,2.2202732885930404e-15
ojos_abiertos,Fp2,452.0,2.180258020074752e-15
ojos_abiertos,Fp2,452.5,2.1407587229990886e-15
ojos_abiertos,Fp2,453.0,2.1017720595982626e-15
ojos_abiertos,Fp2,453.5,2.0632948115883308e-15
ojos_abiertos,Fp2,454.0,2.0253234494467353e-15
ojos_abiertos,Fp2,454.5,1.9878547269957712e-15
ojos_abiertos,Fp2,455.0,1.9508857381331705e-15
ojos_abiertos,Fp2,455.5,1.914412995585674e-15
ojos_abiertos,Fp2,456.0,1.87843355669034e-15
ojos_abiertos,Fp2,456.5,1.8429443754690614e-15
ojos_abiertos,Fp2,457.0,1.8079423851647713e-15
ojos_abiertos,Fp2,457.5,1.7734245105171544e-15
ojos_abiertos,Fp2,458.0,1.7393879769976913e-15
ojos_abiertos,Fp2,458.5,1.7058298559197207e-15
ojos_abiertos,Fp2,459.0,1.6727472839450742e-15
ojos_abiertos,Fp2,459.5,1.6401374672011607e-15
ojos_abiertos,Fp2,460.0,1.6079975767220237e-15
ojos_abiertos,Fp2,460.5,1.5763250653296486e-15
ojos_abiertos,Fp2,461.0,1.5451170902202262e-15
ojos_abiertos,Fp2,461.5,1.5143711037251842e-15
ojos_abiertos,Fp2,462.0,1.4840845111050135e-15
ojos_abiertos,Fp2,462.5,1.454254730574577e-15
ojos_abiertos,Fp2,463.0,1.4248792666229142e-15
ojos_abiertos,Fp2,463.5,1.3959556378268733e-15
ojos_abiertos,Fp2,464.0,1.3674814824200845e-15
ojos_abiertos,Fp2,464.5,1.3394543196026771e-15
ojos_abiertos,Fp2,465.0,1.311871833159874e-15
ojos_abiertos,Fp2,465.5,1.2847317219988441e-15
ojos_abiertos,Fp2,466.0,1.2580316795633891e-15
ojos_abiertos,Fp2,466.5,1.2317695517660016e-15
ojos_abiertos,Fp2,467.0,1.2059430984999008e-15
ojos_abiertos,Fp2,467.5,1.1805501137915712e-15
ojos_abiertos,Fp2,468.0,1.1555885167283743e-15
ojos_abiertos,Fp2,468.5,1.1310562488499234e-15
ojos_abiertos,Fp2,469.0,1.106951284394545e-15
ojos_abiertos,Fp2,469.5,1.0832715378054831e-15
ojos_abiertos,Fp2,470.0,1.0600151016629244e-15
ojos_abiertos,Fp2,470.5,1.037180010960459e-15
ojos_abiertos,Fp2,471.0,1.014764371253563e-15
ojos_abiertos,Fp2,471.5,9.927663593200406e-16
ojos_abiertos,Fp2,472.0,9.711840751107507e-16
ojos_abiertos,Fp2,472.5,9.500157785884807e-16
ojos_abiertos,Fp2,473.0,9.292597461469508e-16
ojos_abiertos,Fp2,473.5,9.089142148648327e-16
ojos_abiertos,Fp2,474.0,8.889774886944395e-16
ojos_abiertos,Fp2,474.5,8.694479454068628e-16
ojos_abiertos,Fp2,475.0,8.503240105425075e-16
ojos_abiertos,Fp2,475.5,8.31603999661924e-16
ojos_abiertos,Fp2,476.0,8.132864621163403e-16
ojos_abiertos,Fp2,476.5,7.953698106578198e-16
ojos_abiertos,Fp2,477.0,7.778526562685149e-16
ojos_abiertos,Fp2,477.5,7.607334762724915e-16
ojos_abiertos,Fp2,478.0,7.440109311173417e-16
ojos_abiertos,Fp2,478.5,7.276835466215331e-16
ojos_abiertos,Fp2,479.0,7.117500878155127e-16
ojos_abiertos,Fp2,479.5,6.962091538624253e-16
ojos_abiertos,Fp2,480.0,6.810594945304177e-16
ojos_abiertos,Fp2,480.5,6.662999222671959e-16
ojos_abiertos,Fp2,481.0,6.519291500967497e-16
ojos_abiertos,Fp2,481.5,6.379460324958054e-16
ojos_abiertos,Fp2,482.0,6.243494172678588e-16
ojos_abiertos,Fp2,482.5,6.111381845792549e-16
ojos_abiertos,Fp2,483.0,5.983112704670346e-16
ojos_abiertos,Fp2,483.5,5.858676022604798e-16
ojos_abiertos,Fp2,484.0,5.738061566658112e-16
ojos_abiertos,Fp2,484.5,5.621259624617513e-16
ojos_abiertos,Fp2,485.0,5.508260453676205e-16
ojos_abiertos,Fp2,485.5,5.399055055137006e-16
ojos_abiertos,Fp2,486.0,5.293634207357179e-16
ojos_abiertos,Fp2,486.5,5.191989738656092e-16
ojos_abiertos,Fp2,487.0,5.094112903066092e-16
ojos_abiertos,Fp2,487.5,4.999995714213291e-16
ojos_abiertos,Fp2,488.0,4.909631048096084e-16
ojos_abiertos,Fp2,488.5,4.823010637512535e-16
ojos_abiertos,Fp2,489.0,4.740128045901008e-16
ojos_abiertos,Fp2,489.5,4.660976190396329e-16
ojos_abiertos,Fp2,490.0,4.585548882002694e-16
ojos_abiertos,Fp2,490.5,4.513840076820094e-16
ojos_abiertos,Fp2,491.0,4.445843258249906e-16
ojos_abiertos,Fp2,491.5,4.3815535128920077e-16
ojos_abiertos,Fp2,492.0,4.3209654877796447e-16
ojos_abiertos,Fp2,492.5,4.264074112099373e-16
ojos_abiertos,Fp2,493.0,4.2108745304345537e-16
ojos_abiertos,Fp2,493.5,4.161362862351573e-16
ojos_abiertos,Fp2,494.0,4.11553501580505e-16
ojos_abiertos,Fp2,494.5,4.0733869946002226e-16
ojos_abiertos,Fp2,495.0,4.0349155698775025e-16
ojos_abiertos,Fp2,495.5,4.000117294956841e-16
ojos_abiertos,Fp2,496.0,3.968989947077159e-16
ojos_abiertos,Fp2,496.5,3.941530487141078e-16
ojos_abiertos,Fp2,497.0,3.9177367001465145e-16
ojos_abiertos,Fp2,497.5,3.8976068517906025e-16
ojos_abiertos,Fp2,498.0,3.8811390847541176e-16
ojos_abiertos,Fp2,498.5,3.868332395688923e-16
ojos_abiertos,Fp2,499.0,3.859185444264366e-16
ojos_abiertos,Fp2,499.5,3.853697501087264e-16
ojos_abiertos,Fp2,500.0,1.9259340697932308e-16
parpadeo,Fp1,0.0,2915.373925247024
parpadeo,Fp1,0.5,16709.09960346139
parpadeo,Fp1,1.0,138400.63587829654
parpadeo,Fp1,1.5,150636.60984521502
parpadeo,Fp1,2.0,65665.81930073244
parpadeo,Fp1,2.5,41448.704333861955
parpadeo,Fp1,3.0,26692.40837993762
parpadeo,Fp1,3.5,25127.670664925463
parpadeo,Fp1,4.0,13980.287934961803
parpadeo,Fp1,4.5,10325.291675056162
parpadeo,Fp1,5.0,8911.287052025144
parpadeo,Fp1,5.5,7680.745597173557
parpadeo,Fp1,6.0,5715.687289542668
parpadeo,Fp1,6.5,5650.895317907462
parpadeo,Fp1,7.0,4619.865328107565
parpadeo,Fp1,7.5,2698.8827176889504
parpadeo,Fp1,8.0,2293.612667997525
parpadeo,Fp1,8.5,1903.4040207446044
parpadeo,Fp1,9.0,2482.7200590811844
parpadeo,Fp1,9.5,2018.3973765049784
parpadeo,Fp1,10.0,2283.3958862045483
parpadeo,Fp1,10.5,2147.7894265231107
parpadeo,Fp1,11.0,1321.2074030705185
parpadeo,Fp1,11.5,1529.378135988122
parpadeo,Fp1,12.0,1519.6324499476505
parpadeo,Fp1,12.5,1194.451012955738
parpadeo,Fp1,13.0,1198.3236586279033
parpadeo,Fp1,13.5,1236.7708432147708
parpadeo,Fp1,14.0,1142.9695036300732
parpadeo,Fp1,14.5,1230.1413358620425
parpadeo,Fp1,15.0,1657.1137989976344
parpadeo,Fp1,15.5,1980.5230880405697
parpadeo,Fp1,16.0,1651.390968772885
parpadeo,Fp1,16.5,1506.7937411288638
parpadeo,Fp1,17.0,1446.970007131592
parpadeo,Fp1,17.5,1022.2044888089914
parpadeo,Fp1,18.0,923.2350433637524
parpadeo,Fp1,18.5,1278.0862691877187
parpadeo,Fp1,19.0,1272.5076406106325
parpadeo,Fp1,19.5,1390.8347453412175
parpadeo,Fp1,20.0,1829.8650520689823
parpadeo,Fp1,20.5,1688.7286027631933
parpadeo,Fp1,21.0,1619.5322580572576
parpadeo,Fp1,21.5,1257.6033455943143
parpadeo,Fp1,22.0,1127.7080090507147
parpadeo,Fp1,22.5,1722.3923156048866
parpadeo,Fp1,23.0,1576.4748988680035
parpadeo,Fp1,23.5,1024.1525542907411
parpadeo,Fp1,24.0,1042.4129938169383
parpadeo,Fp1,24.5,929.7746334800673
parpadeo,Fp1,25.0,1273.5579942440247
parpadeo,Fp1,25.5,1200.1120435460907
parpadeo,Fp1,26.0,1357.311540083317
parpadeo,Fp1,26.5,1296.6531185491535
parpadeo,Fp1,27.0,1488.4730376573937
parpadeo,Fp1,27.5,1272.221107237749
parpadeo,Fp1,28.0,790.4443513312006
parpadeo,Fp1,28.5,763.9875317628847
parpadeo,Fp1,29.0,960.9384642673826
parpadeo,Fp1,29.5,1176.3938872488104
parpadeo,Fp1,30.0,1025.3896083823295
parpadeo,Fp1,30.5,1006.4390392645983
parpadeo,Fp1,31.0,649.2694382832274
parpadeo,Fp1,31.5,637.5793477163099
parpadeo,Fp1,32.0,807.3582810017082
parpadeo,Fp1,32.5,819.7810698289318
parpadeo,Fp1,33.0,624.4441780161428
parpadeo,Fp1,33.5,652.588298318546
parpadeo,Fp1,34.0,587.0229574241655
parpadeo,Fp1,34.5,474.6031024774086
parpadeo,Fp1,35.0,497.09852725719196
parpadeo,Fp1,35.5,495.16889970249696
parpadeo,Fp1,36.0,460.2848439338682
parpadeo,Fp1,36.5,416.72988258233397
parpadeo,Fp1,37.0,430.3854289379534
parpadeo,Fp1,37.5,440.9203681889247
parpadeo,Fp1,38.0,357.1104868048286
parpadeo,Fp1,38.5,405.25498598841483
parpadeo,Fp1,39.0,414.8351825560464
parpadeo,Fp1,39.5,360.9989391007142
parpadeo,Fp1,40.0,293.2682486657615
parpadeo,Fp1,40.5,208.96372465763315
parpadeo,Fp1,41.0,189.5994919177753
parpadeo,Fp1,41.5,199.22736756385433
parpadeo,Fp1,42.0,195.57046396988872
parpadeo,Fp1,42.5,175.7768480638842
parpadeo,Fp1,43.0,161.6902353976348
parpadeo,Fp1,43.5,217.50649979106328
parpadeo,Fp1,44.0,203.7246344313135
parpadeo,Fp1,44.5,185.88017661213672
parpadeo,Fp1,45.0,189.13916500068132
parpadeo,Fp1,45.5,139.7922980570839
parpadeo,Fp1,46.0,104.18773705504194
parpadeo,Fp1,46.5,94.75490323069504
parpadeo,Fp1,47.0,82.99299639982301
parpadeo,Fp1,47.5,75.13504689813409
parpadeo,Fp1,48.0,60.640832444008915
parpadeo,Fp1,48.5,56.49166158726757
parpadeo,Fp1,49.0,36.55503691708875
parpadeo,Fp1,49.5,34.27566955626835
parpadeo,Fp1,50.0,41.43949926049192
parpadeo,Fp1,50.5,38.732504898969644
parpadeo,Fp1,51.0,39.11887261604907
parpadeo,Fp1,51.5,31.54795244518973
parpadeo,Fp1,52.0,28.877757965103985
parpadeo,Fp1,52.5,20.80451173200061
parpadeo,Fp1,53.0,15.009957221052268
parpadeo,Fp1,53.5,15.257708219453857
parpadeo,Fp1,54.0,15.026487073883875
parpadeo,Fp1,54.5,12.273963818307132
parpadeo,Fp1,55.0,6.006055693520903
parpadeo,Fp1,55.5,5.847378271758615
parpadeo,Fp1,56.0,5.733266914381059
parpadeo,Fp1,56.5,4.692196382039279
parpadeo,Fp1,57.0,4.658315522751204
parpadeo,Fp1,57.5,4.296551095850755
parpadeo,Fp1,58.0,3.9677838159269028
parpadeo,Fp1,58.5,3.7467866940504595
parpadeo,Fp1,59.0,2.8184749016068236
parpadeo,Fp1,59.5,2.1694558165880418
parpadeo,Fp1,60.0,2.0656067496658927
parpadeo,Fp1,60.5,2.0647205162024225
parpadeo,Fp1,61.0,1.6201390716070203
parpadeo,Fp1,61.5,1.2906489090067803
parpadeo,Fp1,62.0,0.9774477346957179
parpadeo,Fp1,62.5,0.9680484691935436
parpadeo,Fp1,63.0,0.8805643679123545
parpadeo,Fp1,63.5,0.652580978863375
parpadeo,Fp1,64.0,0.7798401779829016
parpadeo,Fp1,64.5,0.7400512619418808
parpadeo,Fp1,65.0,0.5512230117779421
parpadeo,Fp1,65.5,0.3610998406298512
parpadeo,Fp1,66.0,0.30604313011035966
parpadeo,Fp1,66.5,0.2399649824052456
parpadeo,Fp1,67.0,0.21983653955773644
parpadeo,Fp1,67.5,0.20008123346785509
parpadeo,Fp1,68.0,0.15736265357973547
parpadeo,Fp1,68.5,0.1587548499767793
parpadeo,Fp1,69.0,0.13652257508049806
parpadeo,Fp1,69.5,0.08677177989873787
parpadeo,Fp1,70.0,0.09639389597121241
parpadeo,Fp1,70.5,0.08337858417521912
parpadeo,Fp1,71.0,0.06031632585166866
parpadeo,Fp1,71.5,0.05090189969243533
parpadeo,Fp1,72.0,0.05024315208262563
parpadeo,Fp1,72.5,0.05181596480625439
parpadeo,Fp1,73.0,0.03965843633800962
parpadeo,Fp1,73.5,0.04038765224226028
parpadeo,Fp1,74.0,0.03920912019656174
parpadeo,Fp1,74.5,0.03454126986594736
parpadeo,Fp1,75.0,0.03310103902442115
parpadeo,Fp1,75.5,0.020820507245087164
parpadeo,Fp1,76.0,0.015220210320310722
parpadeo,Fp1,76.5,0.016599452912810023
parpadeo,Fp1,77.0,0.018623954767849768
parpadeo,Fp1,77.5,0.01030057382177497
parpadeo,Fp1,78.0,0.006530918015714284
parpadeo,Fp1,78.5,0.010258782159420736
parpadeo,Fp1,79.0,0.010174794753205858
parpadeo,Fp1,79.5,0.00958761513723913
parpadeo,Fp1,80.0,0.0072326325420461884
parpadeo,Fp1,80.5,0.004950390479573745
parpadeo,Fp1,81.0,0.005016781116731794
parpadeo,Fp1,81.5,0.0033425214431165684
parpadeo,Fp1,82.0,0.0029073057587278065
parpadeo,Fp1,82.5,0.002565208418725457
parpadeo,Fp1,83.0,0.002487255031075113
parpadeo,Fp1,83.5,0.0024810612708966004
parpadeo,Fp1,84.0,0.0018658520284115339
parpadeo,Fp1,84.5,0.0012938937890713384
parpadeo,Fp1,85.0,0.0012573469418897952
parpadeo,Fp1,85.5,0.0010446247957765036
parpadeo,Fp1,86.0,0.001093883503067426
parpadeo,Fp1,86.5,0.001455150174053355
parpadeo,Fp1,87.0,0.0013069407829153514
parpadeo,Fp1,87.5,0.0007729459885738218
parpadeo,Fp1,88.0,0.000607389692297303
parpadeo,Fp1,88.5,0.0005241058170802943
parpadeo,Fp1,89.0,0.00044168072128350424
parpadeo,Fp1,89.5,0.0005788211134673785
parpadeo,Fp1,90.0,0.0003952904045167773
parpadeo,Fp1,90.5,0.0003704587667804494
parpadeo,Fp1,91.0,0.00030127511155755436
parpadeo,Fp1,91.5,0.00029286035316491673
parpadeo,Fp1,92.0,0.0003032113531043411
parpadeo,Fp1,92.5,0.00029291208523464263
parpadeo,Fp1,93.0,0.0002575415511175448
parpadeo,Fp1,93.5,0.00023028000720910506
parpadeo,Fp1,94.0,0.00014883953009562812
parpadeo,Fp1,94.5,0.00015209324197822187
parpadeo,Fp1,95.0,0.00018167133978392835
parpadeo,Fp1,95.5,0.00018517421322622186
parpadeo,Fp1,96.0,0.0001258166076844445
parpadeo,Fp1,96.5,8.444915161178536e-05
parpadeo,Fp1,97.0,6.032430740062301e-05
parpadeo,Fp1,97.5,7.67745538775464e-05
parpadeo,Fp1,98.0,4.972044381845803e-05
parpadeo,Fp1,98.5,6.913194955548947e-05
parpadeo,Fp1,99.0,6.215627448847983e-05
parpadeo,Fp1,99.5,4.182374280474747e-05
parpadeo,Fp1,100.0,5.2537999483884744e-05
parpadeo,Fp1,100.5,4.962212041050559e-05
parpadeo,Fp1,101.0,3.750997599081317e-05
parpadeo,Fp1,101.5,3.115892390765229e-05
parpadeo,Fp1,102.0,2.811110910531502e-05
parpadeo,Fp1,102.5,2.5009818192430193e-05
parpadeo,Fp1,103.0,2.6714815302840528e-05
parpadeo,Fp1,103.5,2.0182117436620203e-05
parpadeo,Fp1,104.0,1.7078804459903038e-05
parpadeo,Fp1,104.5,1.7404141912532603e-05
parpadeo,Fp1,105.0,1.412178706693165e-05
parpadeo,Fp1,105.5,1.5376430980299215e-05
parpadeo,Fp1,106.0,1.2397245805124495e-05
parpadeo,Fp1,106.5,9.306817944163046e-06
parpadeo,Fp1,107.0,6.541214197522022e-06
parpadeo,Fp1,107.5,7.98254508316697e-06
parpadeo,Fp1,108.0,8.93808403867719e-06
parpadeo,Fp1,108.5,9.33316174846314e-06
parpadeo,Fp1,109.0,9.457192853754346e-06
parpadeo,Fp1,109.5,7.164318125665991e-06
parpadeo,Fp1,110.0,5.4845208434842674e-06
parpadeo,Fp1,110.5,3.236561242318395e-06
parpadeo,Fp1,111.0,3.1329536683404932e-06
parpadeo,Fp1,111.5,4.544437091755839e-06
parpadeo,Fp1,112.0,3.850553838310671e-06
parpadeo,Fp1,112.5,3.536051167916897e-06
parpadeo,Fp1,113.0,3.0548452385469965e-06
parpadeo,Fp1,113.5,2.3857126008305597e-06
parpadeo,Fp1,114.0,2.1001407815234126e-06
parpadeo,Fp1,114.5,1.6414537265912317e-06
parpadeo,Fp1,115.0,1.8276071262192376e-06
parpadeo,Fp1,115.5,1.5208048255261453e-06
parpadeo,Fp1,116.0,1.8393871363882124e-06
parpadeo,Fp1,116.5,1.8008649388241612e-06
parpadeo,Fp1,117.0,1.6651638118201725e-06
parpadeo,Fp1,117.5,1.608855176268042e-06
parpadeo,Fp1,118.0,1.6355153444704447e-06
parpadeo,Fp1,118.5,1.1336986181878307e-06
parpadeo,Fp1,119.0,7.053685460691e-07
parpadeo,Fp1,119.5,8.067365660186254e-07
parpadeo,Fp1,120.0,8.281920007099504e-07
parpadeo,Fp1,120.5,8.275890540296836e-07
parpadeo,Fp1,121.0,3.6360701608298476e-07
parpadeo,Fp1,121.5,4.4885645442558796e-07
parpadeo,Fp1,122.0,5.459461890877681e-07
parpadeo,Fp1,122.5,5.515570490034519e-07
parpadeo,Fp1,123.0,4.6574533071167973e-07
parpadeo,Fp1,123.5,2.895008914454855e-07
parpadeo,Fp1,124.0,3.4553439615742436e-07
parpadeo,Fp1,124.5,4.480333169992108e-07
parpadeo,Fp1,125.0,3.592537435177771e-07
parpadeo,Fp1,125.5,2.585421995255053e-07
parpadeo,Fp1,126.0,2.1343248870125744e-07
parpadeo,Fp1,126.5,1.3835661900721645e-07
parpadeo,Fp1,127.0,1.691072204224674e-07
parpadeo,Fp1,127.5,1.739389539520064e-07
parpadeo,Fp1,128.0,1.9164042793852932e-07
parpadeo,Fp1,128.5,1.5134495214360792e-07
parpadeo,Fp1,129.0,1.5562436298138874e-07
parpadeo,Fp1,129.5,1.0979554679032704e-07
parpadeo,Fp1,130.0,1.1220243938948371e-07
parpadeo,Fp1,130.5,1.297099437072318e-07
parpadeo,Fp1,131.0,1.0335006836287268e-07
parpadeo,Fp1,131.5,7.622813502525341e-08
parpadeo,Fp1,132.0,6.93461101612218e-08
parpadeo,Fp1,132.5,6.641121547568133e-08
parpadeo,Fp1,133.0,7.364463315176637e-08
parpadeo,Fp1,133.5,8.557204376379459e-08
parpadeo,Fp1,134.0,6.39195242128225e-08
parpadeo,Fp1,134.5,5.4255177968338017e-08
parpadeo,Fp1,135.0,3.387321694074535e-08
parpadeo,Fp1,135.5,3.690500990853104e-08
parpadeo,Fp1,136.0,4.821393372994715e-08
parpadeo,Fp1,136.5,5.659000841636138e-08
parpadeo,Fp1,137.0,4.285723129195104e-08
parpadeo,Fp1,137.5,3.531313773011124e-08
parpadeo,Fp1,138.0,3.3073731623587203e-08
parpadeo,Fp1,138.5,3.4221954380000975e-08
parpadeo,Fp1,139.0,3.144483474668359e-08
parpadeo,Fp1,139.5,2.3969151262939057e-08
parpadeo,Fp1,140.0,2.0159916718057285e-08
parpadeo,Fp1,140.5,1.7972436737284096e-08
parpadeo,Fp1,141.0,1.8819289719081276e-08
parpadeo,Fp1,141.5,2.1276982341629335e-08
parpadeo,Fp1,142.0,1.700941487298376e-08
parpadeo,Fp1,142.5,1.2083819121594507e-08
parpadeo,Fp1,143.0,1.5131532025168822e-08
parpadeo,Fp1,143.5,1.3464374737469327e-08
parpadeo,Fp1,144.0,1.2420102062517876e-08
parpadeo,Fp1,144.5,9.3864889480698e-09
parpadeo,Fp1,145.0,1.0105407144471568e-08
parpadeo,Fp1,145.5,1.08438582830407e-08
parpadeo,Fp1,146.0,9.207320641280135e-09
parpadeo,Fp1,146.5,7.748995045550579e-09
parpadeo,Fp1,147.0,5.752871166569626e-09
parpadeo,Fp1,147.5,5.834214835342973e-09
parpadeo,Fp1,148.0,6.680544902229267e-09
parpadeo,Fp1,148.5,5.58123776727633e-09
parpadeo,Fp1,149.0,4.426524128694178e-09
parpadeo,Fp1,149.5,4.210795708649657e-09
parpadeo,Fp1,150.0,6.0793695288168745e-09
parpadeo,Fp1,150.5,4.638577382210851e-09
parpadeo,Fp1,151.0,4.937354230228886e-09
parpadeo,Fp1,151.5,3.942623195131604e-09
parpadeo,Fp1,152.0,2.273787100739093e-09
parpadeo,Fp1,152.5,3.5802842936692246e-09
parpadeo,Fp1,153.0,3.924653840214153e-09
parpadeo,Fp1,153.5,3.4947314654147676e-09
parpadeo,Fp1,154.0,2.741895657220322e-09
parpadeo,Fp1,154.5,2.2215735558356754e-09
parpadeo,Fp1,155.0,2.0685412808271962e-09
parpadeo,Fp1,155.5,2.2663597337870337e-09
parpadeo,Fp1,156.0,1.713747053908442e-09
parpadeo,Fp1,156.5,1.8232365871260405e-09
parpadeo,Fp1,157.0,1.645544725377646e-09
parpadeo,Fp1,157.5,1.5420627299170666e-09
parpadeo,Fp1,158.0,1.4850704695019394e-09
parpadeo,Fp1,158.5,1.3487962179409399e-09
parpadeo,Fp1,159.0,1.2242725345221547e-09
parpadeo,Fp1,159.5,1.0887459663931859e-09
parpadeo,Fp1,160.0,1.101655520333639e-09
parpadeo,Fp1,160.5,1.0370347628627745e-09
parpadeo,Fp1,161.0,1.0212832288247463e-09
parpadeo,Fp1,161.5,7.486004471163622e-10
parpadeo,Fp1,162.0,7.991403516390571e-10
parpadeo,Fp1,162.5,8.178041219195737e-10
parpadeo,Fp1,163.0,5.840801928261199e-10
parpadeo,Fp1,163.5,7.171839453234098e-10
parpadeo,Fp1,164.0,5.827150462042134e-10
parpadeo,Fp1,164.5,6.955635517408653e-10
parpadeo,Fp1,165.0,5.985115380058466e-10
parpadeo,Fp1,165.5,4.902314965099992e-10
parpadeo,Fp1,166.0,5.118305267712824e-10
parpadeo,Fp1,166.5,5.750931951866514e-10
parpadeo,Fp1,167.0,4.2407257047549835e-10
parpadeo,Fp1,167.5,3.4926309905589916e-10
parpadeo,Fp1,168.0,2.731389324354549e-10
parpadeo,Fp1,168.5,2.1925931239595377e-10
parpadeo,Fp1,169.0,1.6948015918241257e-10
parpadeo,Fp1,169.5,1.6980180049046594e-10
parpadeo,Fp1,170.0,1.9843451308499288e-10
parpadeo,Fp1,170.5,1.5797573416899756e-10
parpadeo,Fp1,171.0,2.2073333761186568e-10
parpadeo,Fp1,171.5,1.5633689502532878e-10
parpadeo,Fp1,172.0,1.9387282475434317e-10
parpadeo,Fp1,172.5,1.5189707028728987e-10
parpadeo,Fp1,173.0,1.5285493593028814e-10
parpadeo,Fp1,173.5,1.6338643605494007e-10
parpadeo,Fp1,174.0,1.8531417560824128e-10
parpadeo,Fp1,174.5,1.2362565442270018e-10
parpadeo,Fp1,175.0,1.2151220212261667e-10
parpadeo,Fp1,175.5,1.0844243818331386e-10
parpadeo,Fp1,176.0,1.3129676914306214e-10
parpadeo,Fp1,176.5,1.123219141441672e-10
parpadeo,Fp1,177.0,1.327058689131895e-10
parpadeo,Fp1,177.5,6.254959565600913e-11
parpadeo,Fp1,178.0,8.950963780051606e-11
parpadeo,Fp1,178.5,6.358798228458947e-11
parpadeo,Fp1,179.0,6.858751948629391e-11
parpadeo,Fp1,179.5,9.03458290569774e-11
parpadeo,Fp1,180.0,8.179627904428034e-11
parpadeo,Fp1,180.5,6.018274636912034e-11
parpadeo,Fp1,181.0,6.293318178326465e-11
parpadeo,Fp1,181.5,6.721055158124002e-11
parpadeo,Fp1,182.0,7.161331156249626e-11
parpadeo,Fp1,182.5,4.7412522789250416e-11
parpadeo,Fp1,183.0,4.048020079287716e-11
parpadeo,Fp1,183.5,4.78492532329492e-11
parpadeo,Fp1,184.0,3.622384776447877e-11
parpadeo,Fp1,184.5,4.571393901465763e-11
parpadeo,Fp1,185.0,4.7564198421490096e-11
parpadeo,Fp1,185.5,3.0618730808555876e-11
parpadeo,Fp1,186.0,3.6967197818692e-11
parpadeo,Fp1,186.5,4.217299071028588e-11
parpadeo,Fp1,187.0,3.8202776484810325e-11
parpadeo,Fp1,187.5,3.081192467476365e-11
parpadeo,Fp1,188.0,2.646654333646481e-11
parpadeo,Fp1,188.5,3.5898447417394034e-11
parpadeo,Fp1,189.0,2.3334696875668995e-11
parpadeo,Fp1,189.5,2.7936392321499003e-11
parpadeo,Fp1,190.0,3.082264278547283e-11
parpadeo,Fp1,190.5,2.444160340517789e-11
parpadeo,Fp1,191.0,2.7568163297492238e-11
parpadeo,Fp1,191.5,2.780448285347932e-11
parpadeo,Fp1,192.0,1.5203028714325085e-11
parpadeo,Fp1,192.5,2.3674766569966958e-11
parpadeo,Fp1,193.0,1.6276650436088927e-11
parpadeo,Fp1,193.5,2.417322204486332e-11
parpadeo,Fp1,194.0,2.1061002144501486e-11
parpadeo,Fp1,194.5,1.59230203412332e-11
parpadeo,Fp1,195.0,1.6802147052217128e-11
parpadeo,Fp1,195.5,1.7427354320819922e-11
parpadeo,Fp1,196.0,1.7484770475399563e-11
parpadeo,Fp1,196.5,1.414070260620397e-11
parpadeo,Fp1,197.0,1.3628399481757894e-11
parpadeo,Fp1,197.5,1.768915262026029e-11
parpadeo,Fp1,198.0,1.1727370754575763e-11
parpadeo,Fp1,198.5,1.801484349521078e-11
parpadeo,Fp1,199.0,1.3548758131943335e-11
parpadeo,Fp1,199.5,1.3519551098995728e-11
parpadeo,Fp1,200.0,1.3752128923520582e-11
parpadeo,Fp1,200.5,1.25231003329235e-11
parpadeo,Fp1,201.0,1.0626952662237748e-11
parpadeo,Fp1,201.5,1.2238328073191637e-11
parpadeo,Fp1,202.0,1.107918471808307e-11
parpadeo,Fp1,202.5,1.1053874443033778e-11
parpadeo,Fp1,203.0,9.560799594900532e-12
parpadeo,Fp1,203.5,1.1332771079154536e-11
parpadeo,Fp1,204.0,1.0548710542946376e-11
parpadeo,Fp1,204.5,9.128580812165213e-12
parpadeo,Fp1,205.0,9.57719901118734e-12
parpadeo,Fp1,205.5,1.0119278955463971e-11
parpadeo,Fp1,206.0,8.821759515382471e-12
parpadeo,Fp1,206.5,8.964330639892114e-12
parpadeo,Fp1,207.0,8.558466598193757e-12
parpadeo,Fp1,207.5,8.09685547127493e-12
parpadeo,Fp1,208.0,8.597508707376395e-12
parpadeo,Fp1,208.5,7.963534584910477e-12
parpadeo,Fp1,209.0,7.721521892414337e-12
parpadeo,Fp1,209.5,6.777182584169345e-12
parpadeo,Fp1,210.0,7.606784866089085e-12
parpadeo,Fp1,210.5,7.091833923639289e-12
parpadeo,Fp1,211.0,7.54730119721501e-12
parpadeo,Fp1,211.5,6.916134169962454e-12
parpadeo,Fp1,212.0,6.365388939424645e-12
parpadeo,Fp1,212.5,7.48528872114689e-12
parpadeo,Fp1,213.0,6.12609600870587e-12
parpadeo,Fp1,213.5,6.686487485094468e-12
parpadeo,Fp1,214.0,6.3703286401917556e-12
parpadeo,Fp1,214.5,5.957665006604995e-12
parpadeo,Fp1,215.0,6.939250341198401e-12
parpadeo,Fp1,215.5,5.518722014282563e-12
parpadeo,Fp1,216.0,5.745737146772337e-12
parpadeo,Fp1,216.5,5.684552374737481e-12
parpadeo,Fp1,217.0,5.729928198844058e-12
parpadeo,Fp1,217.5,5.340236655149046e-12
parpadeo,Fp1,218.0,5.765177857597866e-12
parpadeo,Fp1,218.5,5.271362098529006e-12
parpadeo,Fp1,219.0,5.340397250099007e-12
parpadeo,Fp1,219.5,5.3747038393324715e-12
parpadeo,Fp1,220.0,4.735144188240849e-12
parpadeo,Fp1,220.5,5.255917083822199e-12
parpadeo,Fp1,221.0,5.29101401925124e-12
parpadeo,Fp1,221.5,4.4739175892962415e-12
parpadeo,Fp1,222.0,4.960386040778868e-12
parpadeo,Fp1,222.5,4.719806725656935e-12
parpadeo,Fp1,223.0,4.726732546344463e-12
parpadeo,Fp1,223.5,4.453749289849922e-12
parpadeo,Fp1,224.0,4.363096363291425e-12
parpadeo,Fp1,224.5,4.5420335427041925e-12
parpadeo,Fp1,225.0,4.735475399977626e-12
parpadeo,Fp1,225.5,4.092970759411528e-12
parpadeo,Fp1,226.0,4.0318462636764006e-12
parpadeo,Fp1,226.5,4.40889282951477e-12
parpadeo,Fp1,227.0,4.105808897322884e-12
parpadeo,Fp1,227.5,3.898524094076101e-12
parpadeo,Fp1,228.0,4.02967748132374e-12
parpadeo,Fp1,228.5,4.134217409870027e-12
parpadeo,Fp1,229.0,3.784133551974942e-12
parpadeo,Fp1,229.5,3.6452783511252005e-12
parpadeo,Fp1,230.0,3.7005546520742696e-12
parpadeo,Fp1,230.5,3.7331569834080725e-12
parpadeo,Fp1,231.0,3.7453976545168254e-12
parpadeo,Fp1,231.5,3.6660774379528755e-12
parpadeo,Fp1,232.0,3.3273551455697383e-12
parpadeo,Fp1,232.5,3.6209246183227466e-12
parpadeo,Fp1,233.0,3.3007392716325727e-12
parpadeo,Fp1,233.5,3.4756093423092067e-12
parpadeo,Fp1,234.0,3.2694686158929396e-12
parpadeo,Fp1,234.5,3.317079947095174e-12
parpadeo,Fp1,235.0,3.3948104801155034e-12
parpadeo,Fp1,235.5,3.0517041045571363e-12
parpadeo,Fp1,236.0,3.161127988307763e-12
parpadeo,Fp1,236.5,3.1024967953602696e-12
parpadeo,Fp1,237.0,3.1664735929076016e-12
parpadeo,Fp1,237.5,2.9865218909508985e-12
parpadeo,Fp1,238.0,2.9002747998454764e-12
parpadeo,Fp1,238.5,2.9284159659439005e-12
parpadeo,Fp1,239.0,3.070189759269377e-12
parpadeo,Fp1,239.5,2.738941307571861e-12
parpadeo,Fp1,240.0,2.8704621454229034e-12
parpadeo,Fp1,240.5,2.7100219632110366e-12
parpadeo,Fp1,241.0,2.7693737965618324e-12
parpadeo,Fp1,241.5,2.7444836264370156e-12
parpadeo,Fp1,242.0,2.5807182725522806e-12
parpadeo,Fp1,242.5,2.762009481199542e-12
parpadeo,Fp1,243.0,2.538521059772643e-12
parpadeo,Fp1,243.5,2.5934389224245086e-12
parpadeo,Fp1,244.0,2.530284106097287e-12
parpadeo,Fp1,244.5,2.5241880460756355e-12
parpadeo,Fp1,245.0,2.4367130153096407e-12
parpadeo,Fp1,245.5,2.4476564270615013e-12
parpadeo,Fp1,246.0,2.373623230805713e-12
parpadeo,Fp1,246.5,2.4207553438573e-12
parpadeo,Fp1,247.0,2.3125495736552758e-12
parpadeo,Fp1,247.5,2.3045627433986783e-12
parpadeo,Fp1,248.0,2.308926006341144e-12
parpadeo,Fp1,248.5,2.2291503553934565e-12
parpadeo,Fp1,249.0,2.2340552419215384e-12
parpadeo,Fp1,249.5,2.2058705872797023e-12
parpadeo,Fp1,250.0,2.1592996843602826e-12
parpadeo,Fp1,250.5,2.145736201369435e-12
parpadeo,Fp1,251.0,2.097767449413298e-12
parpadeo,Fp1,251.5,2.1085540878232074e-12
parpadeo,Fp1,252.0,2.071915919309046e-12
parpadeo,Fp1,252.5,2.008785811174329e-12
parpadeo,Fp1,253.0,1.9823411900615616e-12
parpadeo,Fp1,253.5,2.0135947333893243e-12
parpadeo,Fp1,254.0,1.955074684919872e-12
parpadeo,Fp1,254.5,1.925074306807808e-12
parpadeo,Fp1,255.0,1.9253551164153587e-12
parpadeo,Fp1,255.5,1.882497689083282e-12
parpadeo,Fp1,256.0,1.8273438878028527e-12
parpadeo,Fp1,256.5,1.886282958179723e-12
parpadeo,Fp1,257.0,1.772251153257713e-12
parpadeo,Fp1,257.5,1.8010381761327226e-12
parpadeo,Fp1,258.0,1.7956270319781607e-12
parpadeo,Fp1,258.5,1.7316526736404109e-12
parpadeo,Fp1,259.0,1.7283985681172026e-12
parpadeo,Fp1,259.5,1.689471962612403e-12
parpadeo,Fp1,260.0,1.700911508412703e-12
parpadeo,Fp1,260.5,1.663141318248047e-12
parpadeo,Fp1,261.0,1.6409336308133908e-12
parpadeo,Fp1,261.5,1.606733293204082e-12
parpadeo,Fp1,262.0,1.6160229906450856e-12
parpadeo,Fp1,262.5,1.5873293004530666e-12
parpadeo,Fp1,263.0,1.5494321099189778e-12
parpadeo,Fp1,263.5,1.5605295958196879e-12
parpadeo,Fp1,264.0,1.5227292024989668e-12
parpadeo,Fp1,264.5,1.5139615386523e-12
parpadeo,Fp1,265.0,1.4776202601e-12
parpadeo,Fp1,265.5,1.4711578911232271e-12
parpadeo,Fp1,266.0,1.4558850410957591e-12
parpadeo,Fp1,266.5,1.4422274813122166e-12
parpadeo,Fp1,267.0,1.4105209048092608e-12
parpadeo,Fp1,267.5,1.4125409685063045e-12
parpadeo,Fp1,268.0,1.369387349083036e-12
parpadeo,Fp1,268.5,1.3758612343118394e-12
parpadeo,Fp1,269.0,1.346455475293634e-12
parpadeo,Fp1,269.5,1.3341928477853326e-12
parpadeo,Fp1,270.0,1.3303515496926709e-12
parpadeo,Fp1,270.5,1.3053737957093103e-12
parpadeo,Fp1,271.0,1.2715641935909526e-12
parpadeo,Fp1,271.5,1.2800012479180879e-12
parpadeo,Fp1,272.0,1.265045700117875e-12
parpadeo,Fp1,272.5,1.235935928327818e-12
parpadeo,Fp1,273.0,1.228711411629415e-12
parpadeo,Fp1,273.5,1.2114236046238806e-12
parpadeo,Fp1,274.0,1.2061775886524129e-12
parpadeo,Fp1,274.5,1.1788845036317188e-12
parpadeo,Fp1,275.0,1.1690179242272087e-12
parpadeo,Fp1,275.5,1.1551696110997268e-12
parpadeo,Fp1,276.0,1.1472081942027082e-12
parpadeo,Fp1,276.5,1.1368057365511063e-12
parpadeo,Fp1,277.0,1.1098431821942162e-12
parpadeo,Fp1,277.5,1.1038795144304482e-12
parpadeo,Fp1,278.0,1.0931960512345224e-12
parpadeo,Fp1,278.5,1.0718940046667915e-12
parpadeo,Fp1,279.0,1.0703299770215197e-12
parpadeo,Fp1,279.5,1.054135121152682e-12
parpadeo,Fp1,280.0,1.0388164542597103e-12
parpadeo,Fp1,280.5,1.0239635739798913e-12
parpadeo,Fp1,281.0,1.0240744649280504e-12
parpadeo,Fp1,281.5,1.0044082113656358e-12
parpadeo,Fp1,282.0,9.910726825438802e-13
parpadeo,Fp1,282.5,9.832117631307998e-13
parpadeo,Fp1,283.0,9.667281868709704e-13
parpadeo,Fp1,283.5,9.575415262100344e-13
parpadeo,Fp1,284.0,9.533618304517222e-13
parpadeo,Fp1,284.5,9.37033588812858e-13
parpadeo,Fp1,285.0,9.248880838251326e-13
parpadeo,Fp1,285.5,9.14673685615985e-13
parpadeo,Fp1,286.0,9.064380176695932e-13
parpadeo,Fp1,286.5,8.944544389401389e-13
parpadeo,Fp1,287.0,8.862251539448195e-13
parpadeo,Fp1,287.5,8.713985673997265e-13
parpadeo,Fp1,288.0,8.667801100768903e-13
parpadeo,Fp1,288.5,8.536553741433255e-13
parpadeo,Fp1,289.0,8.436922382890603e-13
parpadeo,Fp1,289.5,8.351553120781093e-13
parpadeo,Fp1,290.0,8.281679354391663e-13
parpadeo,Fp1,290.5,8.143569206984291e-13
parpadeo,Fp1,291.0,8.072285492357799e-13
parpadeo,Fp1,291.5,7.987850240425497e-13
parpadeo,Fp1,292.0,7.868709973299058e-13
parpadeo,Fp1,292.5,7.811425506237111e-13
parpadeo,Fp1,293.0,7.697967789201703e-13
parpadeo,Fp1,293.5,7.622725346575531e-13
parpadeo,Fp1,294.0,7.548276771721152e-13
parpadeo,Fp1,294.5,7.432777988619161e-13
parpadeo,Fp1,295.0,7.380556716460363e-13
parpadeo,Fp1,295.5,7.287997206917621e-13
parpadeo,Fp1,296.0,7.193515203400954e-13
parpadeo,Fp1,296.5,7.120626573261635e-13
parpadeo,Fp1,297.0,7.03604674725025e-13
parpadeo,Fp1,297.5,6.964271098522108e-13
parpadeo,Fp1,298.0,6.879417700822694e-13
parpadeo,Fp1,298.5,6.805040577346196e-13
parpadeo,Fp1,299.0,6.739854549004501e-13
parpadeo,Fp1,299.5,6.648159303773817e-13
parpadeo,Fp1,300.0,6.573091797187961e-13
parpadeo,Fp1,300.5,6.516505723066975e-13
parpadeo,Fp1,301.0,6.423519544089355e-13
parpadeo,Fp1,301.5,6.372015962989193e-13
parpadeo,Fp1,302.0,6.284378507583282e-13
parpadeo,Fp1,302.5,6.2215077661831e-13
parpadeo,Fp1,303.0,6.147853462412313e-13
parpadeo,Fp1,303.5,6.08641330452831e-13
parpadeo,Fp1,304.0,6.007880994292805e-13
parpadeo,Fp1,304.5,5.952194545220859e-13
parpadeo,Fp1,305.0,5.883860394582719e-13
parpadeo,Fp1,305.5,5.811386225126622e-13
parpadeo,Fp1,306.0,5.754959000073517e-13
parpadeo,Fp1,306.5,5.689475185653399e-13
parpadeo,Fp1,307.0,5.619140060823615e-13
parpadeo,Fp1,307.5,5.567667144072428e-13
parpadeo,Fp1,308.0,5.499166827308883e-13
parpadeo,Fp1,308.5,5.44377359516021e-13
parpadeo,Fp1,309.0,5.378212749844219e-13
parpadeo,Fp1,309.5,5.317590991045077e-13
parpadeo,Fp1,310.0,5.267957278299481e-13
parpadeo,Fp1,310.5,5.20049298588358e-13
parpadeo,Fp1,311.0,5.143970089457462e-13
parpadeo,Fp1,311.5,5.093617006879068e-13
parpadeo,Fp1,312.0,5.034715701873496e-13
parpadeo,Fp1,312.5,4.98073895380144e-13
parpadeo,Fp1,313.0,4.917538171080945e-13
parpadeo,Fp1,313.5,4.872058956912639e-13
parpadeo,Fp1,314.0,4.816221367336668e-13
parpadeo,Fp1,314.5,4.763619759674286e-13
parpadeo,Fp1,315.0,4.711051471729539e-13
parpadeo,Fp1,315.5,4.655989381064939e-13
parpadeo,Fp1,316.0,4.611220193385635e-13
parpadeo,Fp1,316.5,4.555582782961344e-13
parpadeo,Fp1,317.0,4.5108023567375456e-13
parpadeo,Fp1,317.5,4.4544181794998065e-13
parpadeo,Fp1,318.0,4.4117595528870024e-13
parpadeo,Fp1,318.5,4.3607780956247575e-13
parpadeo,Fp1,319.0,4.3130494717548595e-13
parpadeo,Fp1,319.5,4.264764049874248e-13
parpadeo,Fp1,320.0,4.220981593858527e-13
parpadeo,Fp1,320.5,4.1727763733547715e-13
parpadeo,Fp1,321.0,4.1266481890851776e-13
parpadeo,Fp1,321.5,4.083966515360962e-13
parpadeo,Fp1,322.0,4.038141594177794e-13
parpadeo,Fp1,322.5,3.996247044299355e-13
parpadeo,Fp1,323.0,3.9476899802324667e-13
parpadeo,Fp1,323.5,3.908498441986497e-13
parpadeo,Fp1,324.0,3.8641076984422556e-13
parpadeo,Fp1,324.5,3.8229585200265346e-13
parpadeo,Fp1,325.0,3.781296356606038e-13
parpadeo,Fp1,325.5,3.739887237223542e-13
parpadeo,Fp1,326.0,3.6995136404943534e-13
parpadeo,Fp1,326.5,3.658533302371528e-13
parpadeo,Fp1,327.0,3.618130370231126e-13
parpadeo,Fp1,327.5,3.5811528765395303e-13
parpadeo,Fp1,328.0,3.5386069320048456e-13
parpadeo,Fp1,328.5,3.5039863472479766e-13
parpadeo,Fp1,329.0,3.46241923510003e-13
parpadeo,Fp1,329.5,3.427538664569013e-13
parpadeo,Fp1,330.0,3.3881969920213663e-13
parpadeo,Fp1,330.5,3.353651999737352e-13
parpadeo,Fp1,331.0,3.3133212236404456e-13
parpadeo,Fp1,331.5,3.2806768084673396e-13
parpadeo,Fp1,332.0,3.245287830360829e-13
parpadeo,Fp1,332.5,3.207242902820208e-13
parpadeo,Fp1,333.0,3.1747194147570913e-13
parpadeo,Fp1,333.5,3.1381350486712543e-13
parpadeo,Fp1,334.0,3.106623828225138e-13
parpadeo,Fp1,334.5,3.0701619814701775e-13
parpadeo,Fp1,335.0,3.038955246264105e-13
parpadeo,Fp1,335.5,3.005028299028947e-13
parpadeo,Fp1,336.0,2.971536605034562e-13
parpadeo,Fp1,336.5,2.9413980677186795e-13
parpadeo,Fp1,337.0,2.9073341598852954e-13
parpadeo,Fp1,337.5,2.876087438676434e-13
parpadeo,Fp1,338.0,2.845606351510484e-13
parpadeo,Fp1,338.5,2.815268068630955e-13
parpadeo,Fp1,339.0,2.782478597422332e-13
parpadeo,Fp1,339.5,2.754144901413302e-13
parpadeo,Fp1,340.0,2.7227145142375756e-13
parpadeo,Fp1,340.5,2.6942394491097266e-13
parpadeo,Fp1,341.0,2.6645942609914797e-13
parpadeo,Fp1,341.5,2.635423078481889e-13
parpadeo,Fp1,342.0,2.606520993775922e-13
parpadeo,Fp1,342.5,2.578970731014339e-13
parpadeo,Fp1,343.0,2.5503854616248903e-13
parpadeo,Fp1,343.5,2.522167802249972e-13
parpadeo,Fp1,344.0,2.495350438829841e-13
parpadeo,Fp1,344.5,2.4679208807965226e-13
parpadeo,Fp1,345.0,2.441217851849893e-13
parpadeo,Fp1,345.5,2.4142531931948314e-13
parpadeo,Fp1,346.0,2.388219360334662e-13
parpadeo,Fp1,346.5,2.361938833731314e-13
parpadeo,Fp1,347.0,2.336378160233157e-13
parpadeo,Fp1,347.5,2.3105139728736954e-13
parpadeo,Fp1,348.0,2.2856808824443777e-13
parpadeo,Fp1,348.5,2.2605448242600967e-13
parpadeo,Fp1,349.0,2.235961752983604e-13
parpadeo,Fp1,349.5,2.2110671061002687e-13
parpadeo,Fp1,350.0,2.1875474808860345e-13
parpadeo,Fp1,350.5,2.1630078396344965e-13
parpadeo,Fp1,351.0,2.139782625900958e-13
parpadeo,Fp1,351.5,2.1159732925747362e-13
parpadeo,Fp1,352.0,2.0932379304744606e-13
parpadeo,Fp1,352.5,2.0697659517984335e-13
parpadeo,Fp1,353.0,2.047543548295107e-13
parpadeo,Fp1,353.5,2.024682860914689e-13
parpadeo,Fp1,354.0,2.0026307052281166e-13
parpadeo,Fp1,354.5,1.9806399578768691e-13
parpadeo,Fp1,355.0,1.9589568911263974e-13
parpadeo,Fp1,355.5,1.937040229064201e-13
parpadeo,Fp1,356.0,1.9160895330844228e-13
parpadeo,Fp1,356.5,1.8947529101520673e-13
parpadeo,Fp1,357.0,1.8739773366779195e-13
parpadeo,Fp1,357.5,1.8533674960664168e-13
parpadeo,Fp1,358.0,1.832840677340313e-13
parpadeo,Fp1,358.5,1.8125400968905078e-13
parpadeo,Fp1,359.0,1.79257172289365e-13
parpadeo,Fp1,359.5,1.772697873162672e-13
parpadeo,Fp1,360.0,1.7531399530748375e-13
parpadeo,Fp1,360.5,1.7337472136981784e-13
parpadeo,Fp1,361.0,1.714440726336435e-13
parpadeo,Fp1,361.5,1.6953895510845002e-13
parpadeo,Fp1,362.0,1.6766120575997574e-13
parpadeo,Fp1,362.5,1.6580227370466968e-13
parpadeo,Fp1,363.0,1.6395456475755505e-13
parpadeo,Fp1,363.5,1.6211495407314306e-13
parpadeo,Fp1,364.0,1.603433959996995e-13
parpadeo,Fp1,364.5,1.5851852203044937e-13
parpadeo,Fp1,365.0,1.5676884940062686e-13
parpadeo,Fp1,365.5,1.550054190656577e-13
parpadeo,Fp1,366.0,1.5328011909101752e-13
parpadeo,Fp1,366.5,1.5156200472427272e-13
parpadeo,Fp1,367.0,1.4986152821389766e-13
parpadeo,Fp1,367.5,1.4817963210908507e-13
parpadeo,Fp1,368.0,1.4652008864753318e-13
parpadeo,Fp1,368.5,1.4486211898643006e-13
parpadeo,Fp1,369.0,1.4324274991228952e-13
parpadeo,Fp1,369.5,1.4162012619545698e-13
parpadeo,Fp1,370.0,1.4002588270740813e-13
parpadeo,Fp1,370.5,1.3844307202087497e-13
parpadeo,Fp1,371.0,1.3688392278384663e-13
parpadeo,Fp1,371.5,1.3532366476543143e-13
parpadeo,Fp1,372.0,1.3379409303461473e-13
parpadeo,Fp1,372.5,1.3227273749308412e-13
parpadeo,Fp1,373.0,1.3077946922974398e-13
parpadeo,Fp1,373.5,1.2928487899283946e-13
parpadeo,Fp1,374.0,1.2780683629307548e-13
parpadeo,Fp1,374.5,1.2635361898546267e-13
parpadeo,Fp1,375.0,1.2490843840827107e-13
parpadeo,Fp1,375.5,1.234840398289159e-13
parpadeo,Fp1,376.0,1.2206368349672863e-13
parpadeo,Fp1,376.5,1.206653215567149e-13
parpadeo,Fp1,377.0,1.192829062500647e-13
parpadeo,Fp1,377.5,1.1790471385690253e-13
parpadeo,Fp1,378.0,1.165451919443169e-13
parpadeo,Fp1,378.5,1.1520817902739473e-13
parpadeo,Fp1,379.0,1.1387237077953315e-13
parpadeo,Fp1,379.5,1.1254959770257042e-13
parpadeo,Fp1,380.0,1.1125256574742232e-13
parpadeo,Fp1,380.5,1.0995777554561587e-13
parpadeo,Fp1,381.0,1.0867549224945601e-13
parpadeo,Fp1,381.5,1.0741393555428265e-13
parpadeo,Fp1,382.0,1.0615829710991214e-13
parpadeo,Fp1,382.5,1.0491824222109654e-13
parpadeo,Fp1,383.0,1.036901779984728e-13
parpadeo,Fp1,383.5,1.0247270823591083e-13
parpadeo,Fp1,384.0,1.0126915732507557e-13
parpadeo,Fp1,384.5,1.0007814824517524e-13
parpadeo,Fp1,385.0,9.889608373713342e-14
parpadeo,Fp1,385.5,9.772830592986103e-14
parpadeo,Fp1,386.0,9.657221836239097e-14
parpadeo,Fp1,386.5,9.542595564257216e-14
parpadeo,Fp1,387.0,9.429497843832326e-14
parpadeo,Fp1,387.5,9.316923177632829e-14
parpadeo,Fp1,388.0,9.205958447368029e-14
parpadeo,Fp1,388.5,9.095781553142403e-14
parpadeo,Fp1,389.0,8.987002724514826e-14
parpadeo,Fp1,389.5,8.879148183178535e-14
parpadeo,Fp1,390.0,8.772369516818329e-14
parpadeo,Fp1,390.5,8.666611431525263e-14
parpadeo,Fp1,391.0,8.561982059776246e-14
parpadeo,Fp1,391.5,8.458299064430836e-14
parpadeo,Fp1,392.0,8.355845795312731e-14
parpadeo,Fp1,392.5,8.254254349799808e-14
parpadeo,Fp1,393.0,8.153581021822843e-14
parpadeo,Fp1,393.5,8.054114256734711e-14
parpadeo,Fp1,394.0,7.955527282728008e-14
parpadeo,Fp1,394.5,7.857989000533954e-14
parpadeo,Fp1,395.0,7.76127826830939e-14
parpadeo,Fp1,395.5,7.66575811314975e-14
parpadeo,Fp1,396.0,7.570912445671601e-14
parpadeo,Fp1,396.5,7.477253365335933e-14
parpadeo,Fp1,397.0,7.384342715730485e-14
parpadeo,Fp1,397.5,7.292481781867127e-14
parpadeo,Fp1,398.0,7.201428399155593e-14
parpadeo,Fp1,398.5,7.111438932251948e-14
parpadeo,Fp1,399.0,7.022210685193915e-14
parpadeo,Fp1,399.5,6.933805365196404e-14
parpadeo,Fp1,400.0,6.846507482299331e-14
parpadeo,Fp1,400.5,6.759896185073947e-14
parpadeo,Fp1,401.0,6.674255471034315e-14
parpadeo,Fp1,401.5,6.58932020839769e-14
parpadeo,Fp1,402.0,6.505350039946992e-14
parpadeo,Fp1,402.5,6.422219848939114e-14
parpadeo,Fp1,403.0,6.339896648286384e-14
parpadeo,Fp1,403.5,6.258332556268414e-14
parpadeo,Fp1,404.0,6.177680274594428e-14
parpadeo,Fp1,404.5,6.097766299111448e-14
parpadeo,Fp1,405.0,6.018669315083696e-14
parpadeo,Fp1,405.5,5.940387030203046e-14
parpadeo,Fp1,406.0,5.862837156547175e-14
parpadeo,Fp1,406.5,5.786098915441891e-14
parpadeo,Fp1,407.0,5.710109913508605e-14
parpadeo,Fp1,407.5,5.6348941010644475e-14
parpadeo,Fp1,408.0,5.5604443525630346e-14
parpadeo,Fp1,408.5,5.4866909002799824e-14
parpadeo,Fp1,409.0,5.413718913342016e-14
parpadeo,Fp1,409.5,5.341484795300701e-14
parpadeo,Fp1,410.0,5.269950463308416e-14
parpadeo,Fp1,410.5,5.199127457583309e-14
parpadeo,Fp1,411.0,5.129059128408137e-14
parpadeo,Fp1,411.5,5.059650629209634e-14
parpadeo,Fp1,412.0,4.990964006967424e-14
parpadeo,Fp1,412.5,4.9229744899746934e-14
parpadeo,Fp1,413.0,4.85565416860199e-14
parpadeo,Fp1,413.5,4.789027782950363e-14
parpadeo,Fp1,414.0,4.723055761182529e-14
parpadeo,Fp1,414.5,4.6577758194715094e-14
parpadeo,Fp1,415.0,4.5931417742149324e-14
parpadeo,Fp1,415.5,4.529172968792783e-14
parpadeo,Fp1,416.0,4.4658332371923645e-14
parpadeo,Fp1,416.5,4.4031635919393623e-14
parpadeo,Fp1,417.0,4.341112058842292e-14
parpadeo,Fp1,417.5,4.27970231247868e-14
parpadeo,Fp1,418.0,4.218913273546898e-14
parpadeo,Fp1,418.5,4.1587482320089685e-14
parpadeo,Fp1,419.0,4.099207134308705e-14
parpadeo,Fp1,419.5,4.0402541257932796e-14
parpadeo,Fp1,420.0,3.9819205400298826e-14
parpadeo,Fp1,420.5,3.924188598776089e-14
parpadeo,Fp1,421.0,3.8670462447826055e-14
parpadeo,Fp1,421.5,3.8104818991741504e-14
parpadeo,Fp1,422.0,3.754522649307271e-14
parpadeo,Fp1,422.5,3.699119216824633e-14
parpadeo,Fp1,423.0,3.644308306580234e-14
parpadeo,Fp1,423.5,3.5900539331043e-14
parpadeo,Fp1,424.0,3.536367393337599e-14
parpadeo,Fp1,424.5,3.483238825274772e-14
parpadeo,Fp1,425.0,3.430664456897914e-14
parpadeo,Fp1,425.5,3.378640580645048e-14
parpadeo,Fp1,426.0,3.327155772464538e-14
parpadeo,Fp1,426.5,3.2762156911778644e-14
parpadeo,Fp1,427.0,3.225812707007489e-14
parpadeo,Fp1,427.5,3.1759379816748495e-14
parpadeo,Fp1,428.0,3.1265879681157315e-14
parpadeo,Fp1,428.5,3.077761514933679e-14
parpadeo,Fp1,429.0,3.0294547266081286e-14
parpadeo,Fp1,429.5,2.9816579816328073e-14
parpadeo,Fp1,430.0,2.934373939163646e-14
parpadeo,Fp1,430.5,2.887590388061989e-14
parpadeo,Fp1,431.0,2.8413124358469296e-14
parpadeo,Fp1,431.5,2.795528513542636e-14
parpadeo,Fp1,432.0,2.7502375634134486e-14
parpadeo,Fp1,432.5,2.705435270160288e-14
parpadeo,Fp1,433.0,2.6611199229910906e-14
parpadeo,Fp1,433.5,2.617282486928121e-14
parpadeo,Fp1,434.0,2.5739229278391657e-14
parpadeo,Fp1,434.5,2.5310378451119354e-14
parpadeo,Fp1,435.0,2.4886224700440437e-14
parpadeo,Fp1,435.5,2.4466704044416216e-14
parpadeo,Fp1,436.0,2.405183132553055e-14
parpadeo,Fp1,436.5,2.3641534333953304e-14
parpadeo,Fp1,437.0,2.3235779170149175e-14
parpadeo,Fp1,437.5,2.283455720188743e-14
parpadeo,Fp1,438.0,2.2437797536131132e-14
parpadeo,Fp1,438.5,2.2045490202603455e-14
parpadeo,Fp1,439.0,2.1657603662836853e-14
parpadeo,Fp1,439.5,2.1274079881885044e-14
parpadeo,Fp1,440.0,2.0894907277107824e-14
parpadeo,Fp1,440.5,2.052005336429919e-14
parpadeo,Fp1,441.0,2.0149469206365034e-14
parpadeo,Fp1,441.5,1.9783140646211738e-14
parpadeo,Fp1,442.0,1.9421027172517164e-14
parpadeo,Fp1,442.5,1.9063095339004443e-14
parpadeo,Fp1,443.0,1.870932752544289e-14
parpadeo,Fp1,443.5,1.83596789333031e-14
parpadeo,Fp1,444.0,1.801412132184809e-14
parpadeo,Fp1,444.5,1.767263780832604e-14
parpadeo,Fp1,445.0,1.7335186278657826e-14
parpadeo,Fp1,445.5,1.700174393894642e-14
parpadeo,Fp1,446.0,1.667227966877344e-14
parpadeo,Fp1,446.5,1.634676888243533e-14
parpadeo,Fp1,447.0,1.6025180013461686e-14
parpadeo,Fp1,447.5,1.5707489133962675e-14
parpadeo,Fp1,448.0,1.5393667291931638e-14
parpadeo,Fp1,448.5,1.5083688435818636e-14
parpadeo,Fp1,449.0,1.4777528059860796e-14
parpadeo,Fp1,449.5,1.4475157659658656e-14
parpadeo,Fp1,450.0,1.417655302251265e-14
parpadeo,Fp1,450.5,1.3881690057634934e-14
parpadeo,Fp1,451.0,1.3590541907254779e-14
parpadeo,Fp1,451.5,1.3303086427356572e-14
parpadeo,Fp1,452.0,1.3019296897991617e-14
parpadeo,Fp1,452.5,1.2739151714540045e-14
parpadeo,Fp1,453.0,1.2462626144197783e-14
parpadeo,Fp1,453.5,1.2189697976935276e-14
parpadeo,Fp1,454.0,1.1920343905195693e-14
parpadeo,Fp1,454.5,1.1654541405364948e-14
parpadeo,Fp1,455.0,1.1392267713362694e-14
parpadeo,Fp1,455.5,1.1133502977091444e-14
parpadeo,Fp1,456.0,1.0878223805598034e-14
parpadeo,Fp1,456.5,1.0626409375463667e-14
parpadeo,Fp1,457.0,1.0378039098976633e-14
parpadeo,Fp1,457.5,1.013309223914495e-14
parpadeo,Fp1,458.0,9.891548827470625e-15
parpadeo,Fp1,458.5,9.653388392604203e-15
parpadeo,Fp1,459.0,9.418590848925215e-15
parpadeo,Fp1,459.5,9.18713735467429e-15
parpadeo,Fp1,460.0,8.959009115279304e-15
parpadeo,Fp1,460.5,8.734187214389905e-15
parpadeo,Fp1,461.0,8.512652122095138e-15
parpadeo,Fp1,461.5,8.294386463464036e-15
parpadeo,Fp1,462.0,8.079372384081112e-15
parpadeo,Fp1,462.5,7.86759175333622e-15
parpadeo,Fp1,463.0,7.659027434943347e-15
parpadeo,Fp1,463.5,7.453662172901889e-15
parpadeo,Fp1,464.0,7.251479009247276e-15
parpadeo,Fp1,464.5,7.052461644420176e-15
parpadeo,Fp1,465.0,6.856593542393475e-15
parpadeo,Fp1,465.5,6.6638590769038104e-15
parpadeo,Fp1,466.0,6.474241660896693e-15
parpadeo,Fp1,466.5,6.287726916440237e-15
parpadeo,Fp1,467.0,6.10429867058e-15
parpadeo,Fp1,467.5,5.923942351510012e-15
parpadeo,Fp1,468.0,5.746643272751306e-15
parpadeo,Fp1,468.5,5.5723868515347324e-15
parpadeo,Fp1,469.0,5.4011592089605146e-15
parpadeo,Fp1,469.5,5.232945856170002e-15
parpadeo,Fp1,470.0,5.067733947000006e-15
parpadeo,Fp1,470.5,4.9055089912894725e-15
parpadeo,Fp1,471.0,4.746258684206426e-15
parpadeo,Fp1,471.5,4.589970010790066e-15
parpadeo,Fp1,472.0,4.4366297967075625e-15
parpadeo,Fp1,472.5,4.286225605320286e-15
parpadeo,Fp1,473.0,4.138746294679426e-15
parpadeo,Fp1,473.5,3.994178654458411e-15
parpadeo,Fp1,474.0,3.852511524207633e-15
parpadeo,Fp1,474.5,3.713733901792963e-15
parpadeo,Fp1,475.0,3.5778337162456454e-15
parpadeo,Fp1,475.5,3.4448006136181154e-15
parpadeo,Fp1,476.0,3.314623451103743e-15
parpadeo,Fp1,476.5,3.187292031847685e-15
parpadeo,Fp1,477.0,3.062795863486993e-15
parpadeo,Fp1,477.5,2.94112546993897e-15
parpadeo,Fp1,478.0,2.822270204608694e-15
parpadeo,Fp1,478.5,2.7062209116729447e-15
parpadeo,Fp1,479.0,2.5929685774630094e-15
parpadeo,Fp1,479.5,2.482503457875989e-15
parpadeo,Fp1,480.0,2.374817269128289e-15
parpadeo,Fp1,480.5,2.2699007645338147e-15
parpadeo,Fp1,481.0,2.1677460615074794e-15
parpadeo,Fp1,481.5,2.0683446295629458e-15
parpadeo,Fp1,482.0,1.971688674660965e-15
parpadeo,Fp1,482.5,1.8777703436708846e-15
parpadeo,Fp1,483.0,1.7865820774030793e-15
parpadeo,Fp1,483.5,1.6981167613871278e-15
parpadeo,Fp1,484.0,1.6123669453594628e-15
parpadeo,Fp1,484.5,1.5293262459208551e-15
parpadeo,Fp1,485.0,1.4489875402319797e-15
parpadeo,Fp1,485.5,1.3713446022388116e-15
parpadeo,Fp1,486.0,1.2963913170726252e-15
parpadeo,Fp1,486.5,1.2241215882849744e-15
parpadeo,Fp1,487.0,1.1545298318832394e-15
parpadeo,Fp1,487.5,1.087610011524232e-15
parpadeo,Fp1,488.0,1.0233572328181196e-15
parpadeo,Fp1,488.5,9.617662715735483e-16
parpadeo,Fp1,489.0,9.028320910267957e-16
parpadeo,Fp1,489.5,8.465499020577162e-16
parpadeo,Fp1,490.0,7.929155674499929e-16
parpadeo,Fp1,490.5,7.419244211086086e-16
parpadeo,Fp1,491.0,6.93572664977987e-16
parpadeo,Fp1,491.5,6.478563463779487e-16
parpadeo,Fp1,492.0,6.047717699876415e-16
parpadeo,Fp1,492.5,5.643156467320615e-16
parpadeo,Fp1,493.0,5.264846334866717e-16
parpadeo,Fp1,493.5,4.91275620024472e-16
parpadeo,Fp1,494.0,4.586859680651739e-16
parpadeo,Fp1,494.5,4.287130571470541e-16
parpadeo,Fp1,495.0,4.013544559761923e-16
parpadeo,Fp1,495.5,3.766080204489363e-16
parpadeo,Fp1,496.0,3.544716636541745e-16
parpadeo,Fp1,496.5,3.349438463212529e-16
parpadeo,Fp1,497.0,3.180229228857475e-16
parpadeo,Fp1,497.5,3.0370744388256307e-16
parpadeo,Fp1,498.0,2.9199614462334497e-16
parpadeo,Fp1,498.5,2.8288850096898203e-16
parpadeo,Fp1,499.0,2.7638352377849235e-16
parpadeo,Fp1,499.5,2.7248080573589594e-16
parpadeo,Fp1,500.0,1.3558996892197427e-16
parpadeo,Fp2,0.0,1940.269752094399
parpadeo,Fp2,0.5,18110.62352718856
parpadeo,Fp2,1.0,119873.18459321657
parpadeo,Fp2,1.5,144210.26075011824
parpadeo,Fp2,2.0,79452.32925908445
parpadeo,Fp2,2.5,27641.87481710552
parpadeo,Fp2,3.0,29226.68041215541
parpadeo,Fp2,3.5,23380.488785237114
parpadeo,Fp2,4.0,9209.274339538628
parpadeo,Fp2,4.5,7266.809689666839
parpadeo,Fp2,5.0,7779.082079724789
parpadeo,Fp2,5.5,6887.165351122682
parpadeo,Fp2,6.0,4092.0074179713743
parpadeo,Fp2,6.5,3304.559672195475
parpadeo,Fp2,7.0,2054.0479330789653
parpadeo,Fp2,7.5,1895.3211387954993
parpadeo,Fp2,8.0,2482.163998364554
parpadeo,Fp2,8.5,2152.7226552922184
parpadeo,Fp2,9.0,1698.9626833745633
parpadeo,Fp2,9.5,2096.2679798692884
parpadeo,Fp2,10.0,2023.4087699817255
parpadeo,Fp2,10.5,2067.849661698203
parpadeo,Fp2,11.0,2265.1404880643636
parpadeo,Fp2,11.5,1478.294893634523
parpadeo,Fp2,12.0,1943.1139600632248
parpadeo,Fp2,12.5,1378.5198601587604
parpadeo,Fp2,13.0,1103.6827992787898
parpadeo,Fp2,13.5,1223.725277614075
parpadeo,Fp2,14.0,1600.9641066211057
parpadeo,Fp2,14.5,2116.856648934055
parpadeo,Fp2,15.0,2164.904017550928
parpadeo,Fp2,15.5,1882.472983634185
parpadeo,Fp2,16.0,1909.834984348078
parpadeo,Fp2,16.5,1690.3186926998635
parpadeo,Fp2,17.0,1371.8528176688374
parpadeo,Fp2,17.5,1033.0528203601611
parpadeo,Fp2,18.0,1258.7917428060982
parpadeo,Fp2,18.5,1417.4699923957885
parpadeo,Fp2,19.0,1404.3099274826948
parpadeo,Fp2,19.5,2055.2555674004357
parpadeo,Fp2,20.0,1424.3088735318463
parpadeo,Fp2,20.5,1065.9126853544697
parpadeo,Fp2,21.0,942.9545230185275
parpadeo,Fp2,21.5,1175.1307667772533
parpadeo,Fp2,22.0,1383.374775599402
parpadeo,Fp2,22.5,1662.3014126741205
parpadeo,Fp2,23.0,1248.337306842434
parpadeo,Fp2,23.5,983.4888167667361
parpadeo,Fp2,24.0,1147.364787724728
parpadeo,Fp2,24.5,1425.964148174594
parpadeo,Fp2,25.0,1554.0426952020903
parpadeo,Fp2,25.5,1055.6223491478825
parpadeo,Fp2,26.0,1216.329417443933
parpadeo,Fp2,26.5,1416.794233456826
parpadeo,Fp2,27.0,817.3300022783695
parpadeo,Fp2,27.5,736.4719147338768
parpadeo,Fp2,28.0,913.115683371493
parpadeo,Fp2,28.5,935.1037861843662
parpadeo,Fp2,29.0,973.7275251751827
parpadeo,Fp2,29.5,1065.4638173455282
parpadeo,Fp2,30.0,1272.5912669513332
parpadeo,Fp2,30.5,1118.3658699643427
parpadeo,Fp2,31.0,832.1015790187178
parpadeo,Fp2,31.5,1178.0953009745822
parpadeo,Fp2,32.0,1077.8006632434822
parpadeo,Fp2,32.5,931.4883265802771
parpadeo,Fp2,33.0,1011.9344756819085
parpadeo,Fp2,33.5,902.9388978973212
parpadeo,Fp2,34.0,866.5759224270345
parpadeo,Fp2,34.5,750.5272774267916
parpadeo,Fp2,35.0,796.465566582203
parpadeo,Fp2,35.5,761.2801829096513
parpadeo,Fp2,36.0,679.481323623757
parpadeo,Fp2,36.5,523.8722813132168
parpadeo,Fp2,37.0,574.8423370062184
parpadeo,Fp2,37.5,560.2790565302851
parpadeo,Fp2,38.0,452.1982250099796
parpadeo,Fp2,38.5,422.41471627878747
parpadeo,Fp2,39.0,416.65030847892467
parpadeo,Fp2,39.5,428.91343073188335
parpadeo,Fp2,40.0,558.840768082065
parpadeo,Fp2,40.5,412.5859076900187
parpadeo,Fp2,41.0,295.9750160557663
parpadeo,Fp2,41.5,259.6030880978381
parpadeo,Fp2,42.0,310.4435345962905
parpadeo,Fp2,42.5,316.9520785482688
parpadeo,Fp2,43.0,235.1204084016892
parpadeo,Fp2,43.5,261.9539175295427
parpadeo,Fp2,44.0,235.71744578755198
parpadeo,Fp2,44.5,206.14444691856747
parpadeo,Fp2,45.0,169.81261758700228
parpadeo,Fp2,45.5,115.32081336460338
parpadeo,Fp2,46.0,133.37585365566812
parpadeo,Fp2,46.5,161.69162351628663
parpadeo,Fp2,47.0,127.7114639086568
parpadeo,Fp2,47.5,71.22510522443665
parpadeo,Fp2,48.0,87.30032639545871
parpadeo,Fp2,48.5,85.91692324380811
parpadeo,Fp2,49.0,58.948525670984836
parpadeo,Fp2,49.5,39.33739528026637
parpadeo,Fp2,50.0,51.699397795902506
parpadeo,Fp2,50.5,44.95816557527444
parpadeo,Fp2,51.0,52.442223272843655
parpadeo,Fp2,51.5,43.89386211353172
parpadeo,Fp2,52.0,32.96251527701653
parpadeo,Fp2,52.5,28.64636925536012
parpadeo,Fp2,53.0,24.814944173967582
parpadeo,Fp2,53.5,25.014903637870095
parpadeo,Fp2,54.0,22.55647393352855
parpadeo,Fp2,54.5,16.01290319631812
parpadeo,Fp2,55.0,16.267714109646725
parpadeo,Fp2,55.5,12.308092532320497
parpadeo,Fp2,56.0,8.289148690516864
parpadeo,Fp2,56.5,7.895879379773932
parpadeo,Fp2,57.0,6.851316777209723
parpadeo,Fp2,57.5,7.399933139713324
parpadeo,Fp2,58.0,6.109553185163975
parpadeo,Fp2,58.5,4.280395572702235
parpadeo,Fp2,59.0,4.361607389485427
parpadeo,Fp2,59.5,3.4182808430174574
parpadeo,Fp2,60.0,3.1184391191844627
parpadeo,Fp2,60.5,2.3212740615131375
parpadeo,Fp2,61.0,1.836544432413555
parpadeo,Fp2,61.5,1.5212918242909919
parpadeo,Fp2,62.0,1.639196211148738
parpadeo,Fp2,62.5,1.9643820357479334
parpadeo,Fp2,63.0,1.8308434428918698
parpadeo,Fp2,63.5,1.6539909273432418
parpadeo,Fp2,64.0,1.2304257886654426
parpadeo,Fp2,64.5,0.8566670970065942
parpadeo,Fp2,65.0,0.6521925367251221
parpadeo,Fp2,65.5,0.5455578082446364
parpadeo,Fp2,66.0,0.4452210820552416
parpadeo,Fp2,66.5,0.4052492418463486
parpadeo,Fp2,67.0,0.3641703432674742
parpadeo,Fp2,67.5,0.24747676127237891
parpadeo,Fp2,68.0,0.24235076577425047
parpadeo,Fp2,68.5,0.21812250273964018
parpadeo,Fp2,69.0,0.16577113183967943
parpadeo,Fp2,69.5,0.15839921358865175
parpadeo,Fp2,70.0,0.16213712546519157
parpadeo,Fp2,70.5,0.12918019505111591
parpadeo,Fp2,71.0,0.1137617295229884
parpadeo,Fp2,71.5,0.08367368017872166
parpadeo,Fp2,72.0,0.057801120897770765
parpadeo,Fp2,72.5,0.07502868032817257
parpadeo,Fp2,73.0,0.07791997659002331
parpadeo,Fp2,73.5,0.05296008076198633
parpadeo,Fp2,74.0,0.05019646124076419
parpadeo,Fp2,74.5,0.03512625588919345
parpadeo,Fp2,75.0,0.02849974642308007
parpadeo,Fp2,75.5,0.027101208098357688
parpadeo,Fp2,76.0,0.0168105226962354
parpadeo,Fp2,76.5,0.0227640038968356
parpadeo,Fp2,77.0,0.020588239365777607
parpadeo,Fp2,77.5,0.0177674574378965
parpadeo,Fp2,78.0,0.01993313189759528
parpadeo,Fp2,78.5,0.013746970946323116
parpadeo,Fp2,79.0,0.009485849914021339
parpadeo,Fp2,79.5,0.008355895463513324
parpadeo,Fp2,80.0,0.006584143523062987
parpadeo,Fp2,80.5,0.006686963918613138
parpadeo,Fp2,81.0,0.006031161257159178
parpadeo,Fp2,81.5,0.009074069602606934
parpadeo,Fp2,82.0,0.009339220617654194
parpadeo,Fp2,82.5,0.00561333363667788
parpadeo,Fp2,83.0,0.0038737031195455593
parpadeo,Fp2,83.5,0.0029051117215625447
parpadeo,Fp2,84.0,0.0024502624470493267
parpadeo,Fp2,84.5,0.0024654824877354746
parpadeo,Fp2,85.0,0.002425413272779423
parpadeo,Fp2,85.5,0.002599948032428362
parpadeo,Fp2,86.0,0.0019910032424651286
parpadeo,Fp2,86.5,0.0014090885440581956
parpadeo,Fp2,87.0,0.0011637362901660232
parpadeo,Fp2,87.5,0.00122110653029031
parpadeo,Fp2,88.0,0.0011463643956349902
parpadeo,Fp2,88.5,0.0009523476288312692
parpadeo,Fp2,89.0,0.0009660434655628748
parpadeo,Fp2,89.5,0.0007499531513026941
parpadeo,Fp2,90.0,0.0006912923174040362
parpadeo,Fp2,90.5,0.0008041083346024495
parpadeo,Fp2,91.0,0.0007114646925431928
parpadeo,Fp2,91.5,0.0004948967724501949
parpadeo,Fp2,92.0,0.0004915345385366044
parpadeo,Fp2,92.5,0.0004010676277677349
parpadeo,Fp2,93.0,0.000374794323163049
parpadeo,Fp2,93.5,0.0003053120015361922
parpadeo,Fp2,94.0,0.00023775764718754082
parpadeo,Fp2,94.5,0.00023428014670139435
parpadeo,Fp2,95.0,0.00023583465122065415
parpadeo,Fp2,95.5,0.00019575548481363557
parpadeo,Fp2,96.0,0.00016035071240233777
parpadeo,Fp2,96.5,0.00011670952858362173
parpadeo,Fp2,97.0,0.00012719164518169412
parpadeo,Fp2,97.5,0.00011362945579823708
parpadeo,Fp2,98.0,8.096198742489193e-05
parpadeo,Fp2,98.5,6.500992567525523e-05
parpadeo,Fp2,99.0,6.857493556268038e-05
parpadeo,Fp2,99.5,5.805171703815035e-05
parpadeo,Fp2,100.0,7.193246129275817e-05
parpadeo,Fp2,100.5,5.1598974900057346e-05
parpadeo,Fp2,101.0,4.7589888839836776e-05
parpadeo,Fp2,101.5,4.5525162602770064e-05
parpadeo,Fp2,102.0,3.6879969723269366e-05
parpadeo,Fp2,102.5,3.7816103268709825e-05
parpadeo,Fp2,103.0,3.24884804966952e-05
parpadeo,Fp2,103.5,3.2345171746657365e-05
parpadeo,Fp2,104.0,3.333260990815471e-05
parpadeo,Fp2,104.5,2.3903137924421827e-05
parpadeo,Fp2,105.0,2.1642411758996186e-05
parpadeo,Fp2,105.5,1.270505771340682e-05
parpadeo,Fp2,106.0,1.6260471736400512e-05
parpadeo,Fp2,106.5,1.4934614231350096e-05
parpadeo,Fp2,107.0,1.4112380261878781e-05
parpadeo,Fp2,107.5,1.3331963748097177e-05
parpadeo,Fp2,108.0,1.1037436683656948e-05
parpadeo,Fp2,108.5,8.265672494435552e-06
parpadeo,Fp2,109.0,8.43763510467207e-06
parpadeo,Fp2,109.5,1.0524648657982668e-05
parpadeo,Fp2,110.0,8.89669866839028e-06
parpadeo,Fp2,110.5,6.372197599638618e-06
parpadeo,Fp2,111.0,6.1793109630181396e-06
parpadeo,Fp2,111.5,6.6615436589727905e-06
parpadeo,Fp2,112.0,5.012596982571857e-06
parpadeo,Fp2,112.5,4.14138222550785e-06
parpadeo,Fp2,113.0,3.4697424441692984e-06
parpadeo,Fp2,113.5,3.360392266149894e-06
parpadeo,Fp2,114.0,3.631723601995279e-06
parpadeo,Fp2,114.5,2.6655374603342808e-06
parpadeo,Fp2,115.0,2.5985195837608556e-06
parpadeo,Fp2,115.5,2.5967187482115815e-06
parpadeo,Fp2,116.0,2.7834289831497102e-06
parpadeo,Fp2,116.5,2.4586037553652256e-06
parpadeo,Fp2,117.0,2.1502060170667037e-06
parpadeo,Fp2,117.5,1.6953487471840783e-06
parpadeo,Fp2,118.0,1.6382000864199322e-06
parpadeo,Fp2,118.5,1.4995810950359057e-06
parpadeo,Fp2,119.0,1.5838270260923753e-06
parpadeo,Fp2,119.5,9.841426780810556e-07
parpadeo,Fp2,120.0,9.403065052114476e-07
parpadeo,Fp2,120.5,1.2805123110738098e-06
parpadeo,Fp2,121.0,1.048888591432662e-06
parpadeo,Fp2,121.5,9.527823351211288e-07
parpadeo,Fp2,122.0,6.391406760754e-07
parpadeo,Fp2,122.5,5.467984031112088e-07
parpadeo,Fp2,123.0,5.688017324829203e-07
parpadeo,Fp2,123.5,5.452760209809984e-07
parpadeo,Fp2,124.0,6.061312318511308e-07
parpadeo,Fp2,124.5,6.710174646050872e-07
parpadeo,Fp2,125.0,5.320496354728025e-07
parpadeo,Fp2,125.5,5.960993249294337e-07
parpadeo,Fp2,126.0,4.6423412067594234e-07
parpadeo,Fp2,126.5,4.243302174835385e-07
parpadeo,Fp2,127.0,3.465983561014796e-07
parpadeo,Fp2,127.5,3.574585047039526e-07
parpadeo,Fp2,128.0,2.3864851226757526e-07
parpadeo,Fp2,128.5,2.619964709878615e-07
parpadeo,Fp2,129.0,2.6580741668294897e-07
parpadeo,Fp2,129.5,1.5361482214204494e-07
parpadeo,Fp2,130.0,1.968158534580229e-07
parpadeo,Fp2,130.5,2.2662855017883644e-07
parpadeo,Fp2,131.0,1.5477112849097856e-07
parpadeo,Fp2,131.5,1.1890979895433906e-07
parpadeo,Fp2,132.0,1.01156680876886e-07
parpadeo,Fp2,132.5,9.198233036104009e-08
parpadeo,Fp2,133.0,7.875343300524204e-08
parpadeo,Fp2,133.5,9.479988411410741e-08
parpadeo,Fp2,134.0,8.32665267598608e-08
parpadeo,Fp2,134.5,7.972629704286216e-08
parpadeo,Fp2,135.0,8.722530030223536e-08
parpadeo,Fp2,135.5,7.793222105500634e-08
parpadeo,Fp2,136.0,7.603465273643726e-08
parpadeo,Fp2,136.5,7.476817520035364e-08
parpadeo,Fp2,137.0,5.625029913065131e-08
parpadeo,Fp2,137.5,4.6944092295886895e-08
parpadeo,Fp2,138.0,3.2193016267933866e-08
parpadeo,Fp2,138.5,3.03668965662401e-08
parpadeo,Fp2,139.0,3.736815018816224e-08
parpadeo,Fp2,139.5,3.2119988239717374e-08
parpadeo,Fp2,140.0,3.7216093420117986e-08
parpadeo,Fp2,140.5,3.0476310331516864e-08
parpadeo,Fp2,141.0,2.2487474222768067e-08
parpadeo,Fp2,141.5,2.314088777141384e-08
parpadeo,Fp2,142.0,2.1214356075234523e-08
parpadeo,Fp2,142.5,2.7047295387663894e-08
parpadeo,Fp2,143.0,2.2814749458576566e-08
parpadeo,Fp2,143.5,2.3195528909750774e-08
parpadeo,Fp2,144.0,1.8974671655595213e-08
parpadeo,Fp2,144.5,1.514072036852143e-08
parpadeo,Fp2,145.0,1.378751383226205e-08
parpadeo,Fp2,145.5,1.020421911308118e-08
parpadeo,Fp2,146.0,8.69620368420205e-09
parpadeo,Fp2,146.5,1.035072704977168e-08
parpadeo,Fp2,147.0,1.0856061222763992e-08
parpadeo,Fp2,147.5,1.2494514622180378e-08
parpadeo,Fp2,148.0,1.2837713481317411e-08
parpadeo,Fp2,148.5,1.0702058696167685e-08
parpadeo,Fp2,149.0,7.955307292357936e-09
parpadeo,Fp2,149.5,8.101733369370916e-09
parpadeo,Fp2,150.0,7.359302056699471e-09
parpadeo,Fp2,150.5,7.435703440250077e-09
parpadeo,Fp2,151.0,6.0477311317161545e-09
parpadeo,Fp2,151.5,5.125051960292875e-09
parpadeo,Fp2,152.0,5.471605799056121e-09
parpadeo,Fp2,152.5,6.1771493146960466e-09
parpadeo,Fp2,153.0,3.6554532916451917e-09
parpadeo,Fp2,153.5,3.125727997305048e-09
parpadeo,Fp2,154.0,2.9171684364059964e-09
parpadeo,Fp2,154.5,2.587959068571348e-09
parpadeo,Fp2,155.0,2.9839640587551296e-09
parpadeo,Fp2,155.5,3.525326069672855e-09
parpadeo,Fp2,156.0,2.545945152617347e-09
parpadeo,Fp2,156.5,3.231701319458811e-09
parpadeo,Fp2,157.0,3.962759461045053e-09
parpadeo,Fp2,157.5,3.189675310611414e-09
parpadeo,Fp2,158.0,2.1508706649600182e-09
parpadeo,Fp2,158.5,1.3838563494235946e-09
parpadeo,Fp2,159.0,1.1562353519978353e-09
parpadeo,Fp2,159.5,1.1791620654478896e-09
parpadeo,Fp2,160.0,1.6447557879341992e-09
parpadeo,Fp2,160.5,1.394732610803074e-09
parpadeo,Fp2,161.0,1.1705616283999283e-09
parpadeo,Fp2,161.5,9.252555218563837e-10
parpadeo,Fp2,162.0,9.073543331981925e-10
parpadeo,Fp2,162.5,9.175017614238536e-10
parpadeo,Fp2,163.0,8.025389413138455e-10
parpadeo,Fp2,163.5,7.475891821376854e-10
parpadeo,Fp2,164.0,6.646071986224936e-10
parpadeo,Fp2,164.5,8.194343928373368e-10
parpadeo,Fp2,165.0,6.84128388998052e-10
parpadeo,Fp2,165.5,6.797022520172374e-10
parpadeo,Fp2,166.0,7.862416621846154e-10
parpadeo,Fp2,166.5,6.002384556807783e-10
parpadeo,Fp2,167.0,5.550901478340509e-10
parpadeo,Fp2,167.5,5.297280468508864e-10
parpadeo,Fp2,168.0,4.990904957048172e-10
parpadeo,Fp2,168.5,4.182676743413352e-10
parpadeo,Fp2,169.0,4.4628852141463057e-10
parpadeo,Fp2,169.5,4.1829866132109597e-10
parpadeo,Fp2,170.0,3.6928541100390315e-10
parpadeo,Fp2,170.5,3.462870697307535e-10
parpadeo,Fp2,171.0,2.7611453054495957e-10
parpadeo,Fp2,171.5,2.933360652602837e-10
parpadeo,Fp2,172.0,2.2133887984828268e-10
parpadeo,Fp2,172.5,2.7274321507879054e-10
parpadeo,Fp2,173.0,3.0589891704839277e-10
parpadeo,Fp2,173.5,2.3648492425973525e-10
parpadeo,Fp2,174.0,2.1671785615609703e-10
parpadeo,Fp2,174.5,2.992029677144828e-10
parpadeo,Fp2,175.0,3.1597698477741897e-10
parpadeo,Fp2,175.5,2.1466103510245495e-10
parpadeo,Fp2,176.0,1.6813581910485473e-10
parpadeo,Fp2,176.5,1.5544419268694077e-10
parpadeo,Fp2,177.0,1.7717750709618455e-10
parpadeo,Fp2,177.5,1.8804173898219929e-10
parpadeo,Fp2,178.0,1.175212215664536e-10
parpadeo,Fp2,178.5,1.35138089590957e-10
parpadeo,Fp2,179.0,9.649164097907956e-11
parpadeo,Fp2,179.5,1.1233925707889265e-10
parpadeo,Fp2,180.0,1.1615701352334971e-10
parpadeo,Fp2,180.5,7.969003693008337e-11
parpadeo,Fp2,181.0,9.594104780741999e-11
parpadeo,Fp2,181.5,1.226667335808363e-10
parpadeo,Fp2,182.0,8.597903665839325e-11
parpadeo,Fp2,182.5,6.846222950154906e-11
parpadeo,Fp2,183.0,5.6374571181378514e-11
parpadeo,Fp2,183.5,5.927857549332487e-11
parpadeo,Fp2,184.0,6.15107680295819e-11
parpadeo,Fp2,184.5,6.782606837514296e-11
parpadeo,Fp2,185.0,4.789751158630955e-11
parpadeo,Fp2,185.5,6.118322971185942e-11
parpadeo,Fp2,186.0,3.8205695605632886e-11
parpadeo,Fp2,186.5,5.2227770300131967e-11
parpadeo,Fp2,187.0,4.788925245010063e-11
parpadeo,Fp2,187.5,3.150049915501726e-11
parpadeo,Fp2,188.0,4.489569560898639e-11
parpadeo,Fp2,188.5,4.810117326898348e-11
parpadeo,Fp2,189.0,5.139133902434281e-11
parpadeo,Fp2,189.5,2.969516025808681e-11
parpadeo,Fp2,190.0,3.714115076821951e-11
parpadeo,Fp2,190.5,4.068990576536533e-11
parpadeo,Fp2,191.0,3.823867714055989e-11
parpadeo,Fp2,191.5,3.2867727017276286e-11
parpadeo,Fp2,192.0,3.769579418624459e-11
parpadeo,Fp2,192.5,3.0763199136705365e-11
parpadeo,Fp2,193.0,2.578744222362885e-11
parpadeo,Fp2,193.5,2.97761763407615e-11
parpadeo,Fp2,194.0,2.750205698723431e-11
parpadeo,Fp2,194.5,2.4073111978907247e-11
parpadeo,Fp2,195.0,2.3070065373692584e-11
parpadeo,Fp2,195.5,2.2900032578139344e-11
parpadeo,Fp2,196.0,2.875607364349311e-11
parpadeo,Fp2,196.5,2.7249418358951375e-11
parpadeo,Fp2,197.0,1.9645524557705418e-11
parpadeo,Fp2,197.5,2.5205359691282876e-11
parpadeo,Fp2,198.0,1.812072741544731e-11
parpadeo,Fp2,198.5,2.2122176582143355e-11
parpadeo,Fp2,199.0,2.070618843480504e-11
parpadeo,Fp2,199.5,1.7140886574043198e-11
parpadeo,Fp2,200.0,2.1308441358416752e-11
parpadeo,Fp2,200.5,2.1412535081338337e-11
parpadeo,Fp2,201.0,1.462919989883522e-11
parpadeo,Fp2,201.5,1.994386528785039e-11
parpadeo,Fp2,202.0,1.6047810311126476e-11
parpadeo,Fp2,202.5,1.354469872047143e-11
parpadeo,Fp2,203.0,1.4544452000403784e-11
parpadeo,Fp2,203.5,1.6646253373675372e-11
parpadeo,Fp2,204.0,1.3870639945400083e-11
parpadeo,Fp2,204.5,1.4402497342713861e-11
parpadeo,Fp2,205.0,1.4138920069435897e-11
parpadeo,Fp2,205.5,1.173758791094308e-11
parpadeo,Fp2,206.0,1.3050793399727609e-11
parpadeo,Fp2,206.5,1.3275360433618322e-11
parpadeo,Fp2,207.0,1.0129607233538937e-11
parpadeo,Fp2,207.5,1.4224558827585026e-11
parpadeo,Fp2,208.0,1.0196219842225879e-11
parpadeo,Fp2,208.5,1.153099937434004e-11
parpadeo,Fp2,209.0,1.2964345690468969e-11
parpadeo,Fp2,209.5,9.561285274126381e-12
parpadeo,Fp2,210.0,1.1321628625632929e-11
parpadeo,Fp2,210.5,1.0723374740696823e-11
parpadeo,Fp2,211.0,8.510526649829582e-12
parpadeo,Fp2,211.5,1.1355527678003479e-11
parpadeo,Fp2,212.0,9.75671918542524e-12
parpadeo,Fp2,212.5,8.919042914467155e-12
parpadeo,Fp2,213.0,1.0135611763628326e-11
parpadeo,Fp2,213.5,9.270236142568334e-12
parpadeo,Fp2,214.0,8.378708824283106e-12
parpadeo,Fp2,214.5,8.836530044124154e-12
parpadeo,Fp2,215.0,9.89178119157629e-12
parpadeo,Fp2,215.5,7.767402179559203e-12
parpadeo,Fp2,216.0,8.580715456710296e-12
parpadeo,Fp2,216.5,8.958925320556323e-12
parpadeo,Fp2,217.0,7.401764904030219e-12
parpadeo,Fp2,217.5,7.812899708769265e-12
parpadeo,Fp2,218.0,8.236797083870036e-12
parpadeo,Fp2,218.5,7.507485254061495e-12
parpadeo,Fp2,219.0,8.160285991189264e-12
parpadeo,Fp2,219.5,7.264911518674826e-12
parpadeo,Fp2,220.0,6.979796520081479e-12
parpadeo,Fp2,220.5,7.0823299225667236e-12
parpadeo,Fp2,221.0,7.159484401697463e-12
parpadeo,Fp2,221.5,6.9555701368205964e-12
parpadeo,Fp2,222.0,6.378759712729681e-12
parpadeo,Fp2,222.5,6.99954264295185e-12
parpadeo,Fp2,223.0,6.403942477779041e-12
parpadeo,Fp2,223.5,6.473562840009252e-12
parpadeo,Fp2,224.0,6.593534829634108e-12
parpadeo,Fp2,224.5,6.113082341765904e-12
parpadeo,Fp2,225.0,6.0405759378675244e-12
parpadeo,Fp2,225.5,6.474918386817704e-12
parpadeo,Fp2,226.0,5.601090971974374e-12
parpadeo,Fp2,226.5,6.310755878960177e-12
parpadeo,Fp2,227.0,5.610892421227411e-12
parpadeo,Fp2,227.5,5.714490823899577e-12
parpadeo,Fp2,228.0,5.587106117899423e-12
parpadeo,Fp2,228.5,5.813724996536773e-12
parpadeo,Fp2,229.0,5.443390159948131e-12
parpadeo,Fp2,229.5,5.182750660255812e-12
parpadeo,Fp2,230.0,5.468132616349643e-12
parpadeo,Fp2,230.5,5.387431802768693e-12
parpadeo,Fp2,231.0,5.049995654437245e-12
parpadeo,Fp2,231.5,5.2483399624838205e-12
parpadeo,Fp2,232.0,4.774587402247334e-12
parpadeo,Fp2,232.5,5.027539295354248e-12
parpadeo,Fp2,233.0,5.184353879868474e-12
parpadeo,Fp2,233.5,4.356055264508241e-12
parpadeo,Fp2,234.0,5.042786703915362e-12
parpadeo,Fp2,234.5,4.528284145464183e-12
parpadeo,Fp2,235.0,4.7332888047099854e-12
parpadeo,Fp2,235.5,4.368777368167767e-12
parpadeo,Fp2,236.0,4.7443897248533535e-12
parpadeo,Fp2,236.5,4.345088011087843e-12
parpadeo,Fp2,237.0,4.300536185740932e-12
parpadeo,Fp2,237.5,4.4255233076551884e-12
parpadeo,Fp2,238.0,4.2294849940694926e-12
parpadeo,Fp2,238.5,4.11529791150224e-12
parpadeo,Fp2,239.0,4.260398829675741e-12
parpadeo,Fp2,239.5,3.938103461699167e-12
parpadeo,Fp2,240.0,4.086798396635539e-12
parpadeo,Fp2,240.5,3.9997768707942635e-12
parpadeo,Fp2,241.0,3.9584373039967585e-12
parpadeo,Fp2,241.5,3.798294079156011e-12
parpadeo,Fp2,242.0,3.805016116637341e-12
parpadeo,Fp2,242.5,3.799519845288477e-12
parpadeo,Fp2,243.0,3.729596043772028e-12
parpadeo,Fp2,243.5,3.65321994594167e-12
parpadeo,Fp2,244.0,3.6189430996266177e-12
parpadeo,Fp2,244.5,3.5242564743158955e-12
parpadeo,Fp2,245.0,3.5215520572245935e-12
parpadeo,Fp2,245.5,3.53390878924951e-12
parpadeo,Fp2,246.0,3.4452752688737147e-12
parpadeo,Fp2,246.5,3.3495670185582043e-12
parpadeo,Fp2,247.0,3.3510960024352264e-12
parpadeo,Fp2,247.5,3.3297067677775025e-12
parpadeo,Fp2,248.0,3.20565568039934e-12
parpadeo,Fp2,248.5,3.201075363174003e-12
parpadeo,Fp2,249.0,3.2215517007621867e-12
parpadeo,Fp2,249.5,3.164461196808654e-12
parpadeo,Fp2,250.0,3.0514153868309027e-12
parpadeo,Fp2,250.5,3.0720752212223954e-12
parpadeo,Fp2,251.0,2.962204449826065e-12
parpadeo,Fp2,251.5,3.0844574306798455e-12
parpadeo,Fp2,252.0,2.8379323598237823e-12
parpadeo,Fp2,252.5,2.9773305729390287e-12
parpadeo,Fp2,253.0,2.823285100656659e-12
parpadeo,Fp2,253.5,2.847876108119245e-12
parpadeo,Fp2,254.0,2.7866709039872424e-12
parpadeo,Fp2,254.5,2.777538993491023e-12
parpadeo,Fp2,255.0,2.681180620949785e-12
parpadeo,Fp2,255.5,2.703290266034127e-12
parpadeo,Fp2,256.0,2.684830422314049e-12
parpadeo,Fp2,256.5,2.6038610470840587e-12
parpadeo,Fp2,257.0,2.600194018567188e-12
parpadeo,Fp2,257.5,2.5597444958944364e-12
parpadeo,Fp2,258.0,2.518003975019191e-12
parpadeo,Fp2,258.5,2.489745406879689e-12
parpadeo,Fp2,259.0,2.5071964028557498e-12
parpadeo,Fp2,259.5,2.3814173659262296e-12
parpadeo,Fp2,260.0,2.4214760470363456e-12
parpadeo,Fp2,260.5,2.4114657719452963e-12
parpadeo,Fp2,261.0,2.2992300551017658e-12
parpadeo,Fp2,261.5,2.3379354778748022e-12
parpadeo,Fp2,262.0,2.297523929244405e-12
parpadeo,Fp2,262.5,2.2436141888261187e-12
parpadeo,Fp2,263.0,2.251540470575493e-12
parpadeo,Fp2,263.5,2.1786862969910632e-12
parpadeo,Fp2,264.0,2.2331962783876605e-12
parpadeo,Fp2,264.5,2.081088574989535e-12
parpadeo,Fp2,265.0,2.169232125923411e-12
parpadeo,Fp2,265.5,2.0849644270128808e-12
parpadeo,Fp2,266.0,2.0961817781333172e-12
parpadeo,Fp2,266.5,2.038574964005953e-12
parpadeo,Fp2,267.0,2.0305978829677327e-12
parpadeo,Fp2,267.5,1.999769161172443e-12
parpadeo,Fp2,268.0,1.9778439420418163e-12
parpadeo,Fp2,268.5,1.9586011877749835e-12
parpadeo,Fp2,269.0,1.9247174285950764e-12
parpadeo,Fp2,269.5,1.91410058209402e-12
parpadeo,Fp2,270.0,1.8951306950725612e-12
parpadeo,Fp2,270.5,1.8413809704188926e-12
parpadeo,Fp2,271.0,1.8531389958488326e-12
parpadeo,Fp2,271.5,1.8120348742007752e-12
parpadeo,Fp2,272.0,1.8045716209209508e-12
parpadeo,Fp2,272.5,1.772899317174843e-12
parpadeo,Fp2,273.0,1.7528636705297942e-12
parpadeo,Fp2,273.5,1.7368171896553789e-12
parpadeo,Fp2,274.0,1.7142142276048913e-12
parpadeo,Fp2,274.5,1.6890651295850668e-12
parpadeo,Fp2,275.0,1.6797816220408874e-12
parpadeo,Fp2,275.5,1.652951237554494e-12
parpadeo,Fp2,276.0,1.6363895289201945e-12
parpadeo,Fp2,276.5,1.6079406880601686e-12
parpadeo,Fp2,277.0,1.5994516266959777e-12
parpadeo,Fp2,277.5,1.5800144580544374e-12
parpadeo,Fp2,278.0,1.5498902443953747e-12
parpadeo,Fp2,278.5,1.5561431440751614e-12
parpadeo,Fp2,279.0,1.5212143546151254e-12
parpadeo,Fp2,279.5,1.4990223760264273e-12
parpadeo,Fp2,280.0,1.4916566283402296e-12
parpadeo,Fp2,280.5,1.4684885505869118e-12
parpadeo,Fp2,281.0,1.4576285576312665e-12
parpadeo,Fp2,281.5,1.4356732629584464e-12
parpadeo,Fp2,282.0,1.4158352475144748e-12
parpadeo,Fp2,282.5,1.4063800224040588e-12
parpadeo,Fp2,283.0,1.3935889769239946e-12
parpadeo,Fp2,283.5,1.3656354550152417e-12
parpadeo,Fp2,284.0,1.3547335721176018e-12
parpadeo,Fp2,284.5,1.342846421723753e-12
parpadeo,Fp2,285.0,1.3303111205192618e-12
parpadeo,Fp2,285.5,1.3047940058027062e-12
parpadeo,Fp2,286.0,1.2925452014707425e-12
parpadeo,Fp2,286.5,1.2825613613989823e-12
parpadeo,Fp2,287.0,1.2664326836898363e-12
parpadeo,Fp2,287.5,1.2478284043476694e-12
parpadeo,Fp2,288.0,1.2375606766054384e-12
parpadeo,Fp2,288.5,1.2226278170471879e-12
parpadeo,Fp2,289.0,1.210180431417931e-12
parpadeo,Fp2,289.5,1.1918359899450237e-12
parpadeo,Fp2,290.0,1.1819769048265094e-12
parpadeo,Fp2,290.5,1.1700675102968972e-12
parpadeo,Fp2,291.0,1.1527584856757765e-12
parpadeo,Fp2,291.5,1.1399725189741515e-12
parpadeo,Fp2,292.0,1.1302353418230535e-12
parpadeo,Fp2,292.5,1.1161232285150597e-12
parpadeo,Fp2,293.0,1.1021522180934128e-12
parpadeo,Fp2,293.5,1.0919714348060265e-12
parpadeo,Fp2,294.0,1.076138812832673e-12
parpadeo,Fp2,294.5,1.0662446839279916e-12
parpadeo,Fp2,295.0,1.0571934301610513e-12
parpadeo,Fp2,295.5,1.037989259758509e-12
parpadeo,Fp2,296.0,1.0352397491685134e-12
parpadeo,Fp2,296.5,1.01393081588179e-12
parpadeo,Fp2,297.0,1.0105774029063425e-12
parpadeo,Fp2,297.5,9.96601880483999e-13
parpadeo,Fp2,298.0,9.837737950166616e-13
parpadeo,Fp2,298.5,9.746791075272284e-13
parpadeo,Fp2,299.0,9.627223791693287e-13
parpadeo,Fp2,299.5,9.52977150599273e-13
parpadeo,Fp2,300.0,9.41043748522518e-13
parpadeo,Fp2,300.5,9.31892122244461e-13
parpadeo,Fp2,301.0,9.200749796828455e-13
parpadeo,Fp2,301.5,9.11995982410229e-13
parpadeo,Fp2,302.0,8.995053125601787e-13
parpadeo,Fp2,302.5,8.90893234911274e-13
parpadeo,Fp2,303.0,8.792740457278083e-13
parpadeo,Fp2,303.5,8.710124064951522e-13
parpadeo,Fp2,304.0,8.627971602395724e-13
parpadeo,Fp2,304.5,8.502383880266275e-13
parpadeo,Fp2,305.0,8.424458059434637e-13
parpadeo,Fp2,305.5,8.319469008149727e-13
parpadeo,Fp2,306.0,8.239447088544292e-13
parpadeo,Fp2,306.5,8.151155509322161e-13
parpadeo,Fp2,307.0,8.039162757778678e-13
parpadeo,Fp2,307.5,7.975403034246798e-13
parpadeo,Fp2,308.0,7.876732197233197e-13
parpadeo,Fp2,308.5,7.791300975181062e-13
parpadeo,Fp2,309.0,7.700967927014849e-13
parpadeo,Fp2,309.5,7.61551270045069e-13
parpadeo,Fp2,310.0,7.538684905507133e-13
parpadeo,Fp2,310.5,7.455283796894254e-13
parpadeo,Fp2,311.0,7.373241501047212e-13
parpadeo,Fp2,311.5,7.278738582840492e-13
parpadeo,Fp2,312.0,7.212784506954748e-13
parpadeo,Fp2,312.5,7.131910609300033e-13
parpadeo,Fp2,313.0,7.055075677929898e-13
parpadeo,Fp2,313.5,6.96936283122569e-13
parpadeo,Fp2,314.0,6.894006080442611e-13
parpadeo,Fp2,314.5,6.826683645534303e-13
parpadeo,Fp2,315.0,6.745878449091553e-13
parpadeo,Fp2,315.5,6.677638311684553e-13
parpadeo,Fp2,316.0,6.592169311559402e-13
parpadeo,Fp2,316.5,6.531770056071476e-13
parpadeo,Fp2,317.0,6.462347871288143e-13
parpadeo,Fp2,317.5,6.381945473769153e-13
parpadeo,Fp2,318.0,6.311080895657927e-13
parpadeo,Fp2,318.5,6.254373578137347e-13
parpadeo,Fp2,319.0,6.174908847813474e-13
parpadeo,Fp2,319.5,6.111660441633867e-13
parpadeo,Fp2,320.0,6.046367106277308e-13
parpadeo,Fp2,320.5,5.976458224205912e-13
parpadeo,Fp2,321.0,5.914919752165605e-13
parpadeo,Fp2,321.5,5.851057749425544e-13
parpadeo,Fp2,322.0,5.782530172003285e-13
parpadeo,Fp2,322.5,5.723073379657238e-13
parpadeo,Fp2,323.0,5.662508851023082e-13
parpadeo,Fp2,323.5,5.597957991368104e-13
parpadeo,Fp2,324.0,5.533908630461726e-13
parpadeo,Fp2,324.5,5.479182542520228e-13
parpadeo,Fp2,325.0,5.418472935314099e-13
parpadeo,Fp2,325.5,5.357656025127648e-13
parpadeo,Fp2,326.0,5.301596176317047e-13
parpadeo,Fp2,326.5,5.242171106096102e-13
parpadeo,Fp2,327.0,5.184567324860302e-13
parpadeo,Fp2,327.5,5.131849381179977e-13
parpadeo,Fp2,328.0,5.071895894823471e-13
parpadeo,Fp2,328.5,5.021104639547529e-13
parpadeo,Fp2,329.0,4.960713091048671e-13
parpadeo,Fp2,329.5,4.91184941344202e-13
parpadeo,Fp2,330.0,4.856981422034648e-13
parpadeo,Fp2,330.5,4.803940636484667e-13
parpadeo,Fp2,331.0,4.753566835720241e-13
parpadeo,Fp2,331.5,4.69816371233777e-13
parpadeo,Fp2,332.0,4.650255084912766e-13
parpadeo,Fp2,332.5,4.599185101747791e-13
parpadeo,Fp2,333.0,4.548159992155404e-13
parpadeo,Fp2,333.5,4.499952063090393e-13
parpadeo,Fp2,334.0,4.4510434160267374e-13
parpadeo,Fp2,334.5,4.4014563965230947e-13
parpadeo,Fp2,335.0,4.3549888948651284e-13
parpadeo,Fp2,335.5,4.3079047685914593e-13
parpadeo,Fp2,336.0,4.261446969360432e-13
parpadeo,Fp2,336.5,4.213156658883045e-13
parpadeo,Fp2,337.0,4.1691103370326924e-13
parpadeo,Fp2,337.5,4.123875517590562e-13
parpadeo,Fp2,338.0,4.0790957475600306e-13
parpadeo,Fp2,338.5,4.03324701988099e-13
parpadeo,Fp2,339.0,3.991338592403494e-13
parpadeo,Fp2,339.5,3.947147679021741e-13
parpadeo,Fp2,340.0,3.9043623001503625e-13
parpadeo,Fp2,340.5,3.861724344248336e-13
parpadeo,Fp2,341.0,3.820493015944948e-13
parpadeo,Fp2,341.5,3.7781574442512783e-13
parpadeo,Fp2,342.0,3.7375475687179866e-13
parpadeo,Fp2,342.5,3.6973166159453145e-13
parpadeo,Fp2,343.0,3.656850479374596e-13
parpadeo,Fp2,343.5,3.615990688123061e-13
parpadeo,Fp2,344.0,3.577906046988815e-13
parpadeo,Fp2,344.5,3.538823718606888e-13
parpadeo,Fp2,345.0,3.500629609164075e-13
parpadeo,Fp2,345.5,3.460973390690018e-13
parpadeo,Fp2,346.0,3.4244644450497e-13
parpadeo,Fp2,346.5,3.387845672152436e-13
parpadeo,Fp2,347.0,3.3495277943664757e-13
parpadeo,Fp2,347.5,3.313265005858751e-13
parpadeo,Fp2,348.0,3.2783988793813403e-13
parpadeo,Fp2,348.5,3.241104392477989e-13
parpadeo,Fp2,349.0,3.206296091063293e-13
parpadeo,Fp2,349.5,3.171886692260178e-13
parpadeo,Fp2,350.0,3.136187919718264e-13
parpadeo,Fp2,350.5,3.1024168896576204e-13
parpadeo,Fp2,351.0,3.0691187488631616e-13
parpadeo,Fp2,351.5,3.0342810188305396e-13
parpadeo,Fp2,352.0,3.002306265742957e-13
parpadeo,Fp2,352.5,2.968399691541394e-13
parpadeo,Fp2,353.0,2.9366217457900644e-13
parpadeo,Fp2,353.5,2.9039894690856085e-13
parpadeo,Fp2,354.0,2.8722512679200833e-13
parpadeo,Fp2,354.5,2.840926078695642e-13
parpadeo,Fp2,355.0,2.809938953258893e-13
parpadeo,Fp2,355.5,2.7785553000331814e-13
parpadeo,Fp2,356.0,2.7482037891411425e-13
parpadeo,Fp2,356.5,2.71791905110455e-13
parpadeo,Fp2,357.0,2.6882332276859584e-13
parpadeo,Fp2,357.5,2.658618661830085e-13
parpadeo,Fp2,358.0,2.628737572212036e-13
parpadeo,Fp2,358.5,2.6003627725081226e-13
parpadeo,Fp2,359.0,2.571591557400185e-13
parpadeo,Fp2,359.5,2.5430890045502307e-13
parpadeo,Fp2,360.0,2.514940956677328e-13
parpadeo,Fp2,360.5,2.487129982002925e-13
parpadeo,Fp2,361.0,2.459447793066465e-13
parpadeo,Fp2,361.5,2.4327010173180403e-13
parpadeo,Fp2,362.0,2.4052258428965206e-13
parpadeo,Fp2,362.5,2.378789348619507e-13
parpadeo,Fp2,363.0,2.3521326512200404e-13
parpadeo,Fp2,363.5,2.3261407238860356e-13
parpadeo,Fp2,364.0,2.3002829573554705e-13
parpadeo,Fp2,364.5,2.274548885628102e-13
parpadeo,Fp2,365.0,2.2493572445951964e-13
parpadeo,Fp2,365.5,2.224144727004889e-13
parpadeo,Fp2,366.0,2.1993171168814829e-13
parpadeo,Fp2,366.5,2.1747577774127883e-13
parpadeo,Fp2,367.0,2.1503192227977434e-13
parpadeo,Fp2,367.5,2.126217267159012e-13
parpadeo,Fp2,368.0,2.1025663431054197e-13
parpadeo,Fp2,368.5,2.0787319942715837e-13
parpadeo,Fp2,369.0,2.0555083835055427e-13
parpadeo,Fp2,369.5,2.0322699201875928e-13
parpadeo,Fp2,370.0,2.009473665859439e-13
parpadeo,Fp2,370.5,1.9868320425886482e-13
parpadeo,Fp2,371.0,1.964298645260311e-13
parpadeo,Fp2,371.5,1.9420593154938578e-13
parpadeo,Fp2,372.0,1.9201830937254065e-13
parpadeo,Fp2,372.5,1.8983860960912807e-13
parpadeo,Fp2,373.0,1.8767811378016636e-13
parpadeo,Fp2,373.5,1.8555860029268882e-13
parpadeo,Fp2,374.0,1.8343837123616584e-13
parpadeo,Fp2,374.5,1.8134623560743088e-13
parpadeo,Fp2,375.0,1.7927917232473386e-13
parpadeo,Fp2,375.5,1.7723762322427032e-13
parpadeo,Fp2,376.0,1.7520482290635918e-13
parpadeo,Fp2,376.5,1.731948754772246e-13
parpadeo,Fp2,377.0,1.7121160233181634e-13
parpadeo,Fp2,377.5,1.692517588252858e-13
parpadeo,Fp2,378.0,1.6728815579249262e-13
parpadeo,Fp2,378.5,1.6537288748757591e-13
parpadeo,Fp2,379.0,1.6346384583502068e-13
parpadeo,Fp2,379.5,1.6156849571595485e-13
parpadeo,Fp2,380.0,1.5970122955060935e-13
parpadeo,Fp2,380.5,1.578473464063049e-13
parpadeo,Fp2,381.0,1.5601913258337368e-13
parpadeo,Fp2,381.5,1.5420257608940263e-13
parpadeo,Fp2,382.0,1.5240123346273443e-13
parpadeo,Fp2,382.5,1.5062779149936504e-13
parpadeo,Fp2,383.0,1.4886296883084664e-13
parpadeo,Fp2,383.5,1.4711997799023226e-13
parpadeo,Fp2,384.0,1.453989086490443e-13
parpadeo,Fp2,384.5,1.4368367546321726e-13
parpadeo,Fp2,385.0,1.4199396991307635e-13
parpadeo,Fp2,385.5,1.4032080227257694e-13
parpadeo,Fp2,386.0,1.386588971433209e-13
parpadeo,Fp2,386.5,1.3702013649867486e-13
parpadeo,Fp2,387.0,1.3539179430725174e-13
parpadeo,Fp2,387.5,1.337847354650904e-13
parpadeo,Fp2,388.0,1.321928347802338e-13
parpadeo,Fp2,388.5,1.3061066754661242e-13
parpadeo,Fp2,389.0,1.2905293584217462e-13
parpadeo,Fp2,389.5,1.2750475633932882e-13
parpadeo,Fp2,390.0,1.2597491955988927e-13
parpadeo,Fp2,390.5,1.2445828118841851e-13
parpadeo,Fp2,391.0,1.2295859642295558e-13
parpadeo,Fp2,391.5,1.214701636533756e-13
parpadeo,Fp2,392.0,1.2000301823325054e-13
parpadeo,Fp2,392.5,1.1854537314462348e-13
parpadeo,Fp2,393.0,1.1710175625924965e-13
parpadeo,Fp2,393.5,1.1567640900072563e-13
parpadeo,Fp2,394.0,1.1426060622638686e-13
parpadeo,Fp2,394.5,1.1286502830811642e-13
parpadeo,Fp2,395.0,1.1147553084067848e-13
parpadeo,Fp2,395.5,1.1010648757567432e-13
parpadeo,Fp2,396.0,1.0874646021083623e-13
parpadeo,Fp2,396.5,1.0740255297182362e-13
parpadeo,Fp2,397.0,1.0607173182669453e-13
parpadeo,Fp2,397.5,1.0475398853650412e-13
parpadeo,Fp2,398.0,1.034478623318014e-13
parpadeo,Fp2,398.5,1.0215695360243765e-13
parpadeo,Fp2,399.0,1.0087657118126302e-13
parpadeo,Fp2,399.5,9.961094877179597e-14
parpadeo,Fp2,400.0,9.835684934496971e-14
parpadeo,Fp2,400.5,9.711595832797961e-14
parpadeo,Fp2,401.0,9.588625292643229e-14
parpadeo,Fp2,401.5,9.46694855492103e-14
parpadeo,Fp2,402.0,9.346480991723596e-14
parpadeo,Fp2,402.5,9.227251358524206e-14
parpadeo,Fp2,403.0,9.109065151089014e-14
parpadeo,Fp2,403.5,8.992256739098772e-14
parpadeo,Fp2,404.0,8.876453114416167e-14
parpadeo,Fp2,404.5,8.761847109959254e-14
parpadeo,Fp2,405.0,8.648441542875707e-14
parpadeo,Fp2,405.5,8.536058092530125e-14
parpadeo,Fp2,406.0,8.424934364975521e-14
parpadeo,Fp2,406.5,8.314794248224489e-14
parpadeo,Fp2,407.0,8.205813143688572e-14
parpadeo,Fp2,407.5,8.097941128354059e-14
parpadeo,Fp2,408.0,7.991087447767197e-14
parpadeo,Fp2,408.5,7.885312439677587e-14
parpadeo,Fp2,409.0,7.780659131863715e-14
parpadeo,Fp2,409.5,7.67701385648957e-14
parpadeo,Fp2,410.0,7.574418089396221e-14
parpadeo,Fp2,410.5,7.47283689306305e-14
parpadeo,Fp2,411.0,7.37225738218695e-14
parpadeo,Fp2,411.5,7.272726406327322e-14
parpadeo,Fp2,412.0,7.174177820390083e-14
parpadeo,Fp2,412.5,7.076655641124662e-14
parpadeo,Fp2,413.0,6.980061797347605e-14
parpadeo,Fp2,413.5,6.88447841376694e-14
parpadeo,Fp2,414.0,6.789835692488819e-14
parpadeo,Fp2,414.5,6.696167820195354e-14
parpadeo,Fp2,415.0,6.603473807532149e-14
parpadeo,Fp2,415.5,6.511653613391446e-14
parpadeo,Fp2,416.0,6.420817698165206e-14
parpadeo,Fp2,416.5,6.33087175014859e-14
parpadeo,Fp2,417.0,6.241875026148185e-14
parpadeo,Fp2,417.5,6.153749360374154e-14
parpadeo,Fp2,418.0,6.066519080036365e-14
parpadeo,Fp2,418.5,5.98022850572645e-14
parpadeo,Fp2,419.0,5.894764805640991e-14
parpadeo,Fp2,419.5,5.810199087832077e-14
parpadeo,Fp2,420.0,5.726498608408723e-14
parpadeo,Fp2,420.5,5.64365851989547e-14
parpadeo,Fp2,421.0,5.561660165266414e-14
parpadeo,Fp2,421.5,5.480515133775329e-14
parpadeo,Fp2,422.0,5.400206452788281e-14
parpadeo,Fp2,422.5,5.320715593722417e-14
parpadeo,Fp2,423.0,5.242066629920012e-14
parpadeo,Fp2,423.5,5.1642096607214804e-14
parpadeo,Fp2,424.0,5.0871797041682924e-14
parpadeo,Fp2,424.5,5.0109386138718506e-14
parpadeo,Fp2,425.0,4.935492794424519e-14
parpadeo,Fp2,425.5,4.860847869982653e-14
parpadeo,Fp2,426.0,4.7869646246909553e-14
parpadeo,Fp2,426.5,4.713873100812533e-14
parpadeo,Fp2,427.0,4.6415274669269344e-14
parpadeo,Fp2,427.5,4.569966286007317e-14
parpadeo,Fp2,428.0,4.499146580569953e-14
parpadeo,Fp2,428.5,4.429078918509944e-14
parpadeo,Fp2,429.0,4.359749429610419e-14
parpadeo,Fp2,429.5,4.291165287468043e-14
parpadeo,Fp2,430.0,4.223300535565137e-14
parpadeo,Fp2,430.5,4.156167860647249e-14
parpadeo,Fp2,431.0,4.0897505317978145e-14
parpadeo,Fp2,431.5,4.024044034414029e-14
parpadeo,Fp2,432.0,3.959047882017601e-14
parpadeo,Fp2,432.5,3.894747225014406e-14
parpadeo,Fp2,433.0,3.831147604769813e-14
parpadeo,Fp2,433.5,3.7682345244028357e-14
parpadeo,Fp2,434.0,3.70600382075674e-14
parpadeo,Fp2,434.5,3.644457720766276e-14
parpadeo,Fp2,435.0,3.583578940685552e-14
parpadeo,Fp2,435.5,3.5233711258516483e-14
parpadeo,Fp2,436.0,3.463826542107828e-14
parpadeo,Fp2,436.5,3.404939037113014e-14
parpadeo,Fp2,437.0,3.3467020736318403e-14
parpadeo,Fp2,437.5,3.289115293380281e-14
parpadeo,Fp2,438.0,3.23217135631609e-14
parpadeo,Fp2,438.5,3.175863074248359e-14
parpadeo,Fp2,439.0,3.120188633598303e-14
parpadeo,Fp2,439.5,3.065141749217014e-14
parpadeo,Fp2,440.0,3.0107182932655146e-14
parpadeo,Fp2,440.5,2.956913342164479e-14
parpadeo,Fp2,441.0,2.9037231069613266e-14
parpadeo,Fp2,441.5,2.85114062343893e-14
parpadeo,Fp2,442.0,2.7991649742464773e-14
parpadeo,Fp2,442.5,2.7477882768021806e-14
parpadeo,Fp2,443.0,2.697008404507837e-14
parpadeo,Fp2,443.5,2.6468202637898504e-14
parpadeo,Fp2,444.0,2.5972188353899716e-14
parpadeo,Fp2,444.5,2.54820175062269e-14
parpadeo,Fp2,445.0,2.4997630577962503e-14
parpadeo,Fp2,445.5,2.4518991949609516e-14
parpadeo,Fp2,446.0,2.4046068441928083e-14
parpadeo,Fp2,446.5,2.357880614537887e-14
parpadeo,Fp2,447.0,2.3117182108021147e-14
parpadeo,Fp2,447.5,2.266114407158464e-14
parpadeo,Fp2,448.0,2.2210654894377636e-14
parpadeo,Fp2,448.5,2.17656854819987e-14
parpadeo,Fp2,449.0,2.1326188902571258e-14
parpadeo,Fp2,449.5,2.0892135657402518e-14
parpadeo,Fp2,450.0,2.0463479371697675e-14
parpadeo,Fp2,450.5,2.004019683303545e-14
parpadeo,Fp2,451.0,1.9622242699595276e-14
parpadeo,Fp2,451.5,1.9209585405883842e-14
parpadeo,Fp2,452.0,1.880219042251598e-14
parpadeo,Fp2,452.5,1.8400023103136096e-14
parpadeo,Fp2,453.0,1.8003052246648613e-14
parpadeo,Fp2,453.5,1.7611239094179255e-14
parpadeo,Fp2,454.0,1.7224558931493102e-14
parpadeo,Fp2,454.5,1.684297234081012e-14
parpadeo,Fp2,455.0,1.6466452369182606e-14
parpadeo,Fp2,455.5,1.6094964186894326e-14
parpadeo,Fp2,456.0,1.572848022962138e-14
parpadeo,Fp2,456.5,1.5366968270748307e-14
parpadeo,Fp2,457.0,1.5010397805218345e-14
parpadeo,Fp2,457.5,1.4658741119542455e-14
parpadeo,Fp2,458.0,1.4311968190439394e-14
parpadeo,Fp2,458.5,1.397005066701152e-14
parpadeo,Fp2,459.0,1.3632959370016332e-14
parpadeo,Fp2,459.5,1.3300667175860604e-14
parpadeo,Fp2,460.0,1.2973147465495871e-14
parpadeo,Fp2,460.5,1.2650372377200987e-14
parpadeo,Fp2,461.0,1.233231554797218e-14
parpadeo,Fp2,461.5,1.2018950480754967e-14
parpadeo,Fp2,462.0,1.1710252272830204e-14
parpadeo,Fp2,462.5,1.1406194764023878e-14
parpadeo,Fp2,463.0,1.1106753370856659e-14
parpadeo,Fp2,463.5,1.0811903932189846e-14
parpadeo,Fp2,464.0,1.0521622113698426e-14
parpadeo,Fp2,464.5,1.0235883803657876e-14
parpadeo,Fp2,465.0,9.954666155313783e-15
parpadeo,Fp2,465.5,9.677945929621696e-15
parpadeo,Fp2,466.0,9.405700214280413e-15
parpadeo,Fp2,466.5,9.137907737656536e-15
parpadeo,Fp2,467.0,8.87454605450035e-15
parpadeo,Fp2,467.5,8.615593738096424e-15
parpadeo,Fp2,468.0,8.361029932515953e-15
parpadeo,Fp2,468.5,8.110833618321917e-15
parpadeo,Fp2,469.0,7.864984965330845e-15
parpadeo,Fp2,469.5,7.62346350967141e-15
parpadeo,Fp2,470.0,7.386250002708988e-15
parpadeo,Fp2,470.5,7.15332516593123e-15
parpadeo,Fp2,471.0,6.9246700779853776e-15
parpadeo,Fp2,471.5,6.700266571029398e-15
parpadeo,Fp2,472.0,6.480095673693617e-15
parpadeo,Fp2,472.5,6.264140405978359e-15
parpadeo,Fp2,473.0,6.0523827843408825e-15
parpadeo,Fp2,473.5,5.844806110722015e-15
parpadeo,Fp2,474.0,5.6413933550871645e-15
parpadeo,Fp2,474.5,5.4421283424521886e-15
parpadeo,Fp2,475.0,5.246994860270721e-15
parpadeo,Fp2,475.5,5.055977043030551e-15
parpadeo,Fp2,476.0,4.869059540283849e-15
parpadeo,Fp2,476.5,4.6862277282092716e-15
parpadeo,Fp2,477.0,4.5074665919721464e-15
parpadeo,Fp2,477.5,4.332761867573411e-15
parpadeo,Fp2,478.0,4.162099311606454e-15
parpadeo,Fp2,478.5,3.995465358278151e-15
parpadeo,Fp2,479.0,3.832846761720385e-15
parpadeo,Fp2,479.5,3.674230170939876e-15
parpadeo,Fp2,480.0,3.519602953091332e-15
parpadeo,Fp2,480.5,3.3689531234451617e-15
parpadeo,Fp2,481.0,3.222268106714533e-15
parpadeo,Fp2,481.5,3.0795363868976004e-15
parpadeo,Fp2,482.0,2.9407466563396054e-15
parpadeo,Fp2,482.5,2.8058873110532307e-15
parpadeo,Fp2,483.0,2.6749480641213483e-15
parpadeo,Fp2,483.5,2.5479182400224633e-15
parpadeo,Fp2,484.0,2.4247878332053703e-15
parpadeo,Fp2,484.5,2.3055468164994313e-15
parpadeo,Fp2,485.0,2.190185779241479e-15
parpadeo,Fp2,485.5,2.078695515081038e-15
parpadeo,Fp2,486.0,1.9710671083061563e-15
parpadeo,Fp2,486.5,1.867291935348837e-15
parpadeo,Fp2,487.0,1.7673619174812188e-15
parpadeo,Fp2,487.5,1.671268733770662e-15
parpadeo,Fp2,488.0,1.5790049942777224e-15
parpadeo,Fp2,488.5,1.4905632165271352e-15
parpadeo,Fp2,489.0,1.405936453987281e-15
parpadeo,Fp2,489.5,1.3251177919716789e-15
parpadeo,Fp2,490.0,1.2481010520428312e-15
parpadeo,Fp2,490.5,1.1748798818621964e-15
parpadeo,Fp2,491.0,1.1054486762743278e-15
parpadeo,Fp2,491.5,1.0398016461887118e-15
parpadeo,Fp2,492.0,9.779337994261092e-16
parpadeo,Fp2,492.5,9.198401471645755e-16
parpadeo,Fp2,493.0,8.6551596206687015e-16
parpadeo,Fp2,493.5,8.149569905801041e-16
parpadeo,Fp2,494.0,7.681592993865019e-16
parpadeo,Fp2,494.5,7.251190229396886e-16
parpadeo,Fp2,495.0,6.858328650565224e-16
parpadeo,Fp2,495.5,6.50297630276266e-16
parpadeo,Fp2,496.0,6.185105666721678e-16
parpadeo,Fp2,496.5,5.90469041438945e-16
parpadeo,Fp2,497.0,5.661708715903206e-16
parpadeo,Fp2,497.5,5.456141877301102e-16
parpadeo,Fp2,498.0,5.287972077641002e-16
parpadeo,Fp2,498.5,5.157187473769885e-16
parpadeo,Fp2,499.0,5.063779956930414e-16
parpadeo,Fp2,499.5,5.007736193057839e-16
parpadeo,Fp2,500.0,2.494528042426508e-16
masticacion,Fp1,0.0,2424.4451274704447
masticacion,Fp1,0.5,17634.8992544954
masticacion,Fp1,1.0,85233.80438702117
masticacion,Fp1,1.5,102551.5313695146
masticacion,Fp1,2.0,68997.2257127501
masticacion,Fp1,2.5,35094.537945001764
masticacion,Fp1,3.0,23172.046327315584
masticacion,Fp1,3.5,20426.020964814732
masticacion,Fp1,4.0,16806.611692602022
masticacion,Fp1,4.5,12013.354346556842
masticacion,Fp1,5.0,8312.550432477721
masticacion,Fp1,5.5,6284.966434053533
masticacion,Fp1,6.0,5207.991427514621
masticacion,Fp1,6.5,3858.012326316617
masticacion,Fp1,7.0,3618.6844702725484
masticacion,Fp1,7.5,3661.662813792971
masticacion,Fp1,8.0,3387.944554523477
masticacion,Fp1,8.5,2601.338991633042
masticacion,Fp1,9.0,2029.3247338625595
masticacion,Fp1,9.5,1801.273130051693
masticacion,Fp1,10.0,1522.2061526501159
masticacion,Fp1,10.5,1133.8530108642958
masticacion,Fp1,11.0,1232.6994999564427
masticacion,Fp1,11.5,1162.3563019459
masticacion,Fp1,12.0,1335.7582267305688
masticacion,Fp1,12.5,1555.9531884755836
masticacion,Fp1,13.0,1176.1155372298597
masticacion,Fp1,13.5,891.6440840446354
masticacion,Fp1,14.0,1414.4750151645467
masticacion,Fp1,14.5,1746.4457661220613
masticacion,Fp1,15.0,1347.0307716276886
masticacion,Fp1,15.5,1397.191333684371
masticacion,Fp1,16.0,1699.0546865663134
masticacion,Fp1,16.5,2059.992858877655
masticacion,Fp1,17.0,1788.2478048938403
masticacion,Fp1,17.5,2348.032703103345
masticacion,Fp1,18.0,2142.6313024731303
masticacion,Fp1,18.5,2156.9230674249466
masticacion,Fp1,19.0,1751.2570310221083
masticacion,Fp1,19.5,1753.5508593365994
masticacion,Fp1,20.0,1420.0114518016364
masticacion,Fp1,20.5,1411.928995219054
masticacion,Fp1,21.0,1389.4844128859593
masticacion,Fp1,21.5,1968.923737629062
masticacion,Fp1,22.0,1954.591242994579
masticacion,Fp1,22.5,1695.5563380684837
masticacion,Fp1,23.0,1701.8228958244667
masticacion,Fp1,23.5,1550.047972530852
masticacion,Fp1,24.0,1230.7809361202055
masticacion,Fp1,24.5,1197.6124464274408
masticacion,Fp1,25.0,1454.3407974397194
masticacion,Fp1,25.5,1079.051418577404
masticacion,Fp1,26.0,1133.9494349930296
masticacion,Fp1,26.5,1186.0019881987957
masticacion,Fp1,27.0,1286.931717410202
masticacion,Fp1,27.5,1201.2649780002316
masticacion,Fp1,28.0,1339.1502622603032
masticacion,Fp1,28.5,1263.899046537014
masticacion,Fp1,29.0,1053.0997745262368
masticacion,Fp1,29.5,1385.251037464724
masticacion,Fp1,30.0,1223.3660151795768
masticacion,Fp1,30.5,1184.9157938340209
masticacion,Fp1,31.0,1239.8497172968607
masticacion,Fp1,31.5,1413.075497657569
masticacion,Fp1,32.0,1345.6815860742959
masticacion,Fp1,32.5,1077.2950300844548
masticacion,Fp1,33.0,1266.0858719295895
masticacion,Fp1,33.5,687.3669284206782
masticacion,Fp1,34.0,621.2341886705022
masticacion,Fp1,34.5,833.0153878805569
masticacion,Fp1,35.0,722.7896552050966
masticacion,Fp1,35.5,667.1378443408678
masticacion,Fp1,36.0,759.4005740833833
masticacion,Fp1,36.5,741.0006704359191
masticacion,Fp1,37.0,805.8045531874636
masticacion,Fp1,37.5,715.1518582843415
masticacion,Fp1,38.0,551.7186701364172
masticacion,Fp1,38.5,655.5495417116636
masticacion,Fp1,39.0,648.1565220098294
masticacion,Fp1,39.5,495.14698816326046
masticacion,Fp1,40.0,562.95255340955
masticacion,Fp1,40.5,453.1898429385047
masticacion,Fp1,41.0,298.55752121995306
masticacion,Fp1,41.5,508.0287874429019
masticacion,Fp1,42.0,372.7050970496836
masticacion,Fp1,42.5,272.44381505214693
masticacion,Fp1,43.0,221.57308051499416
masticacion,Fp1,43.5,191.1833989788668
masticacion,Fp1,44.0,213.95973190981326
masticacion,Fp1,44.5,200.45394185829576
masticacion,Fp1,45.0,194.994360334468
masticacion,Fp1,45.5,165.828430100929
masticacion,Fp1,46.0,140.40748015009135
masticacion,Fp1,46.5,155.4820663546824
masticacion,Fp1,47.0,133.62176333819704
masticacion,Fp1,47.5,115.62000948003778
masticacion,Fp1,48.0,125.33490033377633
masticacion,Fp1,48.5,87.62645697055082
masticacion,Fp1,49.0,82.48463907797645
masticacion,Fp1,49.5,91.87298720907305
masticacion,Fp1,50.0,68.98452275851068
masticacion,Fp1,50.5,65.33219286178671
masticacion,Fp1,51.0,59.71727399567409
masticacion,Fp1,51.5,50.7298140818713
masticacion,Fp1,52.0,43.75237572130833
masticacion,Fp1,52.5,30.77533353039632
masticacion,Fp1,53.0,23.21518899954951
masticacion,Fp1,53.5,22.023905966247522
masticacion,Fp1,54.0,18.0979485023023
masticacion,Fp1,54.5,16.002443394626265
masticacion,Fp1,55.0,14.70138691545377
masticacion,Fp1,55.5,12.544398773593695
masticacion,Fp1,56.0,9.891443926457255
masticacion,Fp1,56.5,9.228116739087083
masticacion,Fp1,57.0,6.338147288569017
masticacion,Fp1,57.5,7.678716426540038
masticacion,Fp1,58.0,6.874215781605395
masticacion,Fp1,58.5,5.764847243671993
masticacion,Fp1,59.0,3.391258641356819
masticacion,Fp1,59.5,2.816891888503908
masticacion,Fp1,60.0,3.356199889310584
masticacion,Fp1,60.5,4.038188406612649
masticacion,Fp1,61.0,2.8335323138155966
masticacion,Fp1,61.5,2.701408435028132
masticacion,Fp1,62.0,2.0539456370448113
masticacion,Fp1,62.5,1.471689551943341
masticacion,Fp1,63.0,1.2176297078211116
masticacion,Fp1,63.5,1.1663896958424842
masticacion,Fp1,64.0,1.0410002422496094
masticacion,Fp1,64.5,0.8436797826845471
masticacion,Fp1,65.0,0.8482270757409248
masticacion,Fp1,65.5,0.8482672713132222
masticacion,Fp1,66.0,0.5168061348176026
masticacion,Fp1,66.5,0.42573766579214767
masticacion,Fp1,67.0,0.5169176955235351
masticacion,Fp1,67.5,0.6504883463273949
masticacion,Fp1,68.0,0.3767601213877188
masticacion,Fp1,68.5,0.36419422315581973
masticacion,Fp1,69.0,0.3601705275791475
masticacion,Fp1,69.5,0.32207475359222604
masticacion,Fp1,70.0,0.28914775980465685
masticacion,Fp1,70.5,0.2459797243093945
masticacion,Fp1,71.0,0.1886579178049743
masticacion,Fp1,71.5,0.13212065732091344
masticacion,Fp1,72.0,0.12892957171469516
masticacion,Fp1,72.5,0.11172633158717349
masticacion,Fp1,73.0,0.08465538172552994
masticacion,Fp1,73.5,0.07601922824918943
masticacion,Fp1,74.0,0.055097298302217115
masticacion,Fp1,74.5,0.05606667079589394
masticacion,Fp1,75.0,0.05411160072923697
masticacion,Fp1,75.5,0.05224230154821541
masticacion,Fp1,76.0,0.048951077399561504
masticacion,Fp1,76.5,0.037806908471954365
masticacion,Fp1,77.0,0.038034810755438304
masticacion,Fp1,77.5,0.03206480635850304
masticacion,Fp1,78.0,0.020290927223253985
masticacion,Fp1,78.5,0.017856280032939726
masticacion,Fp1,79.0,0.019771810751990748
masticacion,Fp1,79.5,0.019090579075375702
masticacion,Fp1,80.0,0.01677608570429419
masticacion,Fp1,80.5,0.011468318217983742
masticacion,Fp1,81.0,0.012306697916569409
masticacion,Fp1,81.5,0.009377802962342537
masticacion,Fp1,82.0,0.008779470003869359
masticacion,Fp1,82.5,0.007918749488416149
masticacion,Fp1,83.0,0.005028180752895146
masticacion,Fp1,83.5,0.006586418966954782
masticacion,Fp1,84.0,0.004733554177072358
masticacion,Fp1,84.5,0.006107112697345333
masticacion,Fp1,85.0,0.005408091086446122
masticacion,Fp1,85.5,0.004626765383716276
masticacion,Fp1,86.0,0.004158189090370818
masticacion,Fp1,86.5,0.0032883445762879023
masticacion,Fp1,87.0,0.0037972346963604507
masticacion,Fp1,87.5,0.0033146424796090305
masticacion,Fp1,88.0,0.003336958755477155
masticacion,Fp1,88.5,0.0030868931707261323
masticacion,Fp1,89.0,0.002729541481269548
masticacion,Fp1,89.5,0.002695658826613032
masticacion,Fp1,90.0,0.0021045902633877625
masticacion,Fp1,90.5,0.0022246218605956234
masticacion,Fp1,91.0,0.0017883289476354404
masticacion,Fp1,91.5,0.0016444226526695477
masticacion,Fp1,92.0,0.001175816173027631
masticacion,Fp1,92.5,0.0008845496788364983
masticacion,Fp1,93.0,0.0009394989845601444
masticacion,Fp1,93.5,0.0006440771432435331
masticacion,Fp1,94.0,0.0005033353783915725
masticacion,Fp1,94.5,0.0006218682915387216
masticacion,Fp1,95.0,0.0005439949313073061
masticacion,Fp1,95.5,0.000488952528261527
masticacion,Fp1,96.0,0.00040129132485969103
masticacion,Fp1,96.5,0.0003740767433441373
masticacion,Fp1,97.0,0.0003571307167334799
masticacion,Fp1,97.5,0.0002776148436575601
masticacion,Fp1,98.0,0.00029162261901421777
masticacion,Fp1,98.5,0.00023368717899427185
masticacion,Fp1,99.0,0.0002442330517612217
masticacion,Fp1,99.5,0.00017480548799768874
masticacion,Fp1,100.0,0.00020486107825353045
masticacion,Fp1,100.5,0.00018241945515308668
masticacion,Fp1,101.0,0.0001680420426694371
masticacion,Fp1,101.5,0.00011785883820498454
masticacion,Fp1,102.0,9.252655698063798e-05
masticacion,Fp1,102.5,8.994011707571189e-05
masticacion,Fp1,103.0,8.220122466215495e-05
masticacion,Fp1,103.5,6.219596276379936e-05
masticacion,Fp1,104.0,5.9391620088646386e-05
masticacion,Fp1,104.5,6.575927604661026e-05
masticacion,Fp1,105.0,6.215363398820648e-05
masticacion,Fp1,105.5,5.858971454433406e-05
masticacion,Fp1,106.0,6.71446019348493e-05
masticacion,Fp1,106.5,6.442033345181246e-05
masticacion,Fp1,107.0,6.389720775367138e-05
masticacion,Fp1,107.5,5.966082621290054e-05
masticacion,Fp1,108.0,4.42273001800077e-05
masticacion,Fp1,108.5,3.200152246559703e-05
masticacion,Fp1,109.0,2.6755988291556553e-05
masticacion,Fp1,109.5,2.4589234096293072e-05
masticacion,Fp1,110.0,1.8614710208477398e-05
masticacion,Fp1,110.5,1.856456813910183e-05
masticacion,Fp1,111.0,1.2945945070998062e-05
masticacion,Fp1,111.5,1.5517556613950092e-05
masticacion,Fp1,112.0,1.4787235887491197e-05
masticacion,Fp1,112.5,1.649427613407e-05
masticacion,Fp1,113.0,1.7574574178424155e-05
masticacion,Fp1,113.5,1.1278364291282393e-05
masticacion,Fp1,114.0,1.426074544000916e-05
masticacion,Fp1,114.5,9.825190536591977e-06
masticacion,Fp1,115.0,8.420975221332929e-06
masticacion,Fp1,115.5,8.962080456670138e-06
masticacion,Fp1,116.0,7.525235203153154e-06
masticacion,Fp1,116.5,7.2196714755305845e-06
masticacion,Fp1,117.0,7.1902913989748036e-06
masticacion,Fp1,117.5,5.8547667960961066e-06
masticacion,Fp1,118.0,5.872499611159582e-06
masticacion,Fp1,118.5,4.463659538094736e-06
masticacion,Fp1,119.0,5.7124177717999344e-06
masticacion,Fp1,119.5,4.3264182908309095e-06
masticacion,Fp1,120.0,3.6698928595424478e-06
masticacion,Fp1,120.5,3.7939035120978906e-06
masticacion,Fp1,121.0,2.586974861180703e-06
masticacion,Fp1,121.5,2.4259208246967584e-06
masticacion,Fp1,122.0,2.3338200927107488e-06
masticacion,Fp1,122.5,2.0853399478907224e-06
masticacion,Fp1,123.0,2.384173096942782e-06
masticacion,Fp1,123.5,2.363452641012925e-06
masticacion,Fp1,124.0,2.307542891130899e-06
masticacion,Fp1,124.5,2.5295820641882205e-06
masticacion,Fp1,125.0,2.8110608314018625e-06
masticacion,Fp1,125.5,1.9351071895964446e-06
masticacion,Fp1,126.0,1.8686438072563094e-06
masticacion,Fp1,126.5,1.8175955076528522e-06
masticacion,Fp1,127.0,1.1122656895044764e-06
masticacion,Fp1,127.5,1.307211503607674e-06
masticacion,Fp1,128.0,1.1296983575203629e-06
masticacion,Fp1,128.5,1.2888968286683994e-06
masticacion,Fp1,129.0,1.0647601381660426e-06
masticacion,Fp1,129.5,1.1557497327432877e-06
masticacion,Fp1,130.0,9.781305419667853e-07
masticacion,Fp1,130.5,1.0163249516091618e-06
masticacion,Fp1,131.0,7.594592683109619e-07
masticacion,Fp1,131.5,1.013676656965176e-06
masticacion,Fp1,132.0,8.196573791289547e-07
masticacion,Fp1,132.5,7.685831911644152e-07
masticacion,Fp1,133.0,7.256525909048788e-07
masticacion,Fp1,133.5,5.018898234498649e-07
masticacion,Fp1,134.0,5.798946600843592e-07
masticacion,Fp1,134.5,4.216593902996486e-07
masticacion,Fp1,135.0,3.637677137756227e-07
masticacion,Fp1,135.5,2.713105092325017e-07
masticacion,Fp1,136.0,2.16444599750239e-07
masticacion,Fp1,136.5,1.6778232723624287e-07
masticacion,Fp1,137.0,1.5358149361059844e-07
masticacion,Fp1,137.5,1.2895964705770714e-07
masticacion,Fp1,138.0,1.3927172010471945e-07
masticacion,Fp1,138.5,1.3291028354359968e-07
masticacion,Fp1,139.0,1.539293796995075e-07
masticacion,Fp1,139.5,1.730417529149435e-07
masticacion,Fp1,140.0,1.606166456261167e-07
masticacion,Fp1,140.5,1.7481975370494132e-07
masticacion,Fp1,141.0,1.7276439961872743e-07
masticacion,Fp1,141.5,1.5543366563226757e-07
masticacion,Fp1,142.0,1.31506945697569e-07
masticacion,Fp1,142.5,1.4389113080461692e-07
masticacion,Fp1,143.0,8.80561240486628e-08
masticacion,Fp1,143.5,9.626771598702943e-08
masticacion,Fp1,144.0,9.159030274350943e-08
masticacion,Fp1,144.5,7.579607049613948e-08
masticacion,Fp1,145.0,7.714000206286767e-08
masticacion,Fp1,145.5,8.16657565176172e-08
masticacion,Fp1,146.0,9.702877364748253e-08
masticacion,Fp1,146.5,8.965646897481983e-08
masticacion,Fp1,147.0,7.144254745755329e-08
masticacion,Fp1,147.5,8.483208944371051e-08
masticacion,Fp1,148.0,7.123790503663062e-08
masticacion,Fp1,148.5,6.911114784264462e-08
masticacion,Fp1,149.0,7.959611274746333e-08
masticacion,Fp1,149.5,7.278885889952651e-08
masticacion,Fp1,150.0,7.390722350969206e-08
masticacion,Fp1,150.5,5.908391646347745e-08
masticacion,Fp1,151.0,4.840508706374947e-08
masticacion,Fp1,151.5,4.75429527537781e-08
masticacion,Fp1,152.0,4.7291043181722594e-08
masticacion,Fp1,152.5,4.312352742000101e-08
masticacion,Fp1,153.0,3.1229378709223866e-08
masticacion,Fp1,153.5,2.823786796949707e-08
masticacion,Fp1,154.0,2.2361769598716416e-08
masticacion,Fp1,154.5,2.595375328962396e-08
masticacion,Fp1,155.0,2.4128852539317947e-08
masticacion,Fp1,155.5,1.7012676948210395e-08
masticacion,Fp1,156.0,2.223610421819324e-08
masticacion,Fp1,156.5,1.5170003425760195e-08
masticacion,Fp1,157.0,1.3073300884686055e-08
masticacion,Fp1,157.5,1.2554704474929951e-08
masticacion,Fp1,158.0,1.047753535335572e-08
masticacion,Fp1,158.5,1.1877005658300541e-08
masticacion,Fp1,159.0,9.309994036214763e-09
masticacion,Fp1,159.5,1.0332907986926519e-08
masticacion,Fp1,160.0,1.0415040051433358e-08
masticacion,Fp1,160.5,1.0181561161416821e-08
masticacion,Fp1,161.0,1.1130641800481444e-08
masticacion,Fp1,161.5,1.280814796265791e-08
masticacion,Fp1,162.0,1.4335927750513182e-08
masticacion,Fp1,162.5,1.1939818720929128e-08
masticacion,Fp1,163.0,1.0277433963238066e-08
masticacion,Fp1,163.5,7.825082727984389e-09
masticacion,Fp1,164.0,8.516630980804094e-09
masticacion,Fp1,164.5,6.534562973305957e-09
masticacion,Fp1,165.0,6.4893110222307645e-09
masticacion,Fp1,165.5,4.934566162678065e-09
masticacion,Fp1,166.0,4.162013944332562e-09
masticacion,Fp1,166.5,3.634284601305922e-09
masticacion,Fp1,167.0,3.619033504312184e-09
masticacion,Fp1,167.5,4.996187850311642e-09
masticacion,Fp1,168.0,3.866666282042508e-09
masticacion,Fp1,168.5,4.253609669921461e-09
masticacion,Fp1,169.0,2.8256342190008494e-09
masticacion,Fp1,169.5,3.432169960697181e-09
masticacion,Fp1,170.0,2.612631301010457e-09
masticacion,Fp1,170.5,2.5976087497508074e-09
masticacion,Fp1,171.0,2.1870138717261948e-09
masticacion,Fp1,171.5,3.0524878422123867e-09
masticacion,Fp1,172.0,2.102849969000478e-09
masticacion,Fp1,172.5,2.814260818185438e-09
masticacion,Fp1,173.0,2.014205887442497e-09
masticacion,Fp1,173.5,2.3409728384978634e-09
masticacion,Fp1,174.0,2.0957328689533505e-09
masticacion,Fp1,174.5,1.7002255899422914e-09
masticacion,Fp1,175.0,1.8160017383613796e-09
masticacion,Fp1,175.5,1.7620892824583843e-09
masticacion,Fp1,176.0,1.6879023801263423e-09
masticacion,Fp1,176.5,1.7928870734220565e-09
masticacion,Fp1,177.0,1.5564661731560038e-09
masticacion,Fp1,177.5,1.6933718248666406e-09
masticacion,Fp1,178.0,1.6635237613360045e-09
masticacion,Fp1,178.5,1.5797937492191838e-09
masticacion,Fp1,179.0,1.608629942230073e-09
masticacion,Fp1,179.5,1.5982604128806658e-09
masticacion,Fp1,180.0,1.4157273916226256e-09
masticacion,Fp1,180.5,1.2145640286856654e-09
masticacion,Fp1,181.0,9.102115042546607e-10
masticacion,Fp1,181.5,1.0290919755836988e-09
masticacion,Fp1,182.0,8.023299239777389e-10
masticacion,Fp1,182.5,7.478073452134929e-10
masticacion,Fp1,183.0,6.43355179445595e-10
masticacion,Fp1,183.5,5.062449897210414e-10
masticacion,Fp1,184.0,5.1070732825142e-10
masticacion,Fp1,184.5,4.459158376977976e-10
masticacion,Fp1,185.0,3.928559685490509e-10
masticacion,Fp1,185.5,4.395597539539632e-10
masticacion,Fp1,186.0,4.515069456222918e-10
masticacion,Fp1,186.5,3.682782528266273e-10
masticacion,Fp1,187.0,3.7548019339871536e-10
masticacion,Fp1,187.5,3.5405498492113346e-10
masticacion,Fp1,188.0,2.965702671932474e-10
masticacion,Fp1,188.5,2.6350623209505825e-10
masticacion,Fp1,189.0,2.739597633812361e-10
masticacion,Fp1,189.5,3.2969341051942e-10
masticacion,Fp1,190.0,2.8883718883332544e-10
masticacion,Fp1,190.5,2.6693649217919227e-10
masticacion,Fp1,191.0,3.004304133682542e-10
masticacion,Fp1,191.5,2.220829704634118e-10
masticacion,Fp1,192.0,2.104969355752472e-10
masticacion,Fp1,192.5,1.806059346989503e-10
masticacion,Fp1,193.0,1.7614773970654157e-10
masticacion,Fp1,193.5,1.424006393651545e-10
masticacion,Fp1,194.0,1.8210018748055195e-10
masticacion,Fp1,194.5,1.5473601011911149e-10
masticacion,Fp1,195.0,1.460771615047192e-10
masticacion,Fp1,195.5,1.4524482413992714e-10
masticacion,Fp1,196.0,1.2499328752630423e-10
masticacion,Fp1,196.5,1.2559093448396364e-10
masticacion,Fp1,197.0,1.1988546765248256e-10
masticacion,Fp1,197.5,9.923146344855088e-11
masticacion,Fp1,198.0,1.1249962038823342e-10
masticacion,Fp1,198.5,8.999587912849294e-11
masticacion,Fp1,199.0,9.519289916943304e-11
masticacion,Fp1,199.5,8.871132349853609e-11
masticacion,Fp1,200.0,1.0182028752048274e-10
masticacion,Fp1,200.5,9.387307271728051e-11
masticacion,Fp1,201.0,9.286864053578302e-11
masticacion,Fp1,201.5,1.0410225182129995e-10
masticacion,Fp1,202.0,7.403048369616379e-11
masticacion,Fp1,202.5,9.944777690168535e-11
masticacion,Fp1,203.0,6.777883316009654e-11
masticacion,Fp1,203.5,4.948424445382163e-11
masticacion,Fp1,204.0,5.830557388798674e-11
masticacion,Fp1,204.5,2.876912348778347e-11
masticacion,Fp1,205.0,4.0912485858393165e-11
masticacion,Fp1,205.5,3.5522193458501893e-11
masticacion,Fp1,206.0,2.8962078502447873e-11
masticacion,Fp1,206.5,4.543876765745186e-11
masticacion,Fp1,207.0,3.010927409403994e-11
masticacion,Fp1,207.5,3.99541216933446e-11
masticacion,Fp1,208.0,2.8339553238979387e-11
masticacion,Fp1,208.5,3.403699013167012e-11
masticacion,Fp1,209.0,2.444144823201652e-11
masticacion,Fp1,209.5,2.8843358369241887e-11
masticacion,Fp1,210.0,2.6941815974787956e-11
masticacion,Fp1,210.5,2.2221296612783008e-11
masticacion,Fp1,211.0,2.6378094389043756e-11
masticacion,Fp1,211.5,1.8000527949196596e-11
masticacion,Fp1,212.0,2.4271910676610113e-11
masticacion,Fp1,212.5,2.184558307103818e-11
masticacion,Fp1,213.0,1.9942704865345373e-11
masticacion,Fp1,213.5,1.969778128384059e-11
masticacion,Fp1,214.0,1.7544208387767813e-11
masticacion,Fp1,214.5,1.753867579401139e-11
masticacion,Fp1,215.0,1.4589072543390944e-11
masticacion,Fp1,215.5,2.0810991481487027e-11
masticacion,Fp1,216.0,1.2905909536493425e-11
masticacion,Fp1,216.5,1.1864677590306358e-11
masticacion,Fp1,217.0,1.5015064631083148e-11
masticacion,Fp1,217.5,1.5431638486567108e-11
masticacion,Fp1,218.0,1.491516947269767e-11
masticacion,Fp1,218.5,1.547831397639636e-11
masticacion,Fp1,219.0,1.5895215183704098e-11
masticacion,Fp1,219.5,1.1230432660588586e-11
masticacion,Fp1,220.0,1.129765998289281e-11
masticacion,Fp1,220.5,1.314552016942088e-11
masticacion,Fp1,221.0,9.34661220810619e-12
masticacion,Fp1,221.5,8.772286854772977e-12
masticacion,Fp1,222.0,8.798199148089257e-12
masticacion,Fp1,222.5,1.0710090448100414e-11
masticacion,Fp1,223.0,7.097378833820808e-12
masticacion,Fp1,223.5,1.1413860756743049e-11
masticacion,Fp1,224.0,9.41843974796506e-12
masticacion,Fp1,224.5,7.587430404847811e-12
masticacion,Fp1,225.0,8.964356828938373e-12
masticacion,Fp1,225.5,7.033266392401003e-12
masticacion,Fp1,226.0,7.435905083216777e-12
masticacion,Fp1,226.5,6.63567031940703e-12
masticacion,Fp1,227.0,6.014011968406692e-12
masticacion,Fp1,227.5,7.232019300134136e-12
masticacion,Fp1,228.0,6.4768069284707206e-12
masticacion,Fp1,228.5,6.8858312681908825e-12
masticacion,Fp1,229.0,7.287321567426787e-12
masticacion,Fp1,229.5,5.353402235267613e-12
masticacion,Fp1,230.0,6.03920551309601e-12
masticacion,Fp1,230.5,6.862850476390814e-12
masticacion,Fp1,231.0,4.452752612068424e-12
masticacion,Fp1,231.5,6.099830928930928e-12
masticacion,Fp1,232.0,4.6532510718114134e-12
masticacion,Fp1,232.5,5.807134654824396e-12
masticacion,Fp1,233.0,5.328553609199653e-12
masticacion,Fp1,233.5,3.757274851677989e-12
masticacion,Fp1,234.0,6.420257864976897e-12
masticacion,Fp1,234.5,4.268302740598076e-12
masticacion,Fp1,235.0,4.7967167907634585e-12
masticacion,Fp1,235.5,4.05455826087132e-12
masticacion,Fp1,236.0,5.415618755397876e-12
masticacion,Fp1,236.5,4.207418237071058e-12
masticacion,Fp1,237.0,4.236866652989195e-12
masticacion,Fp1,237.5,4.6052806501204835e-12
masticacion,Fp1,238.0,3.9928047249868346e-12
masticacion,Fp1,238.5,4.091549756570794e-12
masticacion,Fp1,239.0,4.6510547542478434e-12
masticacion,Fp1,239.5,3.858149855902545e-12
masticacion,Fp1,240.0,3.712019044172783e-12
masticacion,Fp1,240.5,3.7710546746804006e-12
masticacion,Fp1,241.0,4.440811711182595e-12
masticacion,Fp1,241.5,3.1879796578846954e-12
masticacion,Fp1,242.0,3.1832662862049307e-12
masticacion,Fp1,242.5,3.859763431229396e-12
masticacion,Fp1,243.0,3.085312575763558e-12
masticacion,Fp1,243.5,3.454512357809743e-12
masticacion,Fp1,244.0,3.1190949879326573e-12
masticacion,Fp1,244.5,3.228686279228265e-12
masticacion,Fp1,245.0,3.2424928839873863e-12
masticacion,Fp1,245.5,2.979051420669336e-12
masticacion,Fp1,246.0,2.9024781334859204e-12
masticacion,Fp1,246.5,3.12420768370962e-12
masticacion,Fp1,247.0,3.1607004348277146e-12
masticacion,Fp1,247.5,2.5101660462828823e-12
masticacion,Fp1,248.0,2.699696799890228e-12
masticacion,Fp1,248.5,3.3756980195342792e-12
masticacion,Fp1,249.0,2.3377438213584414e-12
masticacion,Fp1,249.5,2.6133609485765916e-12
masticacion,Fp1,250.0,2.734853401226684e-12
masticacion,Fp1,250.5,2.50319445650116e-12
masticacion,Fp1,251.0,2.5814890405068185e-12
masticacion,Fp1,251.5,2.458837025054473e-12
masticacion,Fp1,252.0,2.4122546802751434e-12
masticacion,Fp1,252.5,2.6094575332445684e-12
masticacion,Fp1,253.0,2.3567573401054604e-12
masticacion,Fp1,253.5,2.35159064258836e-12
masticacion,Fp1,254.0,2.2474939006873313e-12
masticacion,Fp1,254.5,2.337431197875422e-12
masticacion,Fp1,255.0,2.3375808435879963e-12
masticacion,Fp1,255.5,2.161903662934952e-12
masticacion,Fp1,256.0,2.226178308643474e-12
masticacion,Fp1,256.5,2.184711136692486e-12
masticacion,Fp1,257.0,2.265203798297181e-12
masticacion,Fp1,257.5,2.0231049096498964e-12
masticacion,Fp1,258.0,2.134166171431207e-12
masticacion,Fp1,258.5,2.1072584600058222e-12
masticacion,Fp1,259.0,1.9359167693037357e-12
masticacion,Fp1,259.5,2.1688958888252256e-12
masticacion,Fp1,260.0,1.8386384097412358e-12
masticacion,Fp1,260.5,2.024905119041529e-12
masticacion,Fp1,261.0,2.0049813017025127e-12
masticacion,Fp1,261.5,1.913154729886017e-12
masticacion,Fp1,262.0,1.8627059063858694e-12
masticacion,Fp1,262.5,1.8469056784133804e-12
masticacion,Fp1,263.0,1.82232773056841e-12
masticacion,Fp1,263.5,1.755217438396082e-12
masticacion,Fp1,264.0,1.7093729285542756e-12
masticacion,Fp1,264.5,1.8670465059393428e-12
masticacion,Fp1,265.0,1.6702342322299718e-12
masticacion,Fp1,265.5,1.6576802472812912e-12
masticacion,Fp1,266.0,1.6884805352289906e-12
masticacion,Fp1,266.5,1.6455799855122583e-12
masticacion,Fp1,267.0,1.6207140201258546e-12
masticacion,Fp1,267.5,1.6640202720583947e-12
masticacion,Fp1,268.0,1.5500205724635484e-12
masticacion,Fp1,268.5,1.563792303525828e-12
masticacion,Fp1,269.0,1.5818341245507582e-12
masticacion,Fp1,269.5,1.529544589750616e-12
masticacion,Fp1,270.0,1.4619776158132645e-12
masticacion,Fp1,270.5,1.5094529946612054e-12
masticacion,Fp1,271.0,1.5205830615549327e-12
masticacion,Fp1,271.5,1.4479514063873414e-12
masticacion,Fp1,272.0,1.469290233925817e-12
masticacion,Fp1,272.5,1.369719563685229e-12
masticacion,Fp1,273.0,1.4531014104287314e-12
masticacion,Fp1,273.5,1.4310320850359103e-12
masticacion,Fp1,274.0,1.3100341999058248e-12
masticacion,Fp1,274.5,1.3995595057938134e-12
masticacion,Fp1,275.0,1.3132752265819588e-12
masticacion,Fp1,275.5,1.361760113272609e-12
masticacion,Fp1,276.0,1.2697265035571086e-12
masticacion,Fp1,276.5,1.320716703020342e-12
masticacion,Fp1,277.0,1.2627994085712694e-12
masticacion,Fp1,277.5,1.2852629305624192e-12
masticacion,Fp1,278.0,1.2387295929515824e-12
masticacion,Fp1,278.5,1.2207365025221596e-12
masticacion,Fp1,279.0,1.2192553825481174e-12
masticacion,Fp1,279.5,1.223198576759561e-12
masticacion,Fp1,280.0,1.1871303435390732e-12
masticacion,Fp1,280.5,1.1694522938999145e-12
masticacion,Fp1,281.0,1.1572041369645e-12
masticacion,Fp1,281.5,1.1442348813945997e-12
masticacion,Fp1,282.0,1.1613822953906687e-12
masticacion,Fp1,282.5,1.1018609027592726e-12
masticacion,Fp1,283.0,1.1159296174290332e-12
masticacion,Fp1,283.5,1.0835946449712452e-12
masticacion,Fp1,284.0,1.1197763647940546e-12
masticacion,Fp1,284.5,1.0296178915398152e-12
masticacion,Fp1,285.0,1.0679165312269387e-12
masticacion,Fp1,285.5,1.0509595672339166e-12
masticacion,Fp1,286.0,1.0278836919794286e-12
masticacion,Fp1,286.5,1.0396834761946726e-12
masticacion,Fp1,287.0,9.899797262579333e-13
masticacion,Fp1,287.5,1.017587964200695e-12
masticacion,Fp1,288.0,9.657269660154922e-13
masticacion,Fp1,288.5,1.0024408344928737e-12
masticacion,Fp1,289.0,9.42793155057454e-13
masticacion,Fp1,289.5,9.490998507900772e-13
masticacion,Fp1,290.0,9.64365379692434e-13
masticacion,Fp1,290.5,9.157489003206692e-13
masticacion,Fp1,291.0,9.33401844318064e-13
masticacion,Fp1,291.5,8.980011491993806e-13
masticacion,Fp1,292.0,9.13520977667562e-13
masticacion,Fp1,292.5,8.792406132663332e-13
masticacion,Fp1,293.0,8.925892702638321e-13
masticacion,Fp1,293.5,8.578406108302781e-13
masticacion,Fp1,294.0,8.639899632876953e-13
masticacion,Fp1,294.5,8.563664853722098e-13
masticacion,Fp1,295.0,8.310148014274462e-13
masticacion,Fp1,295.5,8.321058157216025e-13
masticacion,Fp1,296.0,8.240854039698168e-13
masticacion,Fp1,296.5,8.072182426243179e-13
masticacion,Fp1,297.0,8.033961457750852e-13
masticacion,Fp1,297.5,7.954093224847182e-13
masticacion,Fp1,298.0,7.838479539723769e-13
masticacion,Fp1,298.5,7.786289137466239e-13
masticacion,Fp1,299.0,7.590641297076606e-13
masticacion,Fp1,299.5,7.695475608089044e-13
masticacion,Fp1,300.0,7.529330304603444e-13
masticacion,Fp1,300.5,7.224241794390578e-13
masticacion,Fp1,301.0,7.468120532624026e-13
masticacion,Fp1,301.5,7.283825880390388e-13
masticacion,Fp1,302.0,7.11144642964821e-13
masticacion,Fp1,302.5,7.10314735112237e-13
masticacion,Fp1,303.0,7.038889505931381e-13
masticacion,Fp1,303.5,6.889486899384778e-13
masticacion,Fp1,304.0,6.883034422264193e-13
masticacion,Fp1,304.5,6.777874019723538e-13
masticacion,Fp1,305.0,6.704183824933553e-13
masticacion,Fp1,305.5,6.654728633881697e-13
masticacion,Fp1,306.0,6.55566835795454e-13
masticacion,Fp1,306.5,6.440683265893535e-13
masticacion,Fp1,307.0,6.433105637946867e-13
masticacion,Fp1,307.5,6.378284274613535e-13
masticacion,Fp1,308.0,6.222664715729768e-13
masticacion,Fp1,308.5,6.22858843887332e-13
masticacion,Fp1,309.0,6.106631598692298e-13
masticacion,Fp1,309.5,6.097614183476752e-13
masticacion,Fp1,310.0,5.980738331941127e-13
masticacion,Fp1,310.5,5.961519952663257e-13
masticacion,Fp1,311.0,5.852552872672198e-13
masticacion,Fp1,311.5,5.784146585550048e-13
masticacion,Fp1,312.0,5.74560021366012e-13
masticacion,Fp1,312.5,5.694000645586455e-13
masticacion,Fp1,313.0,5.598711300955196e-13
masticacion,Fp1,313.5,5.561800442304774e-13
masticacion,Fp1,314.0,5.483530438246495e-13
masticacion,Fp1,314.5,5.436872132843775e-13
masticacion,Fp1,315.0,5.366302812463831e-13
masticacion,Fp1,315.5,5.321644428557089e-13
masticacion,Fp1,316.0,5.240929132679829e-13
masticacion,Fp1,316.5,5.221590996543164e-13
masticacion,Fp1,317.0,5.116033481102673e-13
masticacion,Fp1,317.5,5.094378115537616e-13
masticacion,Fp1,318.0,5.024417934363523e-13
masticacion,Fp1,318.5,4.956787389845281e-13
masticacion,Fp1,319.0,4.92774856729077e-13
masticacion,Fp1,319.5,4.872650045151885e-13
masticacion,Fp1,320.0,4.822061785409545e-13
masticacion,Fp1,320.5,4.740318725305616e-13
masticacion,Fp1,321.0,4.714848754918451e-13
masticacion,Fp1,321.5,4.667533276260219e-13
masticacion,Fp1,322.0,4.592930050949763e-13
masticacion,Fp1,322.5,4.557802939915486e-13
masticacion,Fp1,323.0,4.4857893893253696e-13
masticacion,Fp1,323.5,4.4758186578925035e-13
masticacion,Fp1,324.0,4.414042615490278e-13
masticacion,Fp1,324.5,4.335988478185656e-13
masticacion,Fp1,325.0,4.3331263682556296e-13
masticacion,Fp1,325.5,4.2546400759514353e-13
masticacion,Fp1,326.0,4.222451781296383e-13
masticacion,Fp1,326.5,4.1784547471209893e-13
masticacion,Fp1,327.0,4.1132355207441316e-13
masticacion,Fp1,327.5,4.0886965364656303e-13
masticacion,Fp1,328.0,4.0519889091456753e-13
masticacion,Fp1,328.5,3.9716082474540706e-13
masticacion,Fp1,329.0,3.957338449569768e-13
masticacion,Fp1,329.5,3.9246078884752617e-13
masticacion,Fp1,330.0,3.8489261312862847e-13
masticacion,Fp1,330.5,3.8253202037987427e-13
masticacion,Fp1,331.0,3.789218835321748e-13
masticacion,Fp1,331.5,3.736828440289483e-13
masticacion,Fp1,332.0,3.69500509624972e-13
masticacion,Fp1,332.5,3.66823967990818e-13
masticacion,Fp1,333.0,3.61381724095786e-13
masticacion,Fp1,333.5,3.5864102351331335e-13
masticacion,Fp1,334.0,3.542249228110052e-13
masticacion,Fp1,334.5,3.5016635120688254e-13
masticacion,Fp1,335.0,3.466578028481739e-13
masticacion,Fp1,335.5,3.4261645723880393e-13
masticacion,Fp1,336.0,3.3949576832132864e-13
masticacion,Fp1,336.5,3.350802513630601e-13
masticacion,Fp1,337.0,3.3176616591470044e-13
masticacion,Fp1,337.5,3.2831411761852547e-13
masticacion,Fp1,338.0,3.2441477197196876e-13
masticacion,Fp1,338.5,3.2130958202558086e-13
masticacion,Fp1,339.0,3.1727807424889606e-13
masticacion,Fp1,339.5,3.144607435319226e-13
masticacion,Fp1,340.0,3.1094319427541555e-13
masticacion,Fp1,340.5,3.0702303378708837e-13
masticacion,Fp1,341.0,3.040236606442048e-13
masticacion,Fp1,341.5,3.0089435967553514e-13
masticacion,Fp1,342.0,2.9710378614836056e-13
masticacion,Fp1,342.5,2.947096537162937e-13
masticacion,Fp1,343.0,2.906506553511506e-13
masticacion,Fp1,343.5,2.87830480942511e-13
masticacion,Fp1,344.0,2.8476548004063294e-13
masticacion,Fp1,344.5,2.8167428234931223e-13
masticacion,Fp1,345.0,2.7871937026283366e-13
masticacion,Fp1,345.5,2.7536027071801273e-13
masticacion,Fp1,346.0,2.7261389446403975e-13
masticacion,Fp1,346.5,2.6934907502391814e-13
masticacion,Fp1,347.0,2.6680115749052676e-13
masticacion,Fp1,347.5,2.6365899943235436e-13
masticacion,Fp1,348.0,2.608485134019701e-13
masticacion,Fp1,348.5,2.5796384680666237e-13
masticacion,Fp1,349.0,2.551716456490209e-13
masticacion,Fp1,349.5,2.524658072283756e-13
masticacion,Fp1,350.0,2.494599085709297e-13
masticacion,Fp1,350.5,2.4693980478540054e-13
masticacion,Fp1,351.0,2.443432073430637e-13
masticacion,Fp1,351.5,2.4145699576355244e-13
masticacion,Fp1,352.0,2.3890554754493076e-13
masticacion,Fp1,352.5,2.363733696918501e-13
masticacion,Fp1,353.0,2.3341956737713563e-13
masticacion,Fp1,353.5,2.3131709761830373e-13
masticacion,Fp1,354.0,2.28481176188676e-13
masticacion,Fp1,354.5,2.2623378699380838e-13
masticacion,Fp1,355.0,2.2351798879919582e-13
masticacion,Fp1,355.5,2.211594746425576e-13
masticacion,Fp1,356.0,2.1874360796667974e-13
masticacion,Fp1,356.5,2.162324882693097e-13
masticacion,Fp1,357.0,2.1405309671669026e-13
masticacion,Fp1,357.5,2.114491869264519e-13
masticacion,Fp1,358.0,2.092415169779996e-13
masticacion,Fp1,358.5,2.0700598609522391e-13
masticacion,Fp1,359.0,2.0462163031045457e-13
masticacion,Fp1,359.5,2.0240673771260132e-13
masticacion,Fp1,360.0,2.001253316936694e-13
masticacion,Fp1,360.5,1.9798176187211747e-13
masticacion,Fp1,361.0,1.9571451174579262e-13
masticacion,Fp1,361.5,1.9354559035777764e-13
masticacion,Fp1,362.0,1.9148980340911573e-13
masticacion,Fp1,362.5,1.8932273283830727e-13
masticacion,Fp1,363.0,1.8716543944303102e-13
masticacion,Fp1,363.5,1.8512493779653503e-13
masticacion,Fp1,364.0,1.8307446511189632e-13
masticacion,Fp1,364.5,1.8105366886206774e-13
masticacion,Fp1,365.0,1.789503640775003e-13
masticacion,Fp1,365.5,1.7705156910648375e-13
masticacion,Fp1,366.0,1.7502932409891526e-13
masticacion,Fp1,366.5,1.7310076780144752e-13
masticacion,Fp1,367.0,1.711166310838585e-13
masticacion,Fp1,367.5,1.692293888353568e-13
masticacion,Fp1,368.0,1.6730508379722445e-13
masticacion,Fp1,368.5,1.654847690356979e-13
masticacion,Fp1,369.0,1.6358884209768815e-13
masticacion,Fp1,369.5,1.6167040747430447e-13
masticacion,Fp1,370.0,1.600165781217928e-13
masticacion,Fp1,370.5,1.580896537961308e-13
masticacion,Fp1,371.0,1.5635950198796709e-13
masticacion,Fp1,371.5,1.5455527307051241e-13
masticacion,Fp1,372.0,1.528039820029258e-13
masticacion,Fp1,372.5,1.5112212885828795e-13
masticacion,Fp1,373.0,1.4934458262417565e-13
masticacion,Fp1,373.5,1.4769044830536734e-13
masticacion,Fp1,374.0,1.459978390857438e-13
masticacion,Fp1,374.5,1.443457495713898e-13
masticacion,Fp1,375.0,1.426965413988679e-13
masticacion,Fp1,375.5,1.4102822715017277e-13
masticacion,Fp1,376.0,1.394661378665006e-13
masticacion,Fp1,376.5,1.378556137621947e-13
masticacion,Fp1,377.0,1.3627074324603214e-13
masticacion,Fp1,377.5,1.3469890540225038e-13
masticacion,Fp1,378.0,1.3315176195690085e-13
masticacion,Fp1,378.5,1.316251534481285e-13
masticacion,Fp1,379.0,1.3010635998042672e-13
masticacion,Fp1,379.5,1.285947767120007e-13
masticacion,Fp1,380.0,1.271229996007363e-13
masticacion,Fp1,380.5,1.2562360812264937e-13
masticacion,Fp1,381.0,1.2418435595933106e-13
masticacion,Fp1,381.5,1.2273490850377647e-13
masticacion,Fp1,382.0,1.2131609277654653e-13
masticacion,Fp1,382.5,1.1988697068278348e-13
masticacion,Fp1,383.0,1.1848183009616598e-13
masticacion,Fp1,383.5,1.1711270481471294e-13
masticacion,Fp1,384.0,1.1572735134766981e-13
masticacion,Fp1,384.5,1.1436944901673697e-13
masticacion,Fp1,385.0,1.1301833586937914e-13
masticacion,Fp1,385.5,1.1169867680689355e-13
masticacion,Fp1,386.0,1.1037057200815172e-13
masticacion,Fp1,386.5,1.0906180698752875e-13
masticacion,Fp1,387.0,1.0777982655643414e-13
masticacion,Fp1,387.5,1.0648765481756064e-13
masticacion,Fp1,388.0,1.0522531016150026e-13
masticacion,Fp1,388.5,1.0397192113822504e-13
masticacion,Fp1,389.0,1.0272239661464431e-13
masticacion,Fp1,389.5,1.0150224772208047e-13
masticacion,Fp1,390.0,1.0027472704833626e-13
masticacion,Fp1,390.5,9.907392356475555e-14
masticacion,Fp1,391.0,9.788507398668595e-14
masticacion,Fp1,391.5,9.669281367392379e-14
masticacion,Fp1,392.0,9.552614441975313e-14
masticacion,Fp1,392.5,9.437004019584503e-14
masticacion,Fp1,393.0,9.322318940429484e-14
masticacion,Fp1,393.5,9.208470050091772e-14
masticacion,Fp1,394.0,9.096170923821486e-14
masticacion,Fp1,394.5,8.984678230996211e-14
masticacion,Fp1,395.0,8.874956933151517e-14
masticacion,Fp1,395.5,8.765180273145326e-14
masticacion,Fp1,396.0,8.657353022596499e-14
masticacion,Fp1,396.5,8.55062758505157e-14
masticacion,Fp1,397.0,8.444454958560562e-14
masticacion,Fp1,397.5,8.339793302311579e-14
masticacion,Fp1,398.0,8.235920121098476e-14
masticacion,Fp1,398.5,8.133122152750912e-14
masticacion,Fp1,399.0,8.031402189191515e-14
masticacion,Fp1,399.5,7.930482494688075e-14
masticacion,Fp1,400.0,7.83080205421962e-14
masticacion,Fp1,400.5,7.732345485814155e-14
masticacion,Fp1,401.0,7.634134079638695e-14
masticacion,Fp1,401.5,7.537591382651464e-14
masticacion,Fp1,402.0,7.441705889492907e-14
masticacion,Fp1,402.5,7.346763534055461e-14
masticacion,Fp1,403.0,7.252988420725127e-14
masticacion,Fp1,403.5,7.159756003390162e-14
masticacion,Fp1,404.0,7.067856070084585e-14
masticacion,Fp1,404.5,6.976648050120265e-14
masticacion,Fp1,405.0,6.886378356718312e-14
masticacion,Fp1,405.5,6.797051774723359e-14
masticacion,Fp1,406.0,6.708577368601013e-14
masticacion,Fp1,406.5,6.621029390940615e-14
masticacion,Fp1,407.0,6.534329786682028e-14
masticacion,Fp1,407.5,6.448421652152894e-14
masticacion,Fp1,408.0,6.363621306413578e-14
masticacion,Fp1,408.5,6.279317597837569e-14
masticacion,Fp1,409.0,6.196124898620416e-14
masticacion,Fp1,409.5,6.113661307435e-14
masticacion,Fp1,410.0,6.032050439007869e-14
masticacion,Fp1,410.5,5.951288023793455e-14
masticacion,Fp1,411.0,5.871259584818956e-14
masticacion,Fp1,411.5,5.792078172719492e-14
masticacion,Fp1,412.0,5.713653947840768e-14
masticacion,Fp1,412.5,5.636137883642115e-14
masticacion,Fp1,413.0,5.5592881183823263e-14
masticacion,Fp1,413.5,5.4832409542439035e-14
masticacion,Fp1,414.0,5.407973283442512e-14
masticacion,Fp1,414.5,5.333484088476922e-14
masticacion,Fp1,415.0,5.2597127536219634e-14
masticacion,Fp1,415.5,5.186707840154456e-14
masticacion,Fp1,416.0,5.1144199851866965e-14
masticacion,Fp1,416.5,5.042912679894147e-14
masticacion,Fp1,417.0,4.97209478029408e-14
masticacion,Fp1,417.5,4.902000602125013e-14
masticacion,Fp1,418.0,4.832636837325575e-14
masticacion,Fp1,418.5,4.763969778909137e-14
masticacion,Fp1,419.0,4.6960271477458534e-14
masticacion,Fp1,419.5,4.628723178646364e-14
masticacion,Fp1,420.0,4.5621857643532386e-14
masticacion,Fp1,420.5,4.496253531282589e-14
masticacion,Fp1,421.0,4.4310560891909063e-14
masticacion,Fp1,421.5,4.3665150089006015e-14
masticacion,Fp1,422.0,4.302621881546354e-14
masticacion,Fp1,422.5,4.239404276815249e-14
masticacion,Fp1,423.0,4.1768355730516426e-14
masticacion,Fp1,423.5,4.114928131352009e-14
masticacion,Fp1,424.0,4.053652729874267e-14
masticacion,Fp1,424.5,3.9929922437210286e-14
masticacion,Fp1,425.0,3.933010265240809e-14
masticacion,Fp1,425.5,3.8736173015792745e-14
masticacion,Fp1,426.0,3.8148576125829207e-14
masticacion,Fp1,426.5,3.7567281661178506e-14
masticacion,Fp1,427.0,3.699176930993968e-14
masticacion,Fp1,427.5,3.6422637062686235e-14
masticacion,Fp1,428.0,3.585933191416131e-14
masticacion,Fp1,428.5,3.530197180651915e-14
masticacion,Fp1,429.0,3.4750658082009675e-14
masticacion,Fp1,429.5,3.420505992971157e-14
masticacion,Fp1,430.0,3.3665304152477205e-14
masticacion,Fp1,430.5,3.313136437826377e-14
masticacion,Fp1,431.0,3.2603080114133805e-14
masticacion,Fp1,431.5,3.2080520628164456e-14
masticacion,Fp1,432.0,3.156349403826015e-14
masticacion,Fp1,432.5,3.1052087882955206e-14
masticacion,Fp1,433.0,3.054627635190325e-14
masticacion,Fp1,433.5,3.0045833055331065e-14
masticacion,Fp1,434.0,2.955091678492521e-14
masticacion,Fp1,434.5,2.906137836729732e-14
masticacion,Fp1,435.0,2.857716089716961e-14
masticacion,Fp1,435.5,2.8098357359511582e-14
masticacion,Fp1,436.0,2.762471444846114e-14
masticacion,Fp1,436.5,2.715635297142232e-14
masticacion,Fp1,437.0,2.6693184445762637e-14
masticacion,Fp1,437.5,2.6235158625292494e-14
masticacion,Fp1,438.0,2.5782247402439544e-14
masticacion,Fp1,438.5,2.5334409350183654e-14
masticacion,Fp1,439.0,2.489160618508453e-14
masticacion,Fp1,439.5,2.4453792604539385e-14
masticacion,Fp1,440.0,2.4020933820441425e-14
masticacion,Fp1,440.5,2.3593016099647632e-14
masticacion,Fp1,441.0,2.316995630870727e-14
masticacion,Fp1,441.5,2.27517694316307e-14
masticacion,Fp1,442.0,2.233836162955471e-14
masticacion,Fp1,442.5,2.1929763265827132e-14
masticacion,Fp1,443.0,2.1525892590084973e-14
masticacion,Fp1,443.5,2.1126716257987135e-14
masticacion,Fp1,444.0,2.073223968643588e-14
masticacion,Fp1,444.5,2.034237698042053e-14
masticacion,Fp1,445.0,1.9957139796579387e-14
masticacion,Fp1,445.5,1.957646510344069e-14
masticacion,Fp1,446.0,1.920033787192512e-14
masticacion,Fp1,446.5,1.8828704710904333e-14
masticacion,Fp1,447.0,1.8461575991480363e-14
masticacion,Fp1,447.5,1.809887202928704e-14
masticacion,Fp1,448.0,1.7740589240110456e-14
masticacion,Fp1,448.5,1.7386703091319207e-14
masticacion,Fp1,449.0,1.7037156322004335e-14
masticacion,Fp1,449.5,1.6691953078395427e-14
masticacion,Fp1,450.0,1.6351031280754108e-14
masticacion,Fp1,450.5,1.6014393613054803e-14
masticacion,Fp1,451.0,1.5681987445824552e-14
masticacion,Fp1,451.5,1.5353793914395747e-14
masticacion,Fp1,452.0,1.5029794043072818e-14
masticacion,Fp1,452.5,1.4709944633463267e-14
masticacion,Fp1,453.0,1.439422965739559e-14
masticacion,Fp1,453.5,1.4082620819410757e-14
masticacion,Fp1,454.0,1.3775089626276029e-14
masticacion,Fp1,454.5,1.3471613276897546e-14
masticacion,Fp1,455.0,1.3172166027328054e-14
masticacion,Fp1,455.5,1.2876721029001706e-14
masticacion,Fp1,456.0,1.2585256684824259e-14
masticacion,Fp1,456.5,1.2297745861971186e-14
masticacion,Fp1,457.0,1.201416626476939e-14
masticacion,Fp1,457.5,1.173449459035279e-14
masticacion,Fp1,458.0,1.1458707476646439e-14
masticacion,Fp1,458.5,1.1186782110234905e-14
masticacion,Fp1,459.0,1.09186952728073e-14
masticacion,Fp1,459.5,1.065442664940397e-14
masticacion,Fp1,460.0,1.0393951991205249e-14
masticacion,Fp1,460.5,1.013725177603598e-14
masticacion,Fp1,461.0,9.884304210604242e-15
masticacion,Fp1,461.5,9.635089237363238e-15
masticacion,Fp1,462.0,9.389584495191983e-15
masticacion,Fp1,462.5,9.147771968925393e-15
masticacion,Fp1,463.0,8.909630523955663e-15
masticacion,Fp1,463.5,8.675141065895856e-15
masticacion,Fp1,464.0,8.444284295636107e-15
masticacion,Fp1,464.5,8.21704133081235e-15
masticacion,Fp1,465.0,7.993393890672006e-15
masticacion,Fp1,465.5,7.773323485651981e-15
masticacion,Fp1,466.0,7.556811842705685e-15
masticacion,Fp1,466.5,7.343841622358156e-15
masticacion,Fp1,467.0,7.134395777804948e-15
masticacion,Fp1,467.5,6.928456539567213e-15
masticacion,Fp1,468.0,6.726007553612665e-15
masticacion,Fp1,468.5,6.527032528229824e-15
masticacion,Fp1,469.0,6.331514953751108e-15
masticacion,Fp1,469.5,6.139439098927403e-15
masticacion,Fp1,470.0,5.9507894401422055e-15
masticacion,Fp1,470.5,5.765550398075449e-15
masticacion,Fp1,471.0,5.5837073697951895e-15
masticacion,Fp1,471.5,5.405245305957623e-15
masticacion,Fp1,472.0,5.230149635306742e-15
masticacion,Fp1,472.5,5.058406909238031e-15
masticacion,Fp1,473.0,4.890002284003041e-15
masticacion,Fp1,473.5,4.724923042965688e-15
masticacion,Fp1,474.0,4.563155331297112e-15
masticacion,Fp1,474.5,4.40468618279889e-15
masticacion,Fp1,475.0,4.249502847056776e-15
masticacion,Fp1,475.5,4.097592713158754e-15
masticacion,Fp1,476.0,3.948943924517915e-15
masticacion,Fp1,476.5,3.803543934406516e-15
masticacion,Fp1,477.0,3.661381494320939e-15
masticacion,Fp1,477.5,3.5224449070153262e-15
masticacion,Fp1,478.0,3.3867231864032023e-15
masticacion,Fp1,478.5,3.2542053261491807e-15
masticacion,Fp1,479.0,3.124880825797976e-15
masticacion,Fp1,479.5,2.9987391050373092e-15
masticacion,Fp1,480.0,2.8757701056124276e-15
masticacion,Fp1,480.5,2.7559641187905034e-15
masticacion,Fp1,481.0,2.6393112158557986e-15
masticacion,Fp1,481.5,2.525802408695386e-15
masticacion,Fp1,482.0,2.4154283909139697e-15
masticacion,Fp1,482.5,2.3081803250239564e-15
masticacion,Fp1,483.0,2.204049733711415e-15
masticacion,Fp1,483.5,2.103028319469516e-15
masticacion,Fp1,484.0,2.0051077677044802e-15
masticacion,Fp1,484.5,1.9102804470779774e-15
masticacion,Fp1,485.0,1.8185389404757884e-15
masticacion,Fp1,485.5,1.7298753671970733e-15
masticacion,Fp1,486.0,1.644283208571021e-15
masticacion,Fp1,486.5,1.5617554606828133e-15
masticacion,Fp1,487.0,1.4822854510743928e-15
masticacion,Fp1,487.5,1.4058668886545891e-15
masticacion,Fp1,488.0,1.3324935725099631e-15
masticacion,Fp1,488.5,1.2621599126540917e-15
masticacion,Fp1,489.0,1.1948600355048627e-15
masticacion,Fp1,489.5,1.1305886517646433e-15
masticacion,Fp1,490.0,1.0693408788428907e-15
masticacion,Fp1,490.5,1.0111114800502785e-15
masticacion,Fp1,491.0,9.558959477974553e-16
masticacion,Fp1,491.5,9.036901031579813e-16
masticacion,Fp1,492.0,8.544894006348414e-16
masticacion,Fp1,492.5,8.082902565801122e-16
masticacion,Fp1,493.0,7.650887401548586e-16
masticacion,Fp1,493.5,7.248816478011804e-16
masticacion,Fp1,494.0,6.876657329490516e-16
masticacion,Fp1,494.5,6.53437839112169e-16
masticacion,Fp1,495.0,6.221954991614271e-16
masticacion,Fp1,495.5,5.93936013930245e-16
masticacion,Fp1,496.0,5.686572912521197e-16
masticacion,Fp1,496.5,5.463571602501153e-16
masticacion,Fp1,497.0,5.270340242478219e-16
masticacion,Fp1,497.5,5.106862245174035e-16
masticacion,Fp1,498.0,4.973126600809499e-16
masticacion,Fp1,498.5,4.86911961908665e-16
masticacion,Fp1,499.0,4.794836425281253e-16
masticacion,Fp1,499.5,4.750267891430533e-16
masticacion,Fp1,500.0,2.367706128636904e-16
masticacion,Fp2,0.0,2952.293589579799
masticacion,Fp2,0.5,18691.08286583994
masticacion,Fp2,1.0,79281.85245067613
masticacion,Fp2,1.5,107569.32781693107
masticacion,Fp2,2.0,80674.63730722365
masticacion,Fp2,2.5,46542.44631517066
masticacion,Fp2,3.0,34019.017643061714
masticacion,Fp2,3.5,24665.034134189707
masticacion,Fp2,4.0,13963.694943783396
masticacion,Fp2,4.5,9320.87170579813
masticacion,Fp2,5.0,5990.294996722151
masticacion,Fp2,5.5,6263.509371641808
masticacion,Fp2,6.0,5686.220916571692
masticacion,Fp2,6.5,3963.36864078639
masticacion,Fp2,7.0,3814.151963447373
masticacion,Fp2,7.5,2666.490521769565
masticacion,Fp2,8.0,2217.3160428130827
masticacion,Fp2,8.5,2381.89970880077
masticacion,Fp2,9.0,2082.6864606980243
masticacion,Fp2,9.5,1619.4091975333163
masticacion,Fp2,10.0,1802.6907835868863
masticacion,Fp2,10.5,1695.6813486365718
masticacion,Fp2,11.0,1533.1102811196315
masticacion,Fp2,11.5,1234.8061279599183
masticacion,Fp2,12.0,1398.4564123322778
masticacion,Fp2,12.5,1612.6634451943303
masticacion,Fp2,13.0,1382.9008244397878
masticacion,Fp2,13.5,1380.9588217650994
masticacion,Fp2,14.0,1359.249888984675
masticacion,Fp2,14.5,1608.8156582776148
masticacion,Fp2,15.0,1818.9480874941953
masticacion,Fp2,15.5,1664.8176658155892
masticacion,Fp2,16.0,1876.9779317755126
masticacion,Fp2,16.5,1885.1853843134352
masticacion,Fp2,17.0,1477.1198725598845
masticacion,Fp2,17.5,1453.5540457515344
masticacion,Fp2,18.0,1251.3556646249335
masticacion,Fp2,18.5,1320.9047771224555
masticacion,Fp2,19.0,1688.6366776713708
masticacion,Fp2,19.5,1428.4899454575727
masticacion,Fp2,20.0,1847.0197216882216
masticacion,Fp2,20.5,2088.5907014241398
masticacion,Fp2,21.0,1400.065526371195
masticacion,Fp2,21.5,1056.5646329432284
masticacion,Fp2,22.0,1512.5574215574059
masticacion,Fp2,22.5,1783.1459300428276
masticacion,Fp2,23.0,1626.5965340889263
masticacion,Fp2,23.5,1667.4011607899408
masticacion,Fp2,24.0,1386.0771103052539
masticacion,Fp2,24.5,1312.4978351189798
masticacion,Fp2,25.0,1494.8284601562036
masticacion,Fp2,25.5,1181.2278815984594
masticacion,Fp2,26.0,1445.9722480526978
masticacion,Fp2,26.5,1851.648829019181
masticacion,Fp2,27.0,1442.994158076436
masticacion,Fp2,27.5,1037.677291807334
masticacion,Fp2,28.0,1027.6911691197085
masticacion,Fp2,28.5,1173.467602176086
masticacion,Fp2,29.0,1158.9180256072746
masticacion,Fp2,29.5,1024.8898801126359
masticacion,Fp2,30.0,1253.1539317406437
masticacion,Fp2,30.5,1066.7574418995619
masticacion,Fp2,31.0,1205.6292667819348
masticacion,Fp2,31.5,1372.9175119848317
masticacion,Fp2,32.0,1431.9012298085377
masticacion,Fp2,32.5,1038.4672036933619
masticacion,Fp2,33.0,812.135494889112
masticacion,Fp2,33.5,763.1892066624124
masticacion,Fp2,34.0,954.112163949422
masticacion,Fp2,34.5,1035.987994357908
masticacion,Fp2,35.0,1017.6995194477786
masticacion,Fp2,35.5,936.3189774828867
masticacion,Fp2,36.0,1155.0276621990236
masticacion,Fp2,36.5,1068.9439762613133
masticacion,Fp2,37.0,893.6128987189496
masticacion,Fp2,37.5,950.1187791252473
masticacion,Fp2,38.0,747.0676011920012
masticacion,Fp2,38.5,722.0889537750796
masticacion,Fp2,39.0,460.93419618417505
masticacion,Fp2,39.5,560.5112449698438
masticacion,Fp2,40.0,503.01986427902983
masticacion,Fp2,40.5,548.8461273520344
masticacion,Fp2,41.0,585.2056871141754
masticacion,Fp2,41.5,634.2816741682614
masticacion,Fp2,42.0,428.53660043553293
masticacion,Fp2,42.5,388.7189262612852
masticacion,Fp2,43.0,408.0974166468412
masticacion,Fp2,43.5,393.82631071737586
masticacion,Fp2,44.0,285.5228232571374
masticacion,Fp2,44.5,234.05392817037102
masticacion,Fp2,45.0,300.84701925036785
masticacion,Fp2,45.5,262.47804156965805
masticacion,Fp2,46.0,228.60899060390622
masticacion,Fp2,46.5,175.882578787941
masticacion,Fp2,47.0,165.12791472177065
masticacion,Fp2,47.5,155.3205926661275
masticacion,Fp2,48.0,118.78662711785746
masticacion,Fp2,48.5,160.87679302167913
masticacion,Fp2,49.0,126.70332429700923
masticacion,Fp2,49.5,130.66725092252273
masticacion,Fp2,50.0,109.94928099326026
masticacion,Fp2,50.5,87.48782219101058
masticacion,Fp2,51.0,62.64331012167034
masticacion,Fp2,51.5,68.03339066201823
masticacion,Fp2,52.0,65.96825794937472
masticacion,Fp2,52.5,45.52136531512812
masticacion,Fp2,53.0,45.85991678431242
masticacion,Fp2,53.5,42.677436788586576
masticacion,Fp2,54.0,32.97289791790273
masticacion,Fp2,54.5,30.855044087050274
masticacion,Fp2,55.0,29.689369900650046
masticacion,Fp2,55.5,27.02458789235159
masticacion,Fp2,56.0,21.972318164853565
masticacion,Fp2,56.5,19.2327919197992
masticacion,Fp2,57.0,16.7529721631087
masticacion,Fp2,57.5,14.111979611479608
masticacion,Fp2,58.0,11.909740685820713
masticacion,Fp2,58.5,12.004199507577466
masticacion,Fp2,59.0,9.769339971644339
masticacion,Fp2,59.5,7.751077951751512
masticacion,Fp2,60.0,4.846201992613066
masticacion,Fp2,60.5,5.914305653297586
masticacion,Fp2,61.0,6.250767973332965
masticacion,Fp2,61.5,5.550022410434901
masticacion,Fp2,62.0,3.9164238069707116
masticacion,Fp2,62.5,3.662757963295046
masticacion,Fp2,63.0,3.2792881422464863
masticacion,Fp2,63.5,2.8875791063527005
masticacion,Fp2,64.0,2.3867719391162394
masticacion,Fp2,64.5,1.9454618345448353
masticacion,Fp2,65.0,1.6868264629439587
masticacion,Fp2,65.5,1.7876735489977877
masticacion,Fp2,66.0,1.586087454818019
masticacion,Fp2,66.5,1.4299066194472967
masticacion,Fp2,67.0,1.26851468432852
masticacion,Fp2,67.5,1.1015664142461588
masticacion,Fp2,68.0,1.0459069670948462
masticacion,Fp2,68.5,0.7948951993454401
masticacion,Fp2,69.0,0.42520618563997165
masticacion,Fp2,69.5,0.42365434684622005
masticacion,Fp2,70.0,0.3458051098736762
masticacion,Fp2,70.5,0.3040250190928521
masticacion,Fp2,71.0,0.37968081162833034
masticacion,Fp2,71.5,0.34943316894536286
masticacion,Fp2,72.0,0.24218939316574234
masticacion,Fp2,72.5,0.24778157204059642
masticacion,Fp2,73.0,0.20121512231675387
masticacion,Fp2,73.5,0.15653641385764663
masticacion,Fp2,74.0,0.1284147837346196
masticacion,Fp2,74.5,0.10700689771226071
masticacion,Fp2,75.0,0.09518068755805636
masticacion,Fp2,75.5,0.08730278074729665
masticacion,Fp2,76.0,0.08702422006797149
masticacion,Fp2,76.5,0.08887050621186235
masticacion,Fp2,77.0,0.08624514533119605
masticacion,Fp2,77.5,0.06389289081304422
masticacion,Fp2,78.0,0.04031548024471005
masticacion,Fp2,78.5,0.03170645354590892
masticacion,Fp2,79.0,0.047165751671144576
masticacion,Fp2,79.5,0.03516369202116685
masticacion,Fp2,80.0,0.0417853143846114
masticacion,Fp2,80.5,0.02122588891936483
masticacion,Fp2,81.0,0.025093117504117007
masticacion,Fp2,81.5,0.023223484027945815
masticacion,Fp2,82.0,0.017814620078670112
masticacion,Fp2,82.5,0.015531118843607975
masticacion,Fp2,83.0,0.011890050156054556
masticacion,Fp2,83.5,0.012235271469164328
masticacion,Fp2,84.0,0.01365643519584
masticacion,Fp2,84.5,0.010277136013081178
masticacion,Fp2,85.0,0.00959644630360403
masticacion,Fp2,85.5,0.0071929384198609015
masticacion,Fp2,86.0,0.0067858326012148786
masticacion,Fp2,86.5,0.006047145849153355
masticacion,Fp2,87.0,0.004695094475229888
masticacion,Fp2,87.5,0.004800846028955361
masticacion,Fp2,88.0,0.003959497332429579
masticacion,Fp2,88.5,0.0036839483293704843
masticacion,Fp2,89.0,0.003593132867612028
masticacion,Fp2,89.5,0.002895023952853905
masticacion,Fp2,90.0,0.0027321747469754927
masticacion,Fp2,90.5,0.002622632879529579
masticacion,Fp2,91.0,0.0025236476082767224
masticacion,Fp2,91.5,0.0028809923799698518
masticacion,Fp2,92.0,0.0028502415479691266
masticacion,Fp2,92.5,0.0029432265685338456
masticacion,Fp2,93.0,0.002026617887939463
masticacion,Fp2,93.5,0.0017510292367147625
masticacion,Fp2,94.0,0.0011315805205911991
masticacion,Fp2,94.5,0.0010838403581148641
masticacion,Fp2,95.0,0.0008558120409029012
masticacion,Fp2,95.5,0.0006995796973264141
masticacion,Fp2,96.0,0.0005526918606906505
masticacion,Fp2,96.5,0.0005771765224148236
masticacion,Fp2,97.0,0.0005641113696002354
masticacion,Fp2,97.5,0.0005211122485660606
masticacion,Fp2,98.0,0.0005008265280778938
masticacion,Fp2,98.5,0.0005263649044369444
masticacion,Fp2,99.0,0.0005448726532423857
masticacion,Fp2,99.5,0.0005053805201288453
masticacion,Fp2,100.0,0.0004579823019295904
masticacion,Fp2,100.5,0.00040845026319766
masticacion,Fp2,101.0,0.0003496971917171576
masticacion,Fp2,101.5,0.00039355952113258525
masticacion,Fp2,102.0,0.0003281165373905107
masticacion,Fp2,102.5,0.0003144523441130945
masticacion,Fp2,103.0,0.00024441686077595866
masticacion,Fp2,103.5,0.00020117087784842584
masticacion,Fp2,104.0,0.00018172565962196183
masticacion,Fp2,104.5,0.0001781615590540428
masticacion,Fp2,105.0,0.00019095218056902228
masticacion,Fp2,105.5,0.00016848799748317545
masticacion,Fp2,106.0,0.0001735106147664799
masticacion,Fp2,106.5,0.00014913406729348848
masticacion,Fp2,107.0,0.00015189546906147467
masticacion,Fp2,107.5,0.00013851747010323106
masticacion,Fp2,108.0,0.00014332499538123066
masticacion,Fp2,108.5,0.0001247613805933955
masticacion,Fp2,109.0,0.00010602258726209596
masticacion,Fp2,109.5,8.395813907870095e-05
masticacion,Fp2,110.0,7.663413149933037e-05
masticacion,Fp2,110.5,6.105835027608152e-05
masticacion,Fp2,111.0,4.4801082777701354e-05
masticacion,Fp2,111.5,4.695965899676213e-05
masticacion,Fp2,112.0,4.235586906216832e-05
masticacion,Fp2,112.5,3.5063135404178355e-05
masticacion,Fp2,113.0,3.241636219945371e-05
masticacion,Fp2,113.5,3.5061384790737714e-05
masticacion,Fp2,114.0,2.298615335535555e-05
masticacion,Fp2,114.5,2.3612295909770967e-05
masticacion,Fp2,115.0,2.22655959081312e-05
masticacion,Fp2,115.5,2.1433983876326073e-05
masticacion,Fp2,116.0,1.765550519713574e-05
masticacion,Fp2,116.5,2.0776688210829957e-05
masticacion,Fp2,117.0,1.569976373531648e-05
masticacion,Fp2,117.5,1.7827778362216197e-05
masticacion,Fp2,118.0,1.5457181113599847e-05
masticacion,Fp2,118.5,1.547872076964241e-05
masticacion,Fp2,119.0,1.4829155287478954e-05
masticacion,Fp2,119.5,1.1307736826543758e-05
masticacion,Fp2,120.0,1.2945432764315093e-05
masticacion,Fp2,120.5,9.449364726256448e-06
masticacion,Fp2,121.0,9.49183467902707e-06
masticacion,Fp2,121.5,6.808211741569809e-06
masticacion,Fp2,122.0,7.181954202639497e-06
masticacion,Fp2,122.5,6.101773510380392e-06
masticacion,Fp2,123.0,4.492323996956612e-06
masticacion,Fp2,123.5,5.154940713642868e-06
masticacion,Fp2,124.0,4.3063792856418884e-06
masticacion,Fp2,124.5,4.6196706641407645e-06
masticacion,Fp2,125.0,4.206445734915917e-06
masticacion,Fp2,125.5,3.3571863318830046e-06
masticacion,Fp2,126.0,3.4475184889481295e-06
masticacion,Fp2,126.5,3.488779670328957e-06
masticacion,Fp2,127.0,2.572026991018278e-06
masticacion,Fp2,127.5,2.7648367528807153e-06
masticacion,Fp2,128.0,2.5121929963996923e-06
masticacion,Fp2,128.5,2.0995652633936353e-06
masticacion,Fp2,129.0,1.9385299505798476e-06
masticacion,Fp2,129.5,1.954488949864993e-06
masticacion,Fp2,130.0,1.9633369916477006e-06
masticacion,Fp2,130.5,1.8968141841095576e-06
masticacion,Fp2,131.0,1.6853516685014331e-06
masticacion,Fp2,131.5,1.3340160772491993e-06
masticacion,Fp2,132.0,1.0396272446810898e-06
masticacion,Fp2,132.5,1.0558872427607868e-06
masticacion,Fp2,133.0,1.0232527163824614e-06
masticacion,Fp2,133.5,1.023131065677552e-06
masticacion,Fp2,134.0,7.998283603055024e-07
masticacion,Fp2,134.5,7.994532608676126e-07
masticacion,Fp2,135.0,5.994941965992427e-07
masticacion,Fp2,135.5,5.745912279122097e-07
masticacion,Fp2,136.0,5.438028912448982e-07
masticacion,Fp2,136.5,4.774483576605494e-07
masticacion,Fp2,137.0,5.162645338024506e-07
masticacion,Fp2,137.5,4.188701987192653e-07
masticacion,Fp2,138.0,3.034632717381176e-07
masticacion,Fp2,138.5,2.938951408977968e-07
masticacion,Fp2,139.0,2.394908460262866e-07
masticacion,Fp2,139.5,3.176381168678247e-07
masticacion,Fp2,140.0,2.676416474954679e-07
masticacion,Fp2,140.5,2.988471466744305e-07
masticacion,Fp2,141.0,3.292626839655519e-07
masticacion,Fp2,141.5,2.992299014147346e-07
masticacion,Fp2,142.0,3.689722775972205e-07
masticacion,Fp2,142.5,3.244264838141824e-07
masticacion,Fp2,143.0,3.203507163799765e-07
masticacion,Fp2,143.5,2.9283779722272077e-07
masticacion,Fp2,144.0,2.712944962974732e-07
masticacion,Fp2,144.5,2.694295682658742e-07
masticacion,Fp2,145.0,2.2561624414377933e-07
masticacion,Fp2,145.5,1.8410226718904302e-07
masticacion,Fp2,146.0,1.468811780820204e-07
masticacion,Fp2,146.5,1.7067338538109122e-07
masticacion,Fp2,147.0,1.3483468943491374e-07
masticacion,Fp2,147.5,1.2039133155968921e-07
masticacion,Fp2,148.0,1.1070528533845729e-07
masticacion,Fp2,148.5,9.704698641657529e-08
masticacion,Fp2,149.0,7.68015100405699e-08
masticacion,Fp2,149.5,7.680619995500551e-08
masticacion,Fp2,150.0,7.408801089919693e-08
masticacion,Fp2,150.5,5.998350235511874e-08
masticacion,Fp2,151.0,6.445697605862249e-08
masticacion,Fp2,151.5,5.790538274020109e-08
masticacion,Fp2,152.0,4.127294144296555e-08
masticacion,Fp2,152.5,4.4767628420393676e-08
masticacion,Fp2,153.0,3.341251671148201e-08
masticacion,Fp2,153.5,3.535634634113425e-08
masticacion,Fp2,154.0,2.926075154544915e-08
masticacion,Fp2,154.5,3.137731180273802e-08
masticacion,Fp2,155.0,3.370238819282048e-08
masticacion,Fp2,155.5,3.545609701549707e-08
masticacion,Fp2,156.0,4.4723806080378876e-08
masticacion,Fp2,156.5,3.695314515644665e-08
masticacion,Fp2,157.0,3.468988323681768e-08
masticacion,Fp2,157.5,3.160455125533657e-08
masticacion,Fp2,158.0,3.5546803626903134e-08
masticacion,Fp2,158.5,3.454259547019507e-08
masticacion,Fp2,159.0,3.362471619484635e-08
masticacion,Fp2,159.5,2.7515400124991484e-08
masticacion,Fp2,160.0,2.7333673465788464e-08
masticacion,Fp2,160.5,2.410750881857779e-08
masticacion,Fp2,161.0,2.1545468703781103e-08
masticacion,Fp2,161.5,2.291755935354264e-08
masticacion,Fp2,162.0,2.0481347790868626e-08
masticacion,Fp2,162.5,2.027265048803692e-08
masticacion,Fp2,163.0,2.2833221057869633e-08
masticacion,Fp2,163.5,1.7882642041659354e-08
masticacion,Fp2,164.0,2.132234439336517e-08
masticacion,Fp2,164.5,1.6060028661139644e-08
masticacion,Fp2,165.0,1.7670826111714266e-08
masticacion,Fp2,165.5,1.6295583430452785e-08
masticacion,Fp2,166.0,1.3875342682386893e-08
masticacion,Fp2,166.5,1.1819162483441628e-08
masticacion,Fp2,167.0,1.0596192677179951e-08
masticacion,Fp2,167.5,1.0068237198658158e-08
masticacion,Fp2,168.0,8.402876000472232e-09
masticacion,Fp2,168.5,6.328205983768169e-09
masticacion,Fp2,169.0,7.434921357384127e-09
masticacion,Fp2,169.5,6.614856941729974e-09
masticacion,Fp2,170.0,5.8943965185384794e-09
masticacion,Fp2,170.5,6.210770550002261e-09
masticacion,Fp2,171.0,5.064751547626572e-09
masticacion,Fp2,171.5,4.083957606556434e-09
masticacion,Fp2,172.0,5.0406023037208975e-09
masticacion,Fp2,172.5,5.0727868326615805e-09
masticacion,Fp2,173.0,3.9290353086054904e-09
masticacion,Fp2,173.5,4.035986750232032e-09
masticacion,Fp2,174.0,3.4465063689072755e-09
masticacion,Fp2,174.5,3.8508718898865504e-09
masticacion,Fp2,175.0,4.174574333176514e-09
masticacion,Fp2,175.5,3.688619747764889e-09
masticacion,Fp2,176.0,3.1641132800200946e-09
masticacion,Fp2,176.5,3.776279925947988e-09
masticacion,Fp2,177.0,2.8536614325212058e-09
masticacion,Fp2,177.5,3.3596562606548266e-09
masticacion,Fp2,178.0,3.556426895870822e-09
masticacion,Fp2,178.5,3.4287312184658046e-09
masticacion,Fp2,179.0,3.0176687380718624e-09
masticacion,Fp2,179.5,2.44352980986215e-09
masticacion,Fp2,180.0,2.3325363698608646e-09
masticacion,Fp2,180.5,1.633869463117485e-09
masticacion,Fp2,181.0,1.809325155651644e-09
masticacion,Fp2,181.5,1.3797902575134194e-09
masticacion,Fp2,182.0,1.2681410627483648e-09
masticacion,Fp2,182.5,1.387411140799998e-09
masticacion,Fp2,183.0,1.278517604244977e-09
masticacion,Fp2,183.5,1.1774420489370682e-09
masticacion,Fp2,184.0,1.3286804340312391e-09
masticacion,Fp2,184.5,1.0625345592279157e-09
masticacion,Fp2,185.0,1.3300083201842638e-09
masticacion,Fp2,185.5,1.0890090788972768e-09
masticacion,Fp2,186.0,1.3684828979786027e-09
masticacion,Fp2,186.5,1.0162232645964726e-09
masticacion,Fp2,187.0,1.0894062245663019e-09
masticacion,Fp2,187.5,1.201749330036772e-09
masticacion,Fp2,188.0,8.294363610294285e-10
masticacion,Fp2,188.5,1.0183795252437978e-09
masticacion,Fp2,189.0,6.667698823019428e-10
masticacion,Fp2,189.5,8.16747908698832e-10
masticacion,Fp2,190.0,7.391339267773318e-10
masticacion,Fp2,190.5,6.807708215365155e-10
masticacion,Fp2,191.0,7.217419414689147e-10
masticacion,Fp2,191.5,5.820422423489198e-10
masticacion,Fp2,192.0,6.56980649728575e-10
masticacion,Fp2,192.5,5.314414768292974e-10
masticacion,Fp2,193.0,5.31049304068413e-10
masticacion,Fp2,193.5,4.244960397481217e-10
masticacion,Fp2,194.0,3.603059449049408e-10
masticacion,Fp2,194.5,3.4966838340979277e-10
masticacion,Fp2,195.0,3.0314581396912177e-10
masticacion,Fp2,195.5,2.7325827854565e-10
masticacion,Fp2,196.0,2.119361676791778e-10
masticacion,Fp2,196.5,1.90755118901253e-10
masticacion,Fp2,197.0,1.6201829462152915e-10
masticacion,Fp2,197.5,1.3996423088387598e-10
masticacion,Fp2,198.0,1.7751991510773646e-10
masticacion,Fp2,198.5,1.5921031176427628e-10
masticacion,Fp2,199.0,1.4655509828847927e-10
masticacion,Fp2,199.5,2.5667498380725046e-10
masticacion,Fp2,200.0,1.7798818864239812e-10
masticacion,Fp2,200.5,2.1817158105185601e-10
masticacion,Fp2,201.0,1.5830221077171178e-10
masticacion,Fp2,201.5,1.893582624095403e-10
masticacion,Fp2,202.0,1.3512803459967543e-10
masticacion,Fp2,202.5,1.8085114428398802e-10
masticacion,Fp2,203.0,1.17424777919206e-10
masticacion,Fp2,203.5,1.3390736919928837e-10
masticacion,Fp2,204.0,1.1587780276817139e-10
masticacion,Fp2,204.5,1.1198837227336111e-10
masticacion,Fp2,205.0,9.667215812166504e-11
masticacion,Fp2,205.5,8.256891680883965e-11
masticacion,Fp2,206.0,8.240444878588819e-11
masticacion,Fp2,206.5,7.705160121134804e-11
masticacion,Fp2,207.0,7.042459831256882e-11
masticacion,Fp2,207.5,6.693544240885235e-11
masticacion,Fp2,208.0,5.88767047536209e-11
masticacion,Fp2,208.5,5.788817949877142e-11
masticacion,Fp2,209.0,4.378905553759359e-11
masticacion,Fp2,209.5,4.8280277021819084e-11
masticacion,Fp2,210.0,3.7023300065342794e-11
masticacion,Fp2,210.5,3.2306583536142744e-11
masticacion,Fp2,211.0,3.955334904789177e-11
masticacion,Fp2,211.5,3.1014917823290795e-11
masticacion,Fp2,212.0,3.723204667145371e-11
masticacion,Fp2,212.5,3.8358071385720816e-11
masticacion,Fp2,213.0,3.541647857678735e-11
masticacion,Fp2,213.5,3.665444481925529e-11
masticacion,Fp2,214.0,3.581090322877346e-11
masticacion,Fp2,214.5,2.3304369619336034e-11
masticacion,Fp2,215.0,3.132022334374811e-11
masticacion,Fp2,215.5,2.8913044823905636e-11
masticacion,Fp2,216.0,3.078655378889822e-11
masticacion,Fp2,216.5,2.922550169399902e-11
masticacion,Fp2,217.0,2.5933361886072715e-11
masticacion,Fp2,217.5,2.956677062045275e-11
masticacion,Fp2,218.0,1.874511638919722e-11
masticacion,Fp2,218.5,1.9072897023604872e-11
masticacion,Fp2,219.0,2.0058840312544484e-11
masticacion,Fp2,219.5,1.2839469560713947e-11
masticacion,Fp2,220.0,1.9130757899211633e-11
masticacion,Fp2,220.5,1.3896811354470226e-11
masticacion,Fp2,221.0,1.3696256328801021e-11
masticacion,Fp2,221.5,1.4915460432914388e-11
masticacion,Fp2,222.0,1.4236731742351707e-11
masticacion,Fp2,222.5,1.2034567014590895e-11
masticacion,Fp2,223.0,1.1908128244795649e-11
masticacion,Fp2,223.5,1.1673715528091543e-11
masticacion,Fp2,224.0,1.3427180293938748e-11
masticacion,Fp2,224.5,9.39528773796114e-12
masticacion,Fp2,225.0,1.0003278626692148e-11
masticacion,Fp2,225.5,1.1630622270360159e-11
masticacion,Fp2,226.0,7.978387497719708e-12
masticacion,Fp2,226.5,1.1655742240420009e-11
masticacion,Fp2,227.0,9.823040660149305e-12
masticacion,Fp2,227.5,1.3175564483362886e-11
masticacion,Fp2,228.0,1.2894752181216861e-11
masticacion,Fp2,228.5,9.723845590919901e-12
masticacion,Fp2,229.0,9.423124189085842e-12
masticacion,Fp2,229.5,1.1712645976974566e-11
masticacion,Fp2,230.0,7.57024751390639e-12
masticacion,Fp2,230.5,8.191336624467166e-12
masticacion,Fp2,231.0,7.468728043874421e-12
masticacion,Fp2,231.5,8.889401772473082e-12
masticacion,Fp2,232.0,5.740944891339148e-12
masticacion,Fp2,232.5,7.050332517694629e-12
masticacion,Fp2,233.0,7.255194859889977e-12
masticacion,Fp2,233.5,4.5588868977495966e-12
masticacion,Fp2,234.0,7.057805109273173e-12
masticacion,Fp2,234.5,6.1577651358911175e-12
masticacion,Fp2,235.0,6.71550531663496e-12
masticacion,Fp2,235.5,4.718734650111134e-12
masticacion,Fp2,236.0,5.5665206224735815e-12
masticacion,Fp2,236.5,5.064147914561715e-12
masticacion,Fp2,237.0,4.772754030064614e-12
masticacion,Fp2,237.5,5.202312406041223e-12
masticacion,Fp2,238.0,4.951142520107915e-12
masticacion,Fp2,238.5,5.628739992607301e-12
masticacion,Fp2,239.0,5.053687651094868e-12
masticacion,Fp2,239.5,5.378576899137146e-12
masticacion,Fp2,240.0,4.596079858240051e-12
masticacion,Fp2,240.5,4.0546689647288534e-12
masticacion,Fp2,241.0,4.718295684812845e-12
masticacion,Fp2,241.5,3.900347687669932e-12
masticacion,Fp2,242.0,4.025856413658137e-12
masticacion,Fp2,242.5,2.9346188682736096e-12
masticacion,Fp2,243.0,3.5835179913824462e-12
masticacion,Fp2,243.5,3.446574602383651e-12
masticacion,Fp2,244.0,3.07110712553912e-12
masticacion,Fp2,244.5,3.2128107455667226e-12
masticacion,Fp2,245.0,3.132858348760631e-12
masticacion,Fp2,245.5,2.950351897950042e-12
masticacion,Fp2,246.0,3.150047460075696e-12
masticacion,Fp2,246.5,2.5768010526588803e-12
masticacion,Fp2,247.0,2.8848380581164833e-12
masticacion,Fp2,247.5,2.9954651172151334e-12
masticacion,Fp2,248.0,2.657964815981022e-12
masticacion,Fp2,248.5,2.9439132815663237e-12
masticacion,Fp2,249.0,2.6698941468070748e-12
masticacion,Fp2,249.5,2.2877168685315757e-12
masticacion,Fp2,250.0,2.768854738377759e-12
masticacion,Fp2,250.5,2.6033971915088985e-12
masticacion,Fp2,251.0,2.1881630940380885e-12
masticacion,Fp2,251.5,2.765371556854773e-12
masticacion,Fp2,252.0,2.115111522069833e-12
masticacion,Fp2,252.5,2.8306755927870296e-12
masticacion,Fp2,253.0,2.1844420450560605e-12
masticacion,Fp2,253.5,2.4402727174752495e-12
masticacion,Fp2,254.0,2.5133506518323553e-12
masticacion,Fp2,254.5,2.093205201784712e-12
masticacion,Fp2,255.0,2.2807473119037623e-12
masticacion,Fp2,255.5,2.075947375247259e-12
masticacion,Fp2,256.0,2.2423514460616906e-12
masticacion,Fp2,256.5,1.8852885871310422e-12
masticacion,Fp2,257.0,1.9883993572170494e-12
masticacion,Fp2,257.5,1.9765523006152412e-12
masticacion,Fp2,258.0,1.8642999476538226e-12
masticacion,Fp2,258.5,1.961591489329173e-12
masticacion,Fp2,259.0,1.9096373714648013e-12
masticacion,Fp2,259.5,1.9194807558147076e-12
masticacion,Fp2,260.0,1.6338401179508736e-12
masticacion,Fp2,260.5,1.8512702576036475e-12
masticacion,Fp2,261.0,1.8367062524782836e-12
masticacion,Fp2,261.5,1.6190359517488426e-12
masticacion,Fp2,262.0,1.770801956227651e-12
masticacion,Fp2,262.5,1.6797024192548318e-12
masticacion,Fp2,263.0,1.6245866325844032e-12
masticacion,Fp2,263.5,1.8191909694433425e-12
masticacion,Fp2,264.0,1.4914168178775887e-12
masticacion,Fp2,264.5,1.6445406312116623e-12
masticacion,Fp2,265.0,1.5443009048645728e-12
masticacion,Fp2,265.5,1.5704241849031564e-12
masticacion,Fp2,266.0,1.5601545314729235e-12
masticacion,Fp2,266.5,1.5154557309870756e-12
masticacion,Fp2,267.0,1.4314624819243748e-12
masticacion,Fp2,267.5,1.5119449917017e-12
masticacion,Fp2,268.0,1.4970203258680473e-12
masticacion,Fp2,268.5,1.2688600164402172e-12
masticacion,Fp2,269.0,1.4951553579446665e-12
masticacion,Fp2,269.5,1.4029016623350065e-12
masticacion,Fp2,270.0,1.373156105620024e-12
masticacion,Fp2,270.5,1.3105974307455679e-12
masticacion,Fp2,271.0,1.3754261186811119e-12
masticacion,Fp2,271.5,1.3461747888367522e-12
masticacion,Fp2,272.0,1.2910037319535601e-12
masticacion,Fp2,272.5,1.280129619149986e-12
masticacion,Fp2,273.0,1.2855958915730017e-12
masticacion,Fp2,273.5,1.234131271031317e-12
masticacion,Fp2,274.0,1.2570979210663949e-12
masticacion,Fp2,274.5,1.2524477594969534e-12
masticacion,Fp2,275.0,1.1867901142506346e-12
masticacion,Fp2,275.5,1.2007506796656764e-12
masticacion,Fp2,276.0,1.1229779236271144e-12
masticacion,Fp2,276.5,1.2221374138504852e-12
masticacion,Fp2,277.0,1.1967487700767751e-12
masticacion,Fp2,277.5,1.0503236377218027e-12
masticacion,Fp2,278.0,1.175231499304177e-12
masticacion,Fp2,278.5,1.1233017954241298e-12
masticacion,Fp2,279.0,1.106337571965704e-12
masticacion,Fp2,279.5,1.0648732607611498e-12
masticacion,Fp2,280.0,1.0521430512402074e-12
masticacion,Fp2,280.5,1.0856368739520345e-12
masticacion,Fp2,281.0,1.032292396478681e-12
masticacion,Fp2,281.5,1.0484403757890888e-12
masticacion,Fp2,282.0,9.895220557290893e-13
masticacion,Fp2,282.5,9.897412264709968e-13
masticacion,Fp2,283.0,1.0405323612375065e-12
masticacion,Fp2,283.5,9.666794728768616e-13
masticacion,Fp2,284.0,9.470113329319264e-13
masticacion,Fp2,284.5,9.876812822592797e-13
masticacion,Fp2,285.0,9.542457082670361e-13
masticacion,Fp2,285.5,9.088106254918673e-13
masticacion,Fp2,286.0,9.397952320027856e-13
masticacion,Fp2,286.5,9.227254523242869e-13
masticacion,Fp2,287.0,8.908292813686148e-13
masticacion,Fp2,287.5,9.022475940639852e-13
masticacion,Fp2,288.0,8.997280099294415e-13
masticacion,Fp2,288.5,8.522179267806003e-13
masticacion,Fp2,289.0,8.563875009344305e-13
masticacion,Fp2,289.5,8.666556604140318e-13
masticacion,Fp2,290.0,8.342196474433164e-13
masticacion,Fp2,290.5,8.380211449004529e-13
masticacion,Fp2,291.0,8.179420514068712e-13
masticacion,Fp2,291.5,8.108027090894225e-13
masticacion,Fp2,292.0,8.103970201016294e-13
masticacion,Fp2,292.5,7.933075910509655e-13
masticacion,Fp2,293.0,7.755294675444195e-13
masticacion,Fp2,293.5,7.836963889475278e-13
masticacion,Fp2,294.0,7.671673490788117e-13
masticacion,Fp2,294.5,7.602101146345929e-13
masticacion,Fp2,295.0,7.44601649188018e-13
masticacion,Fp2,295.5,7.441844964777702e-13
masticacion,Fp2,296.0,7.292010721852425e-13
masticacion,Fp2,296.5,7.246183867174235e-13
masticacion,Fp2,297.0,7.146186367711496e-13
masticacion,Fp2,297.5,7.13810449873038e-13
masticacion,Fp2,298.0,7.003687549066178e-13
masticacion,Fp2,298.5,6.863028482273826e-13
masticacion,Fp2,299.0,6.842757737893877e-13
masticacion,Fp2,299.5,6.838725240331846e-13
masticacion,Fp2,300.0,6.650312170141242e-13
masticacion,Fp2,300.5,6.58406442425584e-13
masticacion,Fp2,301.0,6.579647583779643e-13
masticacion,Fp2,301.5,6.509638674556174e-13
masticacion,Fp2,302.0,6.322427867235289e-13
masticacion,Fp2,302.5,6.349396454462323e-13
masticacion,Fp2,303.0,6.267950322852864e-13
masticacion,Fp2,303.5,6.182257953058034e-13
masticacion,Fp2,304.0,6.121088439615959e-13
masticacion,Fp2,304.5,6.023152060870598e-13
masticacion,Fp2,305.0,5.998038548491155e-13
masticacion,Fp2,305.5,5.893363864969863e-13
masticacion,Fp2,306.0,5.888955413113147e-13
masticacion,Fp2,306.5,5.741120025007046e-13
masticacion,Fp2,307.0,5.759382595422801e-13
masticacion,Fp2,307.5,5.61264152269151e-13
masticacion,Fp2,308.0,5.61052914299728e-13
masticacion,Fp2,308.5,5.565548791852247e-13
masticacion,Fp2,309.0,5.46408646814487e-13
masticacion,Fp2,309.5,5.364014496694454e-13
masticacion,Fp2,310.0,5.358424216004508e-13
masticacion,Fp2,310.5,5.314914699148951e-13
masticacion,Fp2,311.0,5.232542025603146e-13
masticacion,Fp2,311.5,5.165634827635964e-13
masticacion,Fp2,312.0,5.112000510274712e-13
masticacion,Fp2,312.5,5.063554694510768e-13
masticacion,Fp2,313.0,5.006787584459217e-13
masticacion,Fp2,313.5,4.950008264085092e-13
masticacion,Fp2,314.0,4.91835157604457e-13
masticacion,Fp2,314.5,4.816325200799008e-13
masticacion,Fp2,315.0,4.780758710094173e-13
masticacion,Fp2,315.5,4.756155779255946e-13
masticacion,Fp2,316.0,4.68247388388086e-13
masticacion,Fp2,316.5,4.63340871438429e-13
masticacion,Fp2,317.0,4.588075350804887e-13
masticacion,Fp2,317.5,4.5340066358780324e-13
masticacion,Fp2,318.0,4.465221618515179e-13
masticacion,Fp2,318.5,4.4649562946749365e-13
masticacion,Fp2,319.0,4.353059109255754e-13
masticacion,Fp2,319.5,4.3521060274777854e-13
masticacion,Fp2,320.0,4.2967847941052023e-13
masticacion,Fp2,320.5,4.2317567826384775e-13
masticacion,Fp2,321.0,4.2115017051276684e-13
masticacion,Fp2,321.5,4.1271995796285993e-13
masticacion,Fp2,322.0,4.1284692608811287e-13
masticacion,Fp2,322.5,4.056171000424013e-13
masticacion,Fp2,323.0,4.014151991923257e-13
masticacion,Fp2,323.5,3.9642987947924e-13
masticacion,Fp2,324.0,3.933610408013446e-13
masticacion,Fp2,324.5,3.900391645011028e-13
masticacion,Fp2,325.0,3.839353455799187e-13
masticacion,Fp2,325.5,3.7953758702165185e-13
masticacion,Fp2,326.0,3.7636866613568707e-13
masticacion,Fp2,326.5,3.728319902430773e-13
masticacion,Fp2,327.0,3.6787159900917343e-13
masticacion,Fp2,327.5,3.6311671142431285e-13
masticacion,Fp2,328.0,3.6104195127495877e-13
masticacion,Fp2,328.5,3.55229946353401e-13
masticacion,Fp2,329.0,3.5331214632507076e-13
masticacion,Fp2,329.5,3.4815791282021827e-13
masticacion,Fp2,330.0,3.444726775323467e-13
masticacion,Fp2,330.5,3.405927465794192e-13
masticacion,Fp2,331.0,3.3754797012795e-13
masticacion,Fp2,331.5,3.338291701324915e-13
masticacion,Fp2,332.0,3.2967205040680703e-13
masticacion,Fp2,332.5,3.262511810956923e-13
masticacion,Fp2,333.0,3.2271224103437895e-13
masticacion,Fp2,333.5,3.1914479805353904e-13
masticacion,Fp2,334.0,3.164401079089571e-13
masticacion,Fp2,334.5,3.1243588035343913e-13
masticacion,Fp2,335.0,3.091479038868848e-13
masticacion,Fp2,335.5,3.050519906410771e-13
masticacion,Fp2,336.0,3.0234014901125056e-13
masticacion,Fp2,336.5,2.995742992689528e-13
masticacion,Fp2,337.0,2.9577418534196243e-13
masticacion,Fp2,337.5,2.922553265142777e-13
masticacion,Fp2,338.0,2.8922930705918406e-13
masticacion,Fp2,338.5,2.8722579040244815e-13
masticacion,Fp2,339.0,2.8246347472066794e-13
masticacion,Fp2,339.5,2.801701447715249e-13
masticacion,Fp2,340.0,2.7768452288237666e-13
masticacion,Fp2,340.5,2.733072168593413e-13
masticacion,Fp2,341.0,2.7187609403803527e-13
masticacion,Fp2,341.5,2.675230241037757e-13
masticacion,Fp2,342.0,2.6543073345713404e-13
masticacion,Fp2,342.5,2.623599509970625e-13
masticacion,Fp2,343.0,2.5957505690545053e-13
masticacion,Fp2,343.5,2.563595087955774e-13
masticacion,Fp2,344.0,2.5399237021466773e-13
masticacion,Fp2,344.5,2.515599739307502e-13
masticacion,Fp2,345.0,2.481797049842804e-13
masticacion,Fp2,345.5,2.456455254149634e-13
masticacion,Fp2,346.0,2.4307806933944965e-13
masticacion,Fp2,346.5,2.402073689383589e-13
masticacion,Fp2,347.0,2.3788281531861955e-13
masticacion,Fp2,347.5,2.351344222398119e-13
masticacion,Fp2,348.0,2.3266960410622476e-13
masticacion,Fp2,348.5,2.3010823973690045e-13
masticacion,Fp2,349.0,2.274493228316555e-13
masticacion,Fp2,349.5,2.2522008905069036e-13
masticacion,Fp2,350.0,2.2234038713437298e-13
masticacion,Fp2,350.5,2.203693566507871e-13
masticacion,Fp2,351.0,2.17905180325336e-13
masticacion,Fp2,351.5,2.1535567747950527e-13
masticacion,Fp2,352.0,2.1303915153199015e-13
masticacion,Fp2,352.5,2.1066030074742176e-13
masticacion,Fp2,353.0,2.084840879454924e-13
masticacion,Fp2,353.5,2.0603636186654098e-13
masticacion,Fp2,354.0,2.0378231648518558e-13
masticacion,Fp2,354.5,2.0190776314275649e-13
masticacion,Fp2,355.0,1.994030883103006e-13
masticacion,Fp2,355.5,1.9703729427677237e-13
masticacion,Fp2,356.0,1.9516367814315011e-13
masticacion,Fp2,356.5,1.9299988877504345e-13
masticacion,Fp2,357.0,1.9086220236236203e-13
masticacion,Fp2,357.5,1.8846590948309948e-13
masticacion,Fp2,358.0,1.8677845098094185e-13
masticacion,Fp2,358.5,1.8458637639221626e-13
masticacion,Fp2,359.0,1.8249694736977667e-13
masticacion,Fp2,359.5,1.806223001882137e-13
masticacion,Fp2,360.0,1.7847932532924088e-13
masticacion,Fp2,360.5,1.7655513976029392e-13
masticacion,Fp2,361.0,1.745615444282926e-13
masticacion,Fp2,361.5,1.7274756971369705e-13
masticacion,Fp2,362.0,1.7073044790814437e-13
masticacion,Fp2,362.5,1.689379253883349e-13
masticacion,Fp2,363.0,1.6691021660801936e-13
masticacion,Fp2,363.5,1.6519590050630842e-13
masticacion,Fp2,364.0,1.6326528266411463e-13
masticacion,Fp2,364.5,1.615088567813166e-13
masticacion,Fp2,365.0,1.5972075460738448e-13
masticacion,Fp2,365.5,1.578742825301045e-13
masticacion,Fp2,366.0,1.5618132155545358e-13
masticacion,Fp2,366.5,1.5437146343292588e-13
masticacion,Fp2,367.0,1.5269747064569566e-13
masticacion,Fp2,367.5,1.5101489749260395e-13
masticacion,Fp2,368.0,1.49241046228854e-13
masticacion,Fp2,368.5,1.4762907451711082e-13
masticacion,Fp2,369.0,1.4594355988830918e-13
masticacion,Fp2,369.5,1.443071039203441e-13
masticacion,Fp2,370.0,1.4274170631188305e-13
masticacion,Fp2,370.5,1.4102878351087776e-13
masticacion,Fp2,371.0,1.3950156823420996e-13
masticacion,Fp2,371.5,1.3793306748570349e-13
masticacion,Fp2,372.0,1.3637213097369274e-13
masticacion,Fp2,372.5,1.3477367234653578e-13
masticacion,Fp2,373.0,1.3329835828234602e-13
masticacion,Fp2,373.5,1.3181411631567503e-13
masticacion,Fp2,374.0,1.302691401392087e-13
masticacion,Fp2,374.5,1.2877083061937544e-13
masticacion,Fp2,375.0,1.2735358268459516e-13
masticacion,Fp2,375.5,1.258910644004493e-13
masticacion,Fp2,376.0,1.244404053156757e-13
masticacion,Fp2,376.5,1.2300054464614434e-13
masticacion,Fp2,377.0,1.216277516206591e-13
masticacion,Fp2,377.5,1.20228758947994e-13
masticacion,Fp2,378.0,1.1882551125568132e-13
masticacion,Fp2,378.5,1.1745832549846372e-13
masticacion,Fp2,379.0,1.161350489577243e-13
masticacion,Fp2,379.5,1.1477771445283775e-13
masticacion,Fp2,380.0,1.1344311572266318e-13
masticacion,Fp2,380.5,1.1215610921523185e-13
masticacion,Fp2,381.0,1.1082536991786198e-13
masticacion,Fp2,381.5,1.0955396248436599e-13
masticacion,Fp2,382.0,1.0829955218945132e-13
masticacion,Fp2,382.5,1.0699987391950149e-13
masticacion,Fp2,383.0,1.0577847441652115e-13
masticacion,Fp2,383.5,1.0454356958791717e-13
masticacion,Fp2,384.0,1.032991724541646e-13
masticacion,Fp2,384.5,1.0211148939154954e-13
masticacion,Fp2,385.0,1.0089734128267948e-13
masticacion,Fp2,385.5,9.971268286760885e-14
masticacion,Fp2,386.0,9.853564866660389e-14
masticacion,Fp2,386.5,9.738182682877487e-14
masticacion,Fp2,387.0,9.622564713747384e-14
masticacion,Fp2,387.5,9.507455169938961e-14
masticacion,Fp2,388.0,9.395122144003428e-14
masticacion,Fp2,388.5,9.283827760154606e-14
masticacion,Fp2,389.0,9.172355143258683e-14
masticacion,Fp2,389.5,9.063944705317907e-14
masticacion,Fp2,390.0,8.954023184056232e-14
masticacion,Fp2,390.5,8.847283350346226e-14
masticacion,Fp2,391.0,8.741327031549527e-14
masticacion,Fp2,391.5,8.635228277856436e-14
masticacion,Fp2,392.0,8.53087625071172e-14
masticacion,Fp2,392.5,8.428522597259828e-14
masticacion,Fp2,393.0,8.325977323995941e-14
masticacion,Fp2,393.5,8.224623113714947e-14
masticacion,Fp2,394.0,8.124203103112398e-14
masticacion,Fp2,394.5,8.025546559308593e-14
masticacion,Fp2,395.0,7.926937121851188e-14
masticacion,Fp2,395.5,7.829945940995052e-14
masticacion,Fp2,396.0,7.734049174747953e-14
masticacion,Fp2,396.5,7.637881621391552e-14
masticacion,Fp2,397.0,7.543974575474802e-14
masticacion,Fp2,397.5,7.450798061423159e-14
masticacion,Fp2,398.0,7.358163444411988e-14
masticacion,Fp2,398.5,7.26624400683619e-14
masticacion,Fp2,399.0,7.175998965132616e-14
masticacion,Fp2,399.5,7.086053577479651e-14
masticacion,Fp2,400.0,6.997313469730073e-14
masticacion,Fp2,400.5,6.909273166939498e-14
masticacion,Fp2,401.0,6.822171047139411e-14
masticacion,Fp2,401.5,6.735744015833849e-14
masticacion,Fp2,402.0,6.650645621199655e-14
masticacion,Fp2,402.5,6.566030716225884e-14
masticacion,Fp2,403.0,6.482259629324617e-14
masticacion,Fp2,403.5,6.399363434147283e-14
masticacion,Fp2,404.0,6.317588695977302e-14
masticacion,Fp2,404.5,6.2361622934578e-14
masticacion,Fp2,405.0,6.155748867175237e-14
masticacion,Fp2,405.5,6.076222684871917e-14
masticacion,Fp2,406.0,5.997359151566026e-14
masticacion,Fp2,406.5,5.919479705990299e-14
masticacion,Fp2,407.0,5.842076129240573e-14
masticacion,Fp2,407.5,5.765662146539162e-14
masticacion,Fp2,408.0,5.690003291261905e-14
masticacion,Fp2,408.5,5.615012097188758e-14
masticacion,Fp2,409.0,5.540820761658486e-14
masticacion,Fp2,409.5,5.467421413068939e-14
masticacion,Fp2,410.0,5.394686067487862e-14
masticacion,Fp2,410.5,5.322653621288814e-14
masticacion,Fp2,411.0,5.2514200897759294e-14
masticacion,Fp2,411.5,5.180911872217252e-14
masticacion,Fp2,412.0,5.1110639332831934e-14
masticacion,Fp2,412.5,5.0418963994659177e-14
masticacion,Fp2,413.0,4.973526069754524e-14
masticacion,Fp2,413.5,4.90571579259747e-14
masticacion,Fp2,414.0,4.8387079450954544e-14
masticacion,Fp2,414.5,4.7723176603023136e-14
masticacion,Fp2,415.0,4.706615939933694e-14
masticacion,Fp2,415.5,4.6415821466732534e-14
masticacion,Fp2,416.0,4.577125713955697e-14
masticacion,Fp2,416.5,4.5135009340119266e-14
masticacion,Fp2,417.0,4.4503238227682704e-14
masticacion,Fp2,417.5,4.387980927176351e-14
masticacion,Fp2,418.0,4.3260994311769866e-14
masticacion,Fp2,418.5,4.2649514101652224e-14
masticacion,Fp2,419.0,4.204448782732796e-14
masticacion,Fp2,419.5,4.144455283696995e-14
masticacion,Fp2,420.0,4.085163401050402e-14
masticacion,Fp2,420.5,4.0264721853676935e-14
masticacion,Fp2,421.0,3.968385304243798e-14
masticacion,Fp2,421.5,3.910857475821727e-14
masticacion,Fp2,422.0,3.85394840830904e-14
masticacion,Fp2,422.5,3.7976302272888213e-14
masticacion,Fp2,423.0,3.74189396840272e-14
masticacion,Fp2,423.5,3.686739159870921e-14
masticacion,Fp2,424.0,3.6321413658396073e-14
masticacion,Fp2,424.5,3.578117723264823e-14
masticacion,Fp2,425.0,3.5246592258168776e-14
masticacion,Fp2,425.5,3.471765875345401e-14
masticacion,Fp2,426.0,3.4194170667004846e-14
masticacion,Fp2,426.5,3.367617582050384e-14
masticacion,Fp2,427.0,3.316359133933292e-14
masticacion,Fp2,427.5,3.26565370497797e-14
masticacion,Fp2,428.0,3.21546648138677e-14
masticacion,Fp2,428.5,3.165823630095492e-14
masticacion,Fp2,429.0,3.116695788738161e-14
masticacion,Fp2,429.5,3.0680935180765044e-14
masticacion,Fp2,430.0,3.020016117823486e-14
masticacion,Fp2,430.5,2.9724387914600737e-14
masticacion,Fp2,431.0,2.925378527130601e-14
masticacion,Fp2,431.5,2.878826471301929e-14
masticacion,Fp2,432.0,2.8327629702481073e-14
masticacion,Fp2,432.5,2.7872139312604317e-14
masticacion,Fp2,433.0,2.7421389038401945e-14
masticacion,Fp2,433.5,2.6975672528611192e-14
masticacion,Fp2,434.0,2.6534678982329732e-14
masticacion,Fp2,434.5,2.6098608699536293e-14
masticacion,Fp2,435.0,2.5667259412372883e-14
masticacion,Fp2,435.5,2.5240630563037883e-14
masticacion,Fp2,436.0,2.4818762919030027e-14
masticacion,Fp2,436.5,2.4401439089638667e-14
masticacion,Fp2,437.0,2.3988867294408118e-14
masticacion,Fp2,437.5,2.358083679440666e-14
masticacion,Fp2,438.0,2.3177312304236398e-14
masticacion,Fp2,438.5,2.2778379682847766e-14
masticacion,Fp2,439.0,2.238389344174005e-14
masticacion,Fp2,439.5,2.1993855901222936e-14
masticacion,Fp2,440.0,2.1608241470077528e-14
masticacion,Fp2,440.5,2.1227015970973913e-14
masticacion,Fp2,441.0,2.0850151192913115e-14
masticacion,Fp2,441.5,2.047756305973882e-14
masticacion,Fp2,442.0,2.010930785823441e-14
masticacion,Fp2,442.5,1.9745289658639184e-14
masticacion,Fp2,443.0,1.9385500108707048e-14
masticacion,Fp2,443.5,1.902988567657706e-14
masticacion,Fp2,444.0,1.867845862991129e-14
masticacion,Fp2,444.5,1.8331149800428077e-14
masticacion,Fp2,445.0,1.7987952311462825e-14
masticacion,Fp2,445.5,1.7648823491215503e-14
masticacion,Fp2,446.0,1.7313745872053033e-14
masticacion,Fp2,446.5,1.6982673117491402e-14
masticacion,Fp2,447.0,1.665560975526006e-14
masticacion,Fp2,447.5,1.633249489575291e-14
masticacion,Fp2,448.0,1.601331480653437e-14
masticacion,Fp2,448.5,1.5698044503020612e-14
masticacion,Fp2,449.0,1.5386655682825082e-14
masticacion,Fp2,449.5,1.5079120025421574e-14
masticacion,Fp2,450.0,1.4775409020152523e-14
masticacion,Fp2,450.5,1.4475511558461894e-14
masticacion,Fp2,451.0,1.4179385640173328e-14
masticacion,Fp2,451.5,1.3887009928858296e-14
masticacion,Fp2,452.0,1.3598369253012731e-14
masticacion,Fp2,452.5,1.3313429772635865e-14
masticacion,Fp2,453.0,1.3032171089091072e-14
masticacion,Fp2,453.5,1.275457175898537e-14
masticacion,Fp2,454.0,1.2480604681515011e-14
masticacion,Fp2,454.5,1.2210248863109893e-14
masticacion,Fp2,455.0,1.1943484400853812e-14
masticacion,Fp2,455.5,1.1680283625817614e-14
masticacion,Fp2,456.0,1.1420629528073268e-14
masticacion,Fp2,456.5,1.116449883751564e-14
masticacion,Fp2,457.0,1.0911868021032929e-14
masticacion,Fp2,457.5,1.066272124517793e-14
masticacion,Fp2,458.0,1.0417033304188125e-14
masticacion,Fp2,458.5,1.0174785944386156e-14
masticacion,Fp2,459.0,9.935958055654427e-15
masticacion,Fp2,459.5,9.700532325638375e-15
masticacion,Fp2,460.0,9.468486026879114e-15
masticacion,Fp2,460.5,9.239802862951245e-15
masticacion,Fp2,461.0,9.014462178945248e-15
masticacion,Fp2,461.5,8.792446300155588e-15
masticacion,Fp2,462.0,8.573737029949945e-15
masticacion,Fp2,462.5,8.358315783011834e-15
masticacion,Fp2,463.0,8.146165985053058e-15
masticacion,Fp2,463.5,7.937268373342896e-15
masticacion,Fp2,464.0,7.731608349995073e-15
masticacion,Fp2,464.5,7.52916691364314e-15
masticacion,Fp2,465.0,7.32992836028667e-15
masticacion,Fp2,465.5,7.133876985414954e-15
masticacion,Fp2,466.0,6.940995802753601e-15
masticacion,Fp2,466.5,6.751269784260493e-15
masticacion,Fp2,467.0,6.564683101496635e-15
masticacion,Fp2,467.5,6.381220419261663e-15
masticacion,Fp2,468.0,6.200867391147004e-15
masticacion,Fp2,468.5,6.023608746274899e-15
masticacion,Fp2,469.0,5.849430315564812e-15
masticacion,Fp2,469.5,5.6783178256698154e-15
masticacion,Fp2,470.0,5.5102578738950395e-15
masticacion,Fp2,470.5,5.3452363076020994e-15
masticacion,Fp2,471.0,5.183239906537196e-15
masticacion,Fp2,471.5,5.02425583954381e-15
masticacion,Fp2,472.0,4.868270735240144e-15
masticacion,Fp2,472.5,4.7152719212750456e-15
masticacion,Fp2,473.0,4.565247846193789e-15
masticacion,Fp2,473.5,4.4181855703283296e-15
masticacion,Fp2,474.0,4.274073299494452e-15
masticacion,Fp2,474.5,4.1329001353076815e-15
masticacion,Fp2,475.0,3.9946537563568254e-15
masticacion,Fp2,475.5,3.859323724578457e-15
masticacion,Fp2,476.0,3.726898613330238e-15
masticacion,Fp2,476.5,3.5973679815113895e-15
masticacion,Fp2,477.0,3.4707214895353687e-15
masticacion,Fp2,477.5,3.3469487936022847e-15
masticacion,Fp2,478.0,3.2260401683351345e-15
masticacion,Fp2,478.5,3.1079854547111557e-15
masticacion,Fp2,479.0,2.992775757962195e-15
masticacion,Fp2,479.5,2.8804015940297407e-15
masticacion,Fp2,480.0,2.770853821821979e-15
masticacion,Fp2,480.5,2.6641236351245676e-15
masticacion,Fp2,481.0,2.560202675962557e-15
masticacion,Fp2,481.5,2.459082397419942e-15
masticacion,Fp2,482.0,2.3607548904105357e-15
masticacion,Fp2,482.5,2.265212256843281e-15
masticacion,Fp2,483.0,2.172446675675582e-15
masticacion,Fp2,483.5,2.0824508461566377e-15
masticacion,Fp2,484.0,1.9952178241915818e-15
masticacion,Fp2,484.5,1.910740198598955e-15
masticacion,Fp2,485.0,1.8290114613948858e-15
masticacion,Fp2,485.5,1.7500249967488712e-15
masticacion,Fp2,486.0,1.6737746645789214e-15
masticacion,Fp2,486.5,1.600254110411012e-15
masticacion,Fp2,487.0,1.5294576102747644e-15
masticacion,Fp2,487.5,1.4613795654881396e-15
masticacion,Fp2,488.0,1.3960145156760506e-15
masticacion,Fp2,488.5,1.3333571366041107e-15
masticacion,Fp2,489.0,1.2734026852386149e-15
masticacion,Fp2,489.5,1.2161460486513054e-15
masticacion,Fp2,490.0,1.1615829547386292e-15
masticacion,Fp2,490.5,1.1097088980445915e-15
masticacion,Fp2,491.0,1.0605198135407779e-15
masticacion,Fp2,491.5,1.0140117223790861e-15
masticacion,Fp2,492.0,9.701810302993285e-16
masticacion,Fp2,492.5,9.290240747107929e-16
masticacion,Fp2,493.0,8.905378682464585e-16
masticacion,Fp2,493.5,8.547190686503451e-16
masticacion,Fp2,494.0,8.215648027638027e-16
masticacion,Fp2,494.5,7.910727622666617e-16
masticacion,Fp2,495.0,7.632401353506714e-16
masticacion,Fp2,495.5,7.380650706896075e-16
masticacion,Fp2,496.0,7.155453041284928e-16
masticacion,Fp2,496.5,6.9567927660606285e-16
masticacion,Fp2,497.0,6.784649369183424e-16
masticacion,Fp2,497.5,6.639013413682068e-16
masticacion,Fp2,498.0,6.51987211712125e-16
masticacion,Fp2,498.5,6.427214644485491e-16
masticacion,Fp2,499.0,6.361042490305333e-16
masticacion,Fp2,499.5,6.321338713492848e-16
masticacion,Fp2,500.0,3.1540520916124454e-16
musica_relajante,Fp1,0.0,531.0179483676017
musica_relajante,Fp1,0.5,5033.374171009916
musica_relajante,Fp1,1.0,19977.72110984979
musica_relajante,Fp1,1.5,22495.761282384283
musica_relajante,Fp1,2.0,14449.582523479452
musica_relajante,Fp1,2.5,6824.577657651663
musica_relajante,Fp1,3.0,3541.123794994768
musica_relajante,Fp1,3.5,2054.789550903954
musica_relajante,Fp1,4.0,1593.6873521263085
musica_relajante,Fp1,4.5,1193.0029879006797
musica_relajante,Fp1,5.0,776.6377840962582
musica_relajante,Fp1,5.5,709.1486642502853
musica_relajante,Fp1,6.0,945.3536938965905
musica_relajante,Fp1,6.5,766.3240529842091
musica_relajante,Fp1,7.0,819.5398075423237
musica_relajante,Fp1,7.5,793.9664913667882
musica_relajante,Fp1,8.0,874.7410091633443
musica_relajante,Fp1,8.5,966.9684830365165
musica_relajante,Fp1,9.0,918.8686960382065
musica_relajante,Fp1,9.5,873.8455658725618
musica_relajante,Fp1,10.0,670.7749412662532
musica_relajante,Fp1,10.5,412.2038800902928
musica_relajante,Fp1,11.0,430.32982985993283
musica_relajante,Fp1,11.5,375.9400368565989
musica_relajante,Fp1,12.0,353.5416689243961
musica_relajante,Fp1,12.5,291.334394208364
musica_relajante,Fp1,13.0,324.7767090245125
musica_relajante,Fp1,13.5,288.97880110523477
musica_relajante,Fp1,14.0,315.9184711863531
musica_relajante,Fp1,14.5,301.8733484049074
musica_relajante,Fp1,15.0,321.9108277872885
musica_relajante,Fp1,15.5,349.64255745640463
musica_relajante,Fp1,16.0,439.35337848332705
musica_relajante,Fp1,16.5,452.56238424673563
musica_relajante,Fp1,17.0,381.46537873854453
musica_relajante,Fp1,17.5,386.22694325251325
musica_relajante,Fp1,18.0,374.8088712603305
musica_relajante,Fp1,18.5,520.295333102238
musica_relajante,Fp1,19.0,557.2141527603718
musica_relajante,Fp1,19.5,421.86152306912885
musica_relajante,Fp1,20.0,378.47064213568405
musica_relajante,Fp1,20.5,405.0769790475096
musica_relajante,Fp1,21.0,368.839084148974
musica_relajante,Fp1,21.5,317.60135111330163
musica_relajante,Fp1,22.0,346.03428093474173
musica_relajante,Fp1,22.5,313.3445269916796
musica_relajante,Fp1,23.0,344.84257361905924
musica_relajante,Fp1,23.5,365.5934599247487
musica_relajante,Fp1,24.0,341.61532580821637
musica_relajante,Fp1,24.5,279.6451866898041
musica_relajante,Fp1,25.0,361.48784566648465
musica_relajante,Fp1,25.5,346.3639817676313
musica_relajante,Fp1,26.0,276.18135106950245
musica_relajante,Fp1,26.5,297.58889616456787
musica_relajante,Fp1,27.0,384.7102358889552
musica_relajante,Fp1,27.5,358.77227033718316
musica_relajante,Fp1,28.0,345.4212273450385
musica_relajante,Fp1,28.5,341.0521407972699
musica_relajante,Fp1,29.0,350.2151157529125
musica_relajante,Fp1,29.5,346.28841157351764
musica_relajante,Fp1,30.0,283.80880119543735
musica_relajante,Fp1,30.5,310.16924814158506
musica_relajante,Fp1,31.0,308.4732694860649
musica_relajante,Fp1,31.5,277.92833078783764
musica_relajante,Fp1,32.0,256.6134744836463
musica_relajante,Fp1,32.5,253.9661251087652
musica_relajante,Fp1,33.0,217.30139097180896
musica_relajante,Fp1,33.5,246.7244478967095
musica_relajante,Fp1,34.0,236.87293804756322
musica_relajante,Fp1,34.5,242.40250052232255
musica_relajante,Fp1,35.0,219.70235486319896
musica_relajante,Fp1,35.5,224.8162637881237
musica_relajante,Fp1,36.0,242.1576583074427
musica_relajante,Fp1,36.5,199.91657211882065
musica_relajante,Fp1,37.0,172.75390548457278
musica_relajante,Fp1,37.5,177.78377189006162
musica_relajante,Fp1,38.0,127.88804961233646
musica_relajante,Fp1,38.5,117.043361990325
musica_relajante,Fp1,39.0,141.5134229978241
musica_relajante,Fp1,39.5,123.16362809452109
musica_relajante,Fp1,40.0,96.55231447593806
musica_relajante,Fp1,40.5,104.36282560713258
musica_relajante,Fp1,41.0,90.20424100155014
musica_relajante,Fp1,41.5,82.39404583121596
musica_relajante,Fp1,42.0,83.82417627522184
musica_relajante,Fp1,42.5,54.21038694956326
musica_relajante,Fp1,43.0,47.8457333955554
musica_relajante,Fp1,43.5,47.722078762895045
musica_relajante,Fp1,44.0,51.49138560655541
musica_relajante,Fp1,44.5,48.089620157352314
musica_relajante,Fp1,45.0,39.18635920487884
musica_relajante,Fp1,45.5,30.142090340474887
musica_relajante,Fp1,46.0,35.8596586434408
musica_relajante,Fp1,46.5,33.20440882333534
musica_relajante,Fp1,47.0,26.90742765328314
musica_relajante,Fp1,47.5,27.6923983747095
musica_relajante,Fp1,48.0,22.575330039434455
musica_relajante,Fp1,48.5,18.009753709238783
musica_relajante,Fp1,49.0,14.533771624188496
musica_relajante,Fp1,49.5,11.814532094127069
musica_relajante,Fp1,50.0,14.339112645212838
musica_relajante,Fp1,50.5,13.479316526869543
musica_relajante,Fp1,51.0,9.87973860281348
musica_relajante,Fp1,51.5,7.897025010916841
musica_relajante,Fp1,52.0,7.379588901726851
musica_relajante,Fp1,52.5,6.533429624638847
musica_relajante,Fp1,53.0,4.5375667084595115
musica_relajante,Fp1,53.5,4.555532644623201
musica_relajante,Fp1,54.0,4.734902754526924
musica_relajante,Fp1,54.5,3.477734973432657
musica_relajante,Fp1,55.0,2.778309661849223
musica_relajante,Fp1,55.5,2.4303395726649986
musica_relajante,Fp1,56.0,2.237727796214104
musica_relajante,Fp1,56.5,1.830066430025538
musica_relajante,Fp1,57.0,1.9148189929207569
musica_relajante,Fp1,57.5,1.6188421577225196
musica_relajante,Fp1,58.0,1.0868733561878352
musica_relajante,Fp1,58.5,1.258318153668482
musica_relajante,Fp1,59.0,1.135034893125321
musica_relajante,Fp1,59.5,0.772719328264682
musica_relajante,Fp1,60.0,0.592257367147178
musica_relajante,Fp1,60.5,0.531464816417651
musica_relajante,Fp1,61.0,0.42817670482018
musica_relajante,Fp1,61.5,0.405280860331138
musica_relajante,Fp1,62.0,0.38559808468745926
musica_relajante,Fp1,62.5,0.29143121612145406
musica_relajante,Fp1,63.0,0.2570512679648913
musica_relajante,Fp1,63.5,0.25698716026314367
musica_relajante,Fp1,64.0,0.20006552511401443
musica_relajante,Fp1,64.5,0.16036143930902058
musica_relajante,Fp1,65.0,0.15159811074314364
musica_relajante,Fp1,65.5,0.1070272035087723
musica_relajante,Fp1,66.0,0.08809797193883386
musica_relajante,Fp1,66.5,0.09010533563152688
musica_relajante,Fp1,67.0,0.07850428315782848
musica_relajante,Fp1,67.5,0.07621112371716689
musica_relajante,Fp1,68.0,0.05359990206497434
musica_relajante,Fp1,68.5,0.051532584256451075
musica_relajante,Fp1,69.0,0.03804047975435487
musica_relajante,Fp1,69.5,0.03372270240452777
musica_relajante,Fp1,70.0,0.02670076184897252
musica_relajante,Fp1,70.5,0.023743955328834936
musica_relajante,Fp1,71.0,0.02427066554236416
musica_relajante,Fp1,71.5,0.021850927260685767
musica_relajante,Fp1,72.0,0.016172710155964262
musica_relajante,Fp1,72.5,0.016291493527483252
musica_relajante,Fp1,73.0,0.014759251132302325
musica_relajante,Fp1,73.5,0.009178401362413446
musica_relajante,Fp1,74.0,0.008517653856072024
musica_relajante,Fp1,74.5,0.00944204491062191
musica_relajante,Fp1,75.0,0.007321620226954183
musica_relajante,Fp1,75.5,0.006572253594806346
musica_relajante,Fp1,76.0,0.005280823109545127
musica_relajante,Fp1,76.5,0.0048288180194213035
musica_relajante,Fp1,77.0,0.003492519657024791
musica_relajante,Fp1,77.5,0.00307943049167406
musica_relajante,Fp1,78.0,0.0032265022935141292
musica_relajante,Fp1,78.5,0.003843084328782858
musica_relajante,Fp1,79.0,0.0033161747173376557
musica_relajante,Fp1,79.5,0.002574306300135134
musica_relajante,Fp1,80.0,0.001668508344941776
musica_relajante,Fp1,80.5,0.0012850122862132095
musica_relajante,Fp1,81.0,0.0015065995591905042
musica_relajante,Fp1,81.5,0.0016954426222849544
musica_relajante,Fp1,82.0,0.0012591640975916217
musica_relajante,Fp1,82.5,0.0008437188406127211
musica_relajante,Fp1,83.0,0.00075343618053319
musica_relajante,Fp1,83.5,0.0009094224589903952
musica_relajante,Fp1,84.0,0.0006907069485578791
musica_relajante,Fp1,84.5,0.0005728216376818353
musica_relajante,Fp1,85.0,0.0005587170740123626
musica_relajante,Fp1,85.5,0.0005778315061150845
musica_relajante,Fp1,86.0,0.00045655562976573146
musica_relajante,Fp1,86.5,0.00047070650550497055
musica_relajante,Fp1,87.0,0.00039561174854636604
musica_relajante,Fp1,87.5,0.00028823850602779444
musica_relajante,Fp1,88.0,0.00023537975845924457
musica_relajante,Fp1,88.5,0.00020540541466073742
musica_relajante,Fp1,89.0,0.0002166394311374887
musica_relajante,Fp1,89.5,0.0001541112106013101
musica_relajante,Fp1,90.0,0.00017229094885450342
musica_relajante,Fp1,90.5,0.0001737355078636087
musica_relajante,Fp1,91.0,0.00012480027874905178
musica_relajante,Fp1,91.5,0.0001235473864446966
musica_relajante,Fp1,92.0,0.00014171705182556337
musica_relajante,Fp1,92.5,0.00011310415438160752
musica_relajante,Fp1,93.0,8.777766987572745e-05
musica_relajante,Fp1,93.5,8.406787394466935e-05
musica_relajante,Fp1,94.0,7.008754349203036e-05
musica_relajante,Fp1,94.5,4.8536222159919785e-05
musica_relajante,Fp1,95.0,5.449454623407553e-05
musica_relajante,Fp1,95.5,6.174387757654776e-05
musica_relajante,Fp1,96.0,4.2372494345189275e-05
musica_relajante,Fp1,96.5,3.1850564083468305e-05
musica_relajante,Fp1,97.0,3.6359803760782305e-05
musica_relajante,Fp1,97.5,3.133597707077051e-05
musica_relajante,Fp1,98.0,2.952637149872303e-05
musica_relajante,Fp1,98.5,2.3856531837727507e-05
musica_relajante,Fp1,99.0,2.066488734585293e-05
musica_relajante,Fp1,99.5,1.6967480726854542e-05
musica_relajante,Fp1,100.0,1.747195743130376e-05
musica_relajante,Fp1,100.5,1.8615007117176776e-05
musica_relajante,Fp1,101.0,1.649340491867694e-05
musica_relajante,Fp1,101.5,1.4175714680941225e-05
musica_relajante,Fp1,102.0,1.4157806240234261e-05
musica_relajante,Fp1,102.5,1.3874816378860482e-05
musica_relajante,Fp1,103.0,1.0021825378382507e-05
musica_relajante,Fp1,103.5,8.835371843502777e-06
musica_relajante,Fp1,104.0,1.0054584372711925e-05
musica_relajante,Fp1,104.5,8.770812793725425e-06
musica_relajante,Fp1,105.0,7.248760624996897e-06
musica_relajante,Fp1,105.5,6.980988113076146e-06
musica_relajante,Fp1,106.0,4.562623178402827e-06
musica_relajante,Fp1,106.5,5.642060082140329e-06
musica_relajante,Fp1,107.0,4.794875749212723e-06
musica_relajante,Fp1,107.5,4.032769288009884e-06
musica_relajante,Fp1,108.0,3.3111712228015576e-06
musica_relajante,Fp1,108.5,3.8010179829208505e-06
musica_relajante,Fp1,109.0,3.659482299429389e-06
musica_relajante,Fp1,109.5,3.082295263914671e-06
musica_relajante,Fp1,110.0,2.5808365193932375e-06
musica_relajante,Fp1,110.5,2.375289379645848e-06
musica_relajante,Fp1,111.0,2.3228480875314137e-06
musica_relajante,Fp1,111.5,2.1774912719787666e-06
musica_relajante,Fp1,112.0,1.6587766657539094e-06
musica_relajante,Fp1,112.5,1.4729752407264325e-06
musica_relajante,Fp1,113.0,1.3718015047600434e-06
musica_relajante,Fp1,113.5,1.3819820449441583e-06
musica_relajante,Fp1,114.0,1.2754675668881007e-06
musica_relajante,Fp1,114.5,1.1141344435707922e-06
musica_relajante,Fp1,115.0,9.284087630706565e-07
musica_relajante,Fp1,115.5,9.022402063598333e-07
musica_relajante,Fp1,116.0,9.75603580894041e-07
musica_relajante,Fp1,116.5,6.953712417952421e-07
musica_relajante,Fp1,117.0,6.54788093946616e-07
musica_relajante,Fp1,117.5,6.417455841267324e-07
musica_relajante,Fp1,118.0,6.563438735923247e-07
musica_relajante,Fp1,118.5,5.813000875600837e-07
musica_relajante,Fp1,119.0,5.073651173005144e-07
musica_relajante,Fp1,119.5,5.281712884717531e-07
musica_relajante,Fp1,120.0,4.080999171381262e-07
musica_relajante,Fp1,120.5,4.2568843141004237e-07
musica_relajante,Fp1,121.0,4.0464741112646476e-07
musica_relajante,Fp1,121.5,3.486654320307804e-07
musica_relajante,Fp1,122.0,3.3610191004036895e-07
musica_relajante,Fp1,122.5,3.067920824827716e-07
musica_relajante,Fp1,123.0,2.8757121914889214e-07
musica_relajante,Fp1,123.5,2.9274597253274695e-07
musica_relajante,Fp1,124.0,2.908162318276284e-07
musica_relajante,Fp1,124.5,2.3892182446436805e-07
musica_relajante,Fp1,125.0,2.3312638971403173e-07
musica_relajante,Fp1,125.5,2.1547367749058418e-07
musica_relajante,Fp1,126.0,1.6055982523928157e-07
musica_relajante,Fp1,126.5,1.330700753347912e-07
musica_relajante,Fp1,127.0,1.1298775384471402e-07
musica_relajante,Fp1,127.5,1.3310269758955966e-07
musica_relajante,Fp1,128.0,1.0997204679072312e-07
musica_relajante,Fp1,128.5,8.80754292712484e-08
musica_relajante,Fp1,129.0,8.117941129867195e-08
musica_relajante,Fp1,129.5,8.392443882216915e-08
musica_relajante,Fp1,130.0,9.235067260504959e-08
musica_relajante,Fp1,130.5,8.718867643753207e-08
musica_relajante,Fp1,131.0,7.282614937372719e-08
musica_relajante,Fp1,131.5,6.864646860143952e-08
musica_relajante,Fp1,132.0,5.898547435730134e-08
musica_relajante,Fp1,132.5,4.208506518780608e-08
musica_relajante,Fp1,133.0,3.854999429324139e-08
musica_relajante,Fp1,133.5,3.8474699046737695e-08
musica_relajante,Fp1,134.0,4.053277477825495e-08
musica_relajante,Fp1,134.5,3.980668512602841e-08
musica_relajante,Fp1,135.0,3.4541460753216755e-08
musica_relajante,Fp1,135.5,3.0520727973776547e-08
musica_relajante,Fp1,136.0,3.1072326133172724e-08
musica_relajante,Fp1,136.5,2.7345112883666497e-08
musica_relajante,Fp1,137.0,3.103786633847101e-08
musica_relajante,Fp1,137.5,2.929209278219586e-08
musica_relajante,Fp1,138.0,2.5883287544574505e-08
musica_relajante,Fp1,138.5,2.158862611022853e-08
musica_relajante,Fp1,139.0,1.7505815906064115e-08
musica_relajante,Fp1,139.5,1.6209632191001734e-08
musica_relajante,Fp1,140.0,1.6214774865866864e-08
musica_relajante,Fp1,140.5,1.3015380857202299e-08
musica_relajante,Fp1,141.0,1.4953827053404313e-08
musica_relajante,Fp1,141.5,1.4145932776123236e-08
musica_relajante,Fp1,142.0,1.2172119993058853e-08
musica_relajante,Fp1,142.5,1.1320932721201115e-08
musica_relajante,Fp1,143.0,9.56731033457632e-09
musica_relajante,Fp1,143.5,1.089747710711071e-08
musica_relajante,Fp1,144.0,7.95511800321553e-09
musica_relajante,Fp1,144.5,9.014756831222748e-09
musica_relajante,Fp1,145.0,8.512749795187704e-09
musica_relajante,Fp1,145.5,5.9154630729658184e-09
musica_relajante,Fp1,146.0,5.939522027324873e-09
musica_relajante,Fp1,146.5,6.748678003833897e-09
musica_relajante,Fp1,147.0,5.326794979191161e-09
musica_relajante,Fp1,147.5,3.969126108328622e-09
musica_relajante,Fp1,148.0,4.121940175336423e-09
musica_relajante,Fp1,148.5,3.758062372977684e-09
musica_relajante,Fp1,149.0,4.794962854190602e-09
musica_relajante,Fp1,149.5,5.2059511669569186e-09
musica_relajante,Fp1,150.0,4.6658679140889715e-09
musica_relajante,Fp1,150.5,3.6246054414599042e-09
musica_relajante,Fp1,151.0,2.811945948253971e-09
musica_relajante,Fp1,151.5,2.8832650086428787e-09
musica_relajante,Fp1,152.0,2.5753034170940172e-09
musica_relajante,Fp1,152.5,2.9590060655981933e-09
musica_relajante,Fp1,153.0,2.9411556626228192e-09
musica_relajante,Fp1,153.5,2.745875728487816e-09
musica_relajante,Fp1,154.0,2.1158973640826177e-09
musica_relajante,Fp1,154.5,1.8509345236485851e-09
musica_relajante,Fp1,155.0,1.7309515164930113e-09
musica_relajante,Fp1,155.5,1.479125744941765e-09
musica_relajante,Fp1,156.0,1.4937524382741907e-09
musica_relajante,Fp1,156.5,1.7187481902816917e-09
musica_relajante,Fp1,157.0,1.5177509311897869e-09
musica_relajante,Fp1,157.5,1.2715442964971602e-09
musica_relajante,Fp1,158.0,1.1620524266258962e-09
musica_relajante,Fp1,158.5,9.353081195630824e-10
musica_relajante,Fp1,159.0,9.587176997781688e-10
musica_relajante,Fp1,159.5,1.1446158981344216e-09
musica_relajante,Fp1,160.0,1.0978352780776075e-09
musica_relajante,Fp1,160.5,8.841212282233728e-10
musica_relajante,Fp1,161.0,6.66410513688274e-10
musica_relajante,Fp1,161.5,5.522135032319394e-10
musica_relajante,Fp1,162.0,5.024394624229916e-10
musica_relajante,Fp1,162.5,5.966582286770512e-10
musica_relajante,Fp1,163.0,6.652346821665613e-10
musica_relajante,Fp1,163.5,6.256154872960757e-10
musica_relajante,Fp1,164.0,4.979107508555252e-10
musica_relajante,Fp1,164.5,4.5725076970448426e-10
musica_relajante,Fp1,165.0,4.741703960711202e-10
musica_relajante,Fp1,165.5,3.79779088380122e-10
musica_relajante,Fp1,166.0,2.857130173061892e-10
musica_relajante,Fp1,166.5,3.1463835731174076e-10
musica_relajante,Fp1,167.0,3.5199973187514324e-10
musica_relajante,Fp1,167.5,3.1422209814493087e-10
musica_relajante,Fp1,168.0,2.414900893093714e-10
musica_relajante,Fp1,168.5,2.1595784057059034e-10
musica_relajante,Fp1,169.0,2.3346383796051086e-10
musica_relajante,Fp1,169.5,2.4966777802283005e-10
musica_relajante,Fp1,170.0,2.6928442209675186e-10
musica_relajante,Fp1,170.5,2.1266643292658426e-10
musica_relajante,Fp1,171.0,1.8199851789968703e-10
musica_relajante,Fp1,171.5,1.8631993997607794e-10
musica_relajante,Fp1,172.0,1.861010646470529e-10
musica_relajante,Fp1,172.5,1.5455939873103512e-10
musica_relajante,Fp1,173.0,1.5195157731773502e-10
musica_relajante,Fp1,173.5,1.3548925100048812e-10
musica_relajante,Fp1,174.0,1.2076526963005488e-10
musica_relajante,Fp1,174.5,1.1433955897763952e-10
musica_relajante,Fp1,175.0,1.1795956472717758e-10
musica_relajante,Fp1,175.5,9.026271301175063e-11
musica_relajante,Fp1,176.0,9.325300762259839e-11
musica_relajante,Fp1,176.5,9.742721852335407e-11
musica_relajante,Fp1,177.0,9.220162006293432e-11
musica_relajante,Fp1,177.5,8.278441398821721e-11
musica_relajante,Fp1,178.0,6.733591039792422e-11
musica_relajante,Fp1,178.5,7.806063179791483e-11
musica_relajante,Fp1,179.0,6.248674998337377e-11
musica_relajante,Fp1,179.5,5.470815859928929e-11
musica_relajante,Fp1,180.0,4.956549655336392e-11
musica_relajante,Fp1,180.5,4.368559808379698e-11
musica_relajante,Fp1,181.0,3.941612894083106e-11
musica_relajante,Fp1,181.5,3.8184597420854466e-11
musica_relajante,Fp1,182.0,3.478811350141233e-11
musica_relajante,Fp1,182.5,4.944172047605445e-11
musica_relajante,Fp1,183.0,4.0832730052668285e-11
musica_relajante,Fp1,183.5,3.7812372953222597e-11
musica_relajante,Fp1,184.0,4.801316655571528e-11
musica_relajante,Fp1,184.5,4.5955673734415155e-11
musica_relajante,Fp1,185.0,3.5202144202328903e-11
musica_relajante,Fp1,185.5,3.2147400189729504e-11
musica_relajante,Fp1,186.0,2.807976606064338e-11
musica_relajante,Fp1,186.5,2.8000053229798647e-11
musica_relajante,Fp1,187.0,2.8290650057260315e-11
musica_relajante,Fp1,187.5,2.661175730390629e-11
musica_relajante,Fp1,188.0,2.5176709684825192e-11
musica_relajante,Fp1,188.5,2.1716300366484054e-11
musica_relajante,Fp1,189.0,2.5894921140557833e-11
musica_relajante,Fp1,189.5,2.2599057361437493e-11
musica_relajante,Fp1,190.0,1.612404423902211e-11
musica_relajante,Fp1,190.5,1.6178580731626227e-11
musica_relajante,Fp1,191.0,1.7458205497725924e-11
musica_relajante,Fp1,191.5,1.2315050280873943e-11
musica_relajante,Fp1,192.0,1.380577382400568e-11
musica_relajante,Fp1,192.5,1.2911939476764329e-11
musica_relajante,Fp1,193.0,1.2620008445887425e-11
musica_relajante,Fp1,193.5,1.0666517251951023e-11
musica_relajante,Fp1,194.0,1.1810361758973618e-11
musica_relajante,Fp1,194.5,8.987180625389314e-12
musica_relajante,Fp1,195.0,1.0563336813006611e-11
musica_relajante,Fp1,195.5,7.386767092065027e-12
musica_relajante,Fp1,196.0,9.788557553973794e-12
musica_relajante,Fp1,196.5,9.142991095490676e-12
musica_relajante,Fp1,197.0,6.29872725856703e-12
musica_relajante,Fp1,197.5,6.922458495890544e-12
musica_relajante,Fp1,198.0,6.854699228349664e-12
musica_relajante,Fp1,198.5,7.47475239401875e-12
musica_relajante,Fp1,199.0,6.065349303966076e-12
musica_relajante,Fp1,199.5,6.014905037405417e-12
musica_relajante,Fp1,200.0,5.2440314193498445e-12
musica_relajante,Fp1,200.5,3.875313043524676e-12
musica_relajante,Fp1,201.0,5.177187257189599e-12
musica_relajante,Fp1,201.5,4.519796229824527e-12
musica_relajante,Fp1,202.0,4.644302321717866e-12
musica_relajante,Fp1,202.5,4.603504768866838e-12
musica_relajante,Fp1,203.0,4.386745410931609e-12
musica_relajante,Fp1,203.5,4.597813418089014e-12
musica_relajante,Fp1,204.0,3.8559084558846285e-12
musica_relajante,Fp1,204.5,2.9819003830376085e-12
musica_relajante,Fp1,205.0,3.3599333612404484e-12
musica_relajante,Fp1,205.5,3.14925857519936e-12
musica_relajante,Fp1,206.0,3.516596557283744e-12
musica_relajante,Fp1,206.5,2.6794554837919753e-12
musica_relajante,Fp1,207.0,2.6727107062700252e-12
musica_relajante,Fp1,207.5,2.727962006786959e-12
musica_relajante,Fp1,208.0,3.183810540901446e-12
musica_relajante,Fp1,208.5,2.4273146419644028e-12
musica_relajante,Fp1,209.0,2.148294474816375e-12
musica_relajante,Fp1,209.5,2.4072801107628806e-12
musica_relajante,Fp1,210.0,1.727799832692067e-12
musica_relajante,Fp1,210.5,2.3914067153094316e-12
musica_relajante,Fp1,211.0,1.9568384246748105e-12
musica_relajante,Fp1,211.5,2.086731205377224e-12
musica_relajante,Fp1,212.0,1.7387601598116849e-12
musica_relajante,Fp1,212.5,1.606725588892684e-12
musica_relajante,Fp1,213.0,1.628761552411515e-12
musica_relajante,Fp1,213.5,1.6310419046382692e-12
musica_relajante,Fp1,214.0,1.9407315226427287e-12
musica_relajante,Fp1,214.5,1.4975815030064661e-12
musica_relajante,Fp1,215.0,1.5000960181182715e-12
musica_relajante,Fp1,215.5,1.3400502706748316e-12
musica_relajante,Fp1,216.0,1.262795924497096e-12
musica_relajante,Fp1,216.5,1.2114120857120063e-12
musica_relajante,Fp1,217.0,1.4928915322897965e-12
musica_relajante,Fp1,217.5,1.240684167929418e-12
musica_relajante,Fp1,218.0,1.5568722589909792e-12
musica_relajante,Fp1,218.5,1.190041021844793e-12
musica_relajante,Fp1,219.0,1.058652093149769e-12
musica_relajante,Fp1,219.5,1.3187274071834472e-12
musica_relajante,Fp1,220.0,9.010841870095643e-13
musica_relajante,Fp1,220.5,1.1400222494859423e-12
musica_relajante,Fp1,221.0,1.1128350624834537e-12
musica_relajante,Fp1,221.5,9.278270478407304e-13
musica_relajante,Fp1,222.0,1.0169610525680524e-12
musica_relajante,Fp1,222.5,9.281805323176392e-13
musica_relajante,Fp1,223.0,9.683299250257376e-13
musica_relajante,Fp1,223.5,7.302925074936381e-13
musica_relajante,Fp1,224.0,9.5829599359561e-13
musica_relajante,Fp1,224.5,7.858935930498168e-13
musica_relajante,Fp1,225.0,7.310943419414275e-13
musica_relajante,Fp1,225.5,9.105091752236343e-13
musica_relajante,Fp1,226.0,7.709413441138291e-13
musica_relajante,Fp1,226.5,7.261909575465598e-13
musica_relajante,Fp1,227.0,7.420637805789692e-13
musica_relajante,Fp1,227.5,8.338869895183174e-13
musica_relajante,Fp1,228.0,6.18387874329704e-13
musica_relajante,Fp1,228.5,7.878347672261356e-13
musica_relajante,Fp1,229.0,6.525521848214734e-13
musica_relajante,Fp1,229.5,6.978802626250555e-13
musica_relajante,Fp1,230.0,7.49851146141507e-13
musica_relajante,Fp1,230.5,6.3408005621147e-13
musica_relajante,Fp1,231.0,6.215521407960225e-13
musica_relajante,Fp1,231.5,6.099023117765197e-13
musica_relajante,Fp1,232.0,6.024885815586759e-13
musica_relajante,Fp1,232.5,5.577807521668261e-13
musica_relajante,Fp1,233.0,5.908372488959028e-13
musica_relajante,Fp1,233.5,5.765323927304301e-13
musica_relajante,Fp1,234.0,5.673912679360555e-13
musica_relajante,Fp1,234.5,5.424015754196688e-13
musica_relajante,Fp1,235.0,5.652981719658965e-13
musica_relajante,Fp1,235.5,5.05395526120976e-13
musica_relajante,Fp1,236.0,5.412739115848478e-13
musica_relajante,Fp1,236.5,5.035160060292938e-13
musica_relajante,Fp1,237.0,5.101874352794046e-13
musica_relajante,Fp1,237.5,5.021933663022964e-13
musica_relajante,Fp1,238.0,5.015277334756699e-13
musica_relajante,Fp1,238.5,4.704144548154235e-13
musica_relajante,Fp1,239.0,4.801563499984794e-13
musica_relajante,Fp1,239.5,4.553252020701292e-13
musica_relajante,Fp1,240.0,4.714671431771634e-13
musica_relajante,Fp1,240.5,4.3593735097202713e-13
musica_relajante,Fp1,241.0,4.328827970969402e-13
musica_relajante,Fp1,241.5,4.384481296865756e-13
musica_relajante,Fp1,242.0,4.0439216160602727e-13
musica_relajante,Fp1,242.5,4.3874028351827466e-13
musica_relajante,Fp1,243.0,3.961687379779258e-13
musica_relajante,Fp1,243.5,4.3437849400717027e-13
musica_relajante,Fp1,244.0,3.7032666229809264e-13
musica_relajante,Fp1,244.5,4.1482155948955036e-13
musica_relajante,Fp1,245.0,3.797306363823483e-13
musica_relajante,Fp1,245.5,3.9654659721431466e-13
musica_relajante,Fp1,246.0,3.602622839530246e-13
musica_relajante,Fp1,246.5,3.6205930636638405e-13
musica_relajante,Fp1,247.0,3.8317026219319604e-13
musica_relajante,Fp1,247.5,3.6408501400485324e-13
musica_relajante,Fp1,248.0,3.4572191716190835e-13
musica_relajante,Fp1,248.5,3.547466939922199e-13
musica_relajante,Fp1,249.0,3.3960032988206746e-13
musica_relajante,Fp1,249.5,3.457441222695657e-13
musica_relajante,Fp1,250.0,3.309366308510667e-13
musica_relajante,Fp1,250.5,3.3091197462336113e-13
musica_relajante,Fp1,251.0,3.176155265777184e-13
musica_relajante,Fp1,251.5,3.1883181717224346e-13
musica_relajante,Fp1,252.0,3.283671838885903e-13
musica_relajante,Fp1,252.5,3.0323880254109323e-13
musica_relajante,Fp1,253.0,3.1940837907231226e-13
musica_relajante,Fp1,253.5,2.9728421227056333e-13
musica_relajante,Fp1,254.0,3.0197996973061083e-13
musica_relajante,Fp1,254.5,3.063618929022995e-13
musica_relajante,Fp1,255.0,2.847244674205888e-13
musica_relajante,Fp1,255.5,2.898757355205125e-13
musica_relajante,Fp1,256.0,2.892162706888877e-13
musica_relajante,Fp1,256.5,2.75182334770161e-13
musica_relajante,Fp1,257.0,2.747386432857799e-13
musica_relajante,Fp1,257.5,2.736761605382349e-13
musica_relajante,Fp1,258.0,2.723164206092544e-13
musica_relajante,Fp1,258.5,2.6677627816007927e-13
musica_relajante,Fp1,259.0,2.614336766574566e-13
musica_relajante,Fp1,259.5,2.557279105808515e-13
musica_relajante,Fp1,260.0,2.578397176884108e-13
musica_relajante,Fp1,260.5,2.5403003368850153e-13
musica_relajante,Fp1,261.0,2.489940078977894e-13
musica_relajante,Fp1,261.5,2.4437379751155715e-13
musica_relajante,Fp1,262.0,2.422237103828327e-13
musica_relajante,Fp1,262.5,2.414297473793681e-13
musica_relajante,Fp1,263.0,2.404578985738118e-13
musica_relajante,Fp1,263.5,2.2680872876226786e-13
musica_relajante,Fp1,264.0,2.3816988463072646e-13
musica_relajante,Fp1,264.5,2.2590379239130578e-13
musica_relajante,Fp1,265.0,2.2494166739572954e-13
musica_relajante,Fp1,265.5,2.2249980129491406e-13
musica_relajante,Fp1,266.0,2.2232824361148049e-13
musica_relajante,Fp1,266.5,2.1598487436691067e-13
musica_relajante,Fp1,267.0,2.1465824445280106e-13
musica_relajante,Fp1,267.5,2.1049170017101976e-13
musica_relajante,Fp1,268.0,2.1336037703433015e-13
musica_relajante,Fp1,268.5,2.0464667292235292e-13
musica_relajante,Fp1,269.0,2.0522804070585883e-13
musica_relajante,Fp1,269.5,1.9875177710882722e-13
musica_relajante,Fp1,270.0,2.0428118051942553e-13
musica_relajante,Fp1,270.5,1.9131743992705108e-13
musica_relajante,Fp1,271.0,1.9730559964332234e-13
musica_relajante,Fp1,271.5,1.9264861678579542e-13
musica_relajante,Fp1,272.0,1.8954659058754904e-13
musica_relajante,Fp1,272.5,1.882090952434859e-13
musica_relajante,Fp1,273.0,1.8654031439347517e-13
musica_relajante,Fp1,273.5,1.8024192890714885e-13
musica_relajante,Fp1,274.0,1.8369930936944412e-13
musica_relajante,Fp1,274.5,1.7677034613189746e-13
musica_relajante,Fp1,275.0,1.7737753482109434e-13
musica_relajante,Fp1,275.5,1.7484264875551576e-13
musica_relajante,Fp1,276.0,1.7303302687975123e-13
musica_relajante,Fp1,276.5,1.7026917392517057e-13
musica_relajante,Fp1,277.0,1.6737399854995681e-13
musica_relajante,Fp1,277.5,1.6949305414103898e-13
musica_relajante,Fp1,278.0,1.6141109588513786e-13
musica_relajante,Fp1,278.5,1.6325005177305123e-13
musica_relajante,Fp1,279.0,1.6150485343299557e-13
musica_relajante,Fp1,279.5,1.5867313545138792e-13
musica_relajante,Fp1,280.0,1.5651550543494155e-13
musica_relajante,Fp1,280.5,1.555233132324422e-13
musica_relajante,Fp1,281.0,1.5238576543914773e-13
musica_relajante,Fp1,281.5,1.5255052117406199e-13
musica_relajante,Fp1,282.0,1.50575333971208e-13
musica_relajante,Fp1,282.5,1.46335800451458e-13
musica_relajante,Fp1,283.0,1.46868131107657e-13
musica_relajante,Fp1,283.5,1.445439650109222e-13
musica_relajante,Fp1,284.0,1.428402631613476e-13
musica_relajante,Fp1,284.5,1.4164714684439131e-13
musica_relajante,Fp1,285.0,1.3949733817967174e-13
musica_relajante,Fp1,285.5,1.3705529530500868e-13
musica_relajante,Fp1,286.0,1.374949475587315e-13
musica_relajante,Fp1,286.5,1.343582224422389e-13
musica_relajante,Fp1,287.0,1.3355089619565423e-13
musica_relajante,Fp1,287.5,1.3171427530765221e-13
musica_relajante,Fp1,288.0,1.298391848986594e-13
musica_relajante,Fp1,288.5,1.2930184828627786e-13
musica_relajante,Fp1,289.0,1.2647548066884208e-13
musica_relajante,Fp1,289.5,1.268056779316275e-13
musica_relajante,Fp1,290.0,1.2399253601283575e-13
musica_relajante,Fp1,290.5,1.226854630366766e-13
musica_relajante,Fp1,291.0,1.214223716844266e-13
musica_relajante,Fp1,291.5,1.205707841809951e-13
musica_relajante,Fp1,292.0,1.192816229880827e-13
musica_relajante,Fp1,292.5,1.1657852788413532e-13
musica_relajante,Fp1,293.0,1.1657918335567484e-13
musica_relajante,Fp1,293.5,1.1463781463715715e-13
musica_relajante,Fp1,294.0,1.1384229149028167e-13
musica_relajante,Fp1,294.5,1.1184419486367369e-13
musica_relajante,Fp1,295.0,1.1089134280801665e-13
musica_relajante,Fp1,295.5,1.0986485360171762e-13
musica_relajante,Fp1,296.0,1.0836365563732818e-13
musica_relajante,Fp1,296.5,1.074700471059188e-13
musica_relajante,Fp1,297.0,1.0586185223797848e-13
musica_relajante,Fp1,297.5,1.0484568996665304e-13
musica_relajante,Fp1,298.0,1.0363062581200119e-13
musica_relajante,Fp1,298.5,1.030348583399652e-13
musica_relajante,Fp1,299.0,1.0069323121903264e-13
musica_relajante,Fp1,299.5,1.0044614772415458e-13
musica_relajante,Fp1,300.0,9.889614540568123e-14
musica_relajante,Fp1,300.5,9.809869594077604e-14
musica_relajante,Fp1,301.0,9.727987640814208e-14
musica_relajante,Fp1,301.5,9.53712509127728e-14
musica_relajante,Fp1,302.0,9.478444560234595e-14
musica_relajante,Fp1,302.5,9.368230829636077e-14
musica_relajante,Fp1,303.0,9.281810253616131e-14
musica_relajante,Fp1,303.5,9.166134336031048e-14
musica_relajante,Fp1,304.0,9.036432032399055e-14
musica_relajante,Fp1,304.5,8.949096841911158e-14
musica_relajante,Fp1,305.0,8.879377952239818e-14
musica_relajante,Fp1,305.5,8.764611270209427e-14
musica_relajante,Fp1,306.0,8.645192940402622e-14
musica_relajante,Fp1,306.5,8.583686436324511e-14
musica_relajante,Fp1,307.0,8.454746482887238e-14
musica_relajante,Fp1,307.5,8.394045240519318e-14
musica_relajante,Fp1,308.0,8.281576607271891e-14
musica_relajante,Fp1,308.5,8.20279655833073e-14
musica_relajante,Fp1,309.0,8.078733100461511e-14
musica_relajante,Fp1,309.5,8.036944902340946e-14
musica_relajante,Fp1,310.0,7.922639240270222e-14
musica_relajante,Fp1,310.5,7.83763504226099e-14
musica_relajante,Fp1,311.0,7.751927838435806e-14
musica_relajante,Fp1,311.5,7.669756717610184e-14
musica_relajante,Fp1,312.0,7.565855531947947e-14
musica_relajante,Fp1,312.5,7.508579002385215e-14
musica_relajante,Fp1,313.0,7.432843830338279e-14
musica_relajante,Fp1,313.5,7.324401566932927e-14
musica_relajante,Fp1,314.0,7.24568778568153e-14
musica_relajante,Fp1,314.5,7.181632911120456e-14
musica_relajante,Fp1,315.0,7.099212476254432e-14
musica_relajante,Fp1,315.5,7.018434987395995e-14
musica_relajante,Fp1,316.0,6.936447970770133e-14
musica_relajante,Fp1,316.5,6.874188970808961e-14
musica_relajante,Fp1,317.0,6.789506824130966e-14
musica_relajante,Fp1,317.5,6.706466694855975e-14
musica_relajante,Fp1,318.0,6.646321562748033e-14
musica_relajante,Fp1,318.5,6.572855494004929e-14
musica_relajante,Fp1,319.0,6.499707190943507e-14
musica_relajante,Fp1,319.5,6.422404122457212e-14
musica_relajante,Fp1,320.0,6.359042837734048e-14
musica_relajante,Fp1,320.5,6.292059181683906e-14
musica_relajante,Fp1,321.0,6.214312933297382e-14
musica_relajante,Fp1,321.5,6.154359996816376e-14
musica_relajante,Fp1,322.0,6.081814270634306e-14
musica_relajante,Fp1,322.5,6.022046695441422e-14
musica_relajante,Fp1,323.0,5.947740091982916e-14
musica_relajante,Fp1,323.5,5.893954593951923e-14
musica_relajante,Fp1,324.0,5.818907592394285e-14
musica_relajante,Fp1,324.5,5.761471890679402e-14
musica_relajante,Fp1,325.0,5.694142418095739e-14
musica_relajante,Fp1,325.5,5.6408357129272e-14
musica_relajante,Fp1,326.0,5.5716600842973464e-14
musica_relajante,Fp1,326.5,5.514281277562862e-14
musica_relajante,Fp1,327.0,5.453389006742547e-14
musica_relajante,Fp1,327.5,5.3943714644542774e-14
musica_relajante,Fp1,328.0,5.3400304101440596e-14
musica_relajante,Fp1,328.5,5.2692657921032974e-14
musica_relajante,Fp1,329.0,5.226942107460684e-14
musica_relajante,Fp1,329.5,5.1657867084790926e-14
musica_relajante,Fp1,330.0,5.101365373333603e-14
musica_relajante,Fp1,330.5,5.055890633681016e-14
musica_relajante,Fp1,331.0,4.995493801777327e-14
musica_relajante,Fp1,331.5,4.9475248707129076e-14
musica_relajante,Fp1,332.0,4.885919381889202e-14
musica_relajante,Fp1,332.5,4.8376524568360694e-14
musica_relajante,Fp1,333.0,4.7856644177610584e-14
musica_relajante,Fp1,333.5,4.7315311429135396e-14
musica_relajante,Fp1,334.0,4.680909085307427e-14
musica_relajante,Fp1,334.5,4.630423461512255e-14
musica_relajante,Fp1,335.0,4.5783548263676953e-14
musica_relajante,Fp1,335.5,4.5328564647599716e-14
musica_relajante,Fp1,336.0,4.479821334896333e-14
musica_relajante,Fp1,336.5,4.431832965701928e-14
musica_relajante,Fp1,337.0,4.385021127906896e-14
musica_relajante,Fp1,337.5,4.338865982137063e-14
musica_relajante,Fp1,338.0,4.2889063341189175e-14
musica_relajante,Fp1,338.5,4.241814672174872e-14
musica_relajante,Fp1,339.0,4.199359694512223e-14
musica_relajante,Fp1,339.5,4.150024427635408e-14
musica_relajante,Fp1,340.0,4.1093699206250904e-14
musica_relajante,Fp1,340.5,4.06093417081413e-14
musica_relajante,Fp1,341.0,4.016826700579e-14
musica_relajante,Fp1,341.5,3.975679380144172e-14
musica_relajante,Fp1,342.0,3.9321337546406446e-14
musica_relajante,Fp1,342.5,3.8869425224063456e-14
musica_relajante,Fp1,343.0,3.84796997566549e-14
musica_relajante,Fp1,343.5,3.804322128846326e-14
musica_relajante,Fp1,344.0,3.7640124267559595e-14
musica_relajante,Fp1,344.5,3.7217696040505505e-14
musica_relajante,Fp1,345.0,3.6824409640078125e-14
musica_relajante,Fp1,345.5,3.6409224605288473e-14
musica_relajante,Fp1,346.0,3.603496227446565e-14
musica_relajante,Fp1,346.5,3.563214665614382e-14
musica_relajante,Fp1,347.0,3.524622348752702e-14
musica_relajante,Fp1,347.5,3.4853498642149184e-14
musica_relajante,Fp1,348.0,3.4489599626891135e-14
musica_relajante,Fp1,348.5,3.410044217370074e-14
musica_relajante,Fp1,349.0,3.374587068522561e-14
musica_relajante,Fp1,349.5,3.3352519214464893e-14
musica_relajante,Fp1,350.0,3.3010609595952797e-14
musica_relajante,Fp1,350.5,3.2646535009948834e-14
musica_relajante,Fp1,351.0,3.228395071912855e-14
musica_relajante,Fp1,351.5,3.1933456074357453e-14
musica_relajante,Fp1,352.0,3.158913760694086e-14
musica_relajante,Fp1,352.5,3.1238597548977096e-14
musica_relajante,Fp1,353.0,3.089939731296368e-14
musica_relajante,Fp1,353.5,3.056146672906726e-14
musica_relajante,Fp1,354.0,3.0226968498241295e-14
musica_relajante,Fp1,354.5,2.989729994944381e-14
musica_relajante,Fp1,355.0,2.95703209444965e-14
musica_relajante,Fp1,355.5,2.924063635485429e-14
musica_relajante,Fp1,356.0,2.892944576091043e-14
musica_relajante,Fp1,356.5,2.8602860435294055e-14
musica_relajante,Fp1,357.0,2.8293213418370997e-14
musica_relajante,Fp1,357.5,2.7981772162770108e-14
musica_relajante,Fp1,358.0,2.767607983011097e-14
musica_relajante,Fp1,358.5,2.736624362423457e-14
musica_relajante,Fp1,359.0,2.7070195672661897e-14
musica_relajante,Fp1,359.5,2.677134855528588e-14
musica_relajante,Fp1,360.0,2.6470675866843265e-14
musica_relajante,Fp1,360.5,2.6189435605286735e-14
musica_relajante,Fp1,361.0,2.5895396364167888e-14
musica_relajante,Fp1,361.5,2.5603026168011284e-14
musica_relajante,Fp1,362.0,2.5324321658402242e-14
musica_relajante,Fp1,362.5,2.5048488210751233e-14
musica_relajante,Fp1,363.0,2.476483044391081e-14
musica_relajante,Fp1,363.5,2.4492939189167686e-14
musica_relajante,Fp1,364.0,2.4221700618915575e-14
musica_relajante,Fp1,364.5,2.3952061142652e-14
musica_relajante,Fp1,365.0,2.3687366883220274e-14
musica_relajante,Fp1,365.5,2.3421348788602922e-14
musica_relajante,Fp1,366.0,2.3161293189469685e-14
musica_relajante,Fp1,366.5,2.2906271421377452e-14
musica_relajante,Fp1,367.0,2.2646203871489168e-14
musica_relajante,Fp1,367.5,2.239733280146274e-14
musica_relajante,Fp1,368.0,2.2142386396149756e-14
musica_relajante,Fp1,368.5,2.1900326105363984e-14
musica_relajante,Fp1,369.0,2.165160518225576e-14
musica_relajante,Fp1,369.5,2.140751478859119e-14
musica_relajante,Fp1,370.0,2.117123553710159e-14
musica_relajante,Fp1,370.5,2.0930383960713413e-14
musica_relajante,Fp1,371.0,2.0695944203056736e-14
musica_relajante,Fp1,371.5,2.0463661415060228e-14
musica_relajante,Fp1,372.0,2.023127941163049e-14
musica_relajante,Fp1,372.5,2.0004937229463896e-14
musica_relajante,Fp1,373.0,1.9776365788880923e-14
musica_relajante,Fp1,373.5,1.955442862394806e-14
musica_relajante,Fp1,374.0,1.9333535656024695e-14
musica_relajante,Fp1,374.5,1.9112503302919597e-14
musica_relajante,Fp1,375.0,1.889661394766543e-14
musica_relajante,Fp1,375.5,1.868098504685543e-14
musica_relajante,Fp1,376.0,1.8468636442672886e-14
musica_relajante,Fp1,376.5,1.8257446652970598e-14
musica_relajante,Fp1,377.0,1.8050447964186448e-14
musica_relajante,Fp1,377.5,1.784316804772588e-14
musica_relajante,Fp1,378.0,1.7638237298251114e-14
musica_relajante,Fp1,378.5,1.7437076600532953e-14
musica_relajante,Fp1,379.0,1.7236311977298595e-14
musica_relajante,Fp1,379.5,1.703864439995419e-14
musica_relajante,Fp1,380.0,1.6841959993863793e-14
musica_relajante,Fp1,380.5,1.664685285880892e-14
musica_relajante,Fp1,381.0,1.6456568644496822e-14
musica_relajante,Fp1,381.5,1.6264749159439175e-14
musica_relajante,Fp1,382.0,1.6076593444494362e-14
musica_relajante,Fp1,382.5,1.5889963119149677e-14
musica_relajante,Fp1,383.0,1.5705176944105204e-14
musica_relajante,Fp1,383.5,1.552242498379297e-14
musica_relajante,Fp1,384.0,1.5341838243278147e-14
musica_relajante,Fp1,384.5,1.5161697335352876e-14
musica_relajante,Fp1,385.0,1.4984859999437617e-14
musica_relajante,Fp1,385.5,1.4808729620634323e-14
musica_relajante,Fp1,386.0,1.4635166761770835e-14
musica_relajante,Fp1,386.5,1.4463046911774124e-14
musica_relajante,Fp1,387.0,1.4292086861848608e-14
musica_relajante,Fp1,387.5,1.4123489153915931e-14
musica_relajante,Fp1,388.0,1.3956364301258941e-14
musica_relajante,Fp1,388.5,1.3791108381004919e-14
musica_relajante,Fp1,389.0,1.3627308598332496e-14
musica_relajante,Fp1,389.5,1.3464820204711128e-14
musica_relajante,Fp1,390.0,1.3304702035934735e-14
musica_relajante,Fp1,390.5,1.3145434090482664e-14
musica_relajante,Fp1,391.0,1.2988240220819872e-14
musica_relajante,Fp1,391.5,1.2832175567709102e-14
musica_relajante,Fp1,392.0,1.2678138396326202e-14
musica_relajante,Fp1,392.5,1.2525436361392467e-14
musica_relajante,Fp1,393.0,1.2374099280237613e-14
musica_relajante,Fp1,393.5,1.2224621215484862e-14
musica_relajante,Fp1,394.0,1.2075973828502409e-14
musica_relajante,Fp1,394.5,1.1929557186169363e-14
musica_relajante,Fp1,395.0,1.1784309250240103e-14
musica_relajante,Fp1,395.5,1.1640303047869177e-14
musica_relajante,Fp1,396.0,1.149802539033782e-14
musica_relajante,Fp1,396.5,1.1356983212191227e-14
musica_relajante,Fp1,397.0,1.1217341074877384e-14
musica_relajante,Fp1,397.5,1.1079165805925911e-14
musica_relajante,Fp1,398.0,1.0942285763425326e-14
musica_relajante,Fp1,398.5,1.0807026332956009e-14
musica_relajante,Fp1,399.0,1.0672671577268664e-14
musica_relajante,Fp1,399.5,1.0539992206758484e-14
musica_relajante,Fp1,400.0,1.0408550272929024e-14
musica_relajante,Fp1,400.5,1.0278292919119653e-14
musica_relajante,Fp1,401.0,1.0149605237452803e-14
musica_relajante,Fp1,401.5,1.0021825330083317e-14
musica_relajante,Fp1,402.0,9.895598775923523e-15
musica_relajante,Fp1,402.5,9.770530928914582e-15
musica_relajante,Fp1,403.0,9.646725523751199e-15
musica_relajante,Fp1,403.5,9.524252967166976e-15
musica_relajante,Fp1,404.0,9.40278455533168e-15
musica_relajante,Fp1,404.5,9.28274204609172e-15
musica_relajante,Fp1,405.0,9.163697058968204e-15
musica_relajante,Fp1,405.5,9.046014065283517e-15
musica_relajante,Fp1,406.0,8.92941768722984e-15
musica_relajante,Fp1,406.5,8.814042280458114e-15
musica_relajante,Fp1,407.0,8.699748404391593e-15
musica_relajante,Fp1,407.5,8.586667553051417e-15
musica_relajante,Fp1,408.0,8.474652441969695e-15
musica_relajante,Fp1,408.5,8.363810009648707e-15
musica_relajante,Fp1,409.0,8.254065965248343e-15
musica_relajante,Fp1,409.5,8.145416096229106e-15
musica_relajante,Fp1,410.0,8.037889124015988e-15
musica_relajante,Fp1,410.5,7.931371465484164e-15
musica_relajante,Fp1,411.0,7.825978924903004e-15
musica_relajante,Fp1,411.5,7.72166373942394e-15
musica_relajante,Fp1,412.0,7.618319546438146e-15
musica_relajante,Fp1,412.5,7.516112257571866e-15
musica_relajante,Fp1,413.0,7.414881890885476e-15
musica_relajante,Fp1,413.5,7.3146607083233e-15
musica_relajante,Fp1,414.0,7.215488049567065e-15
musica_relajante,Fp1,414.5,7.117317447556935e-15
musica_relajante,Fp1,415.0,7.0201087764678554e-15
musica_relajante,Fp1,415.5,6.923928206393675e-15
musica_relajante,Fp1,416.0,6.828673475274236e-15
musica_relajante,Fp1,416.5,6.734438767046102e-15
musica_relajante,Fp1,417.0,6.641124037666704e-15
musica_relajante,Fp1,417.5,6.5487695335438844e-15
musica_relajante,Fp1,418.0,6.457380757148071e-15
musica_relajante,Fp1,418.5,6.366884994882541e-15
musica_relajante,Fp1,419.0,6.2773496976395035e-15
musica_relajante,Fp1,419.5,6.188713168683162e-15
musica_relajante,Fp1,420.0,6.100980928962979e-15
musica_relajante,Fp1,420.5,6.014166790306597e-15
musica_relajante,Fp1,421.0,5.928221795102577e-15
musica_relajante,Fp1,421.5,5.843197622063098e-15
musica_relajante,Fp1,422.0,5.759011434099564e-15
musica_relajante,Fp1,422.5,5.675723552319683e-15
musica_relajante,Fp1,423.0,5.593276054083668e-15
musica_relajante,Fp1,423.5,5.511709791856729e-15
musica_relajante,Fp1,424.0,5.430955612491972e-15
musica_relajante,Fp1,424.5,5.351081948676659e-15
musica_relajante,Fp1,425.0,5.272008265538992e-15
musica_relajante,Fp1,425.5,5.193766870415644e-15
musica_relajante,Fp1,426.0,5.1163686059605906e-15
musica_relajante,Fp1,426.5,5.039749418919418e-15
musica_relajante,Fp1,427.0,4.963951818753723e-15
musica_relajante,Fp1,427.5,4.888949477435298e-15
musica_relajante,Fp1,428.0,4.814742085559414e-15
musica_relajante,Fp1,428.5,4.741315525518477e-15
musica_relajante,Fp1,429.0,4.66866826156204e-15
musica_relajante,Fp1,429.5,4.596792677900959e-15
musica_relajante,Fp1,430.0,4.525685949638617e-15
musica_relajante,Fp1,430.5,4.4553319150516564e-15
musica_relajante,Fp1,431.0,4.385737475535557e-15
musica_relajante,Fp1,431.5,4.3168849098286144e-15
musica_relajante,Fp1,432.0,4.248779872805348e-15
musica_relajante,Fp1,432.5,4.181401724896121e-15
musica_relajante,Fp1,433.0,4.114758011295384e-15
musica_relajante,Fp1,433.5,4.0488355499786705e-15
musica_relajante,Fp1,434.0,3.9836315106975054e-15
musica_relajante,Fp1,434.5,3.919136146492812e-15
musica_relajante,Fp1,435.0,3.85535112650223e-15
musica_relajante,Fp1,435.5,3.7922638588887805e-15
musica_relajante,Fp1,436.0,3.729870491060847e-15
musica_relajante,Fp1,436.5,3.66817086274868e-15
musica_relajante,Fp1,437.0,3.607149695331693e-15
musica_relajante,Fp1,437.5,3.546812494864512e-15
musica_relajante,Fp1,438.0,3.4871465779812238e-15
musica_relajante,Fp1,438.5,3.4281480403975234e-15
musica_relajante,Fp1,439.0,3.3698157917650285e-15
musica_relajante,Fp1,439.5,3.312139440173109e-15
musica_relajante,Fp1,440.0,3.255117254587503e-15
musica_relajante,Fp1,440.5,3.198744022638799e-15
musica_relajante,Fp1,441.0,3.1430136794585053e-15
musica_relajante,Fp1,441.5,3.087921946440027e-15
musica_relajante,Fp1,442.0,3.0334652001010464e-15
musica_relajante,Fp1,442.5,2.9796370088225933e-15
musica_relajante,Fp1,443.0,2.9264348962719526e-15
musica_relajante,Fp1,443.5,2.8738508179563195e-15
musica_relajante,Fp1,444.0,2.8218853712611837e-15
musica_relajante,Fp1,444.5,2.770528594203681e-15
musica_relajante,Fp1,445.0,2.719780248813725e-15
musica_relajante,Fp1,445.5,2.6696348146986515e-15
musica_relajante,Fp1,446.0,2.620086704275577e-15
musica_relajante,Fp1,446.5,2.5711335746743947e-15
musica_relajante,Fp1,447.0,2.5227698971087985e-15
musica_relajante,Fp1,447.5,2.4749928888846937e-15
musica_relajante,Fp1,448.0,2.4277970931814396e-15
musica_relajante,Fp1,448.5,2.381179790388756e-15
musica_relajante,Fp1,449.0,2.3351360286927283e-15
musica_relajante,Fp1,449.5,2.2896624963469036e-15
musica_relajante,Fp1,450.0,2.244755348749563e-15
musica_relajante,Fp1,450.5,2.2004106813331387e-15
musica_relajante,Fp1,451.0,2.1566246392665505e-15
musica_relajante,Fp1,451.5,2.113393934591265e-15
musica_relajante,Fp1,452.0,2.0707144615170395e-15
musica_relajante,Fp1,452.5,2.028583012066999e-15
musica_relajante,Fp1,453.0,1.9869958862483177e-15
musica_relajante,Fp1,453.5,1.9459496971120785e-15
musica_relajante,Fp1,454.0,1.9054409351860267e-15
musica_relajante,Fp1,454.5,1.8654662389047386e-15
musica_relajante,Fp1,455.0,1.826022462959202e-15
musica_relajante,Fp1,455.5,1.7871059772187836e-15
musica_relajante,Fp1,456.0,1.7487138642721151e-15
musica_relajante,Fp1,456.5,1.7108427068433263e-15
musica_relajante,Fp1,457.0,1.6734894798301425e-15
musica_relajante,Fp1,457.5,1.6366510839829266e-15
musica_relajante,Fp1,458.0,1.6003244449809367e-15
musica_relajante,Fp1,458.5,1.5645065798844866e-15
musica_relajante,Fp1,459.0,1.5291944606672825e-15
musica_relajante,Fp1,459.5,1.4943852656161348e-15
musica_relajante,Fp1,460.0,1.4600759772364674e-15
musica_relajante,Fp1,460.5,1.426263967172785e-15
musica_relajante,Fp1,461.0,1.3929462692895163e-15
musica_relajante,Fp1,461.5,1.3601202647154021e-15
musica_relajante,Fp1,462.0,1.3277831182362051e-15
musica_relajante,Fp1,462.5,1.2959323188120927e-15
musica_relajante,Fp1,463.0,1.2645651488722319e-15
musica_relajante,Fp1,463.5,1.2336790959714342e-15
musica_relajante,Fp1,464.0,1.2032715535185538e-15
musica_relajante,Fp1,464.5,1.1733402019781533e-15
musica_relajante,Fp1,465.0,1.1438823697547358e-15
musica_relajante,Fp1,465.5,1.114895759748644e-15
musica_relajante,Fp1,466.0,1.086378000201112e-15
musica_relajante,Fp1,466.5,1.058326756024328e-15
musica_relajante,Fp1,467.0,1.0307397657195235e-15
musica_relajante,Fp1,467.5,1.0036147017181326e-15
musica_relajante,Fp1,468.0,9.769493771806886e-16
musica_relajante,Fp1,468.5,9.50741708926843e-16
musica_relajante,Fp1,469.0,9.249894395091151e-16
musica_relajante,Fp1,469.5,8.996906079846266e-16
musica_relajante,Fp1,470.0,8.748430554593838e-16
musica_relajante,Fp1,470.5,8.504447648857691e-16
musica_relajante,Fp1,471.0,8.264938228870135e-16
musica_relajante,Fp1,471.5,8.029882479576418e-16
musica_relajante,Fp1,472.0,7.799261197761616e-16
musica_relajante,Fp1,472.5,7.573055939955005e-16
musica_relajante,Fp1,473.0,7.351248403934181e-16
musica_relajante,Fp1,473.5,7.133820595493412e-16
musica_relajante,Fp1,474.0,6.920754740268354e-16
musica_relajante,Fp1,474.5,6.712034120129833e-16
musica_relajante,Fp1,475.0,6.507641665656756e-16
musica_relajante,Fp1,475.5,6.307560202213369e-16
musica_relajante,Fp1,476.0,6.11177457743374e-16
musica_relajante,Fp1,476.5,5.920268633066822e-16
musica_relajante,Fp1,477.0,5.733027081368843e-16
musica_relajante,Fp1,477.5,5.550034456882346e-16
musica_relajante,Fp1,478.0,5.371276536572858e-16
musica_relajante,Fp1,478.5,5.196738397708911e-16
musica_relajante,Fp1,479.0,5.026406206275958e-16
musica_relajante,Fp1,479.5,4.860266570272176e-16
musica_relajante,Fp1,480.0,4.698305818768235e-16
musica_relajante,Fp1,480.5,4.540511049933373e-16
musica_relajante,Fp1,481.0,4.386869561215674e-16
musica_relajante,Fp1,481.5,4.2373691036177578e-16
musica_relajante,Fp1,482.0,4.091997815966872e-16
musica_relajante,Fp1,482.5,3.9507436928049474e-16
musica_relajante,Fp1,483.0,3.8135954537435787e-16
musica_relajante,Fp1,483.5,3.68054242265329e-16
musica_relajante,Fp1,484.0,3.551573949643251e-16
musica_relajante,Fp1,484.5,3.42667941652586e-16
musica_relajante,Fp1,485.0,3.3058491175970265e-16
musica_relajante,Fp1,485.5,3.1890728774289307e-16
musica_relajante,Fp1,486.0,3.076342201246581e-16
musica_relajante,Fp1,486.5,2.967647227258209e-16
musica_relajante,Fp1,487.0,2.8629797506504613e-16
musica_relajante,Fp1,487.5,2.762331469182695e-16
musica_relajante,Fp1,488.0,2.6656939665322755e-16
musica_relajante,Fp1,488.5,2.5730598560008054e-16
musica_relajante,Fp1,489.0,2.484421813837654e-16
musica_relajante,Fp1,489.5,2.3997723056614887e-16
musica_relajante,Fp1,490.0,2.31910508604588e-16
musica_relajante,Fp1,490.5,2.242413336741083e-16
musica_relajante,Fp1,491.0,2.1696910815569272e-16
musica_relajante,Fp1,491.5,2.100932932250864e-16
musica_relajante,Fp1,492.0,2.0361326975748966e-16
musica_relajante,Fp1,492.5,1.9752856024366574e-16
musica_relajante,Fp1,493.0,1.9183868290330165e-16
musica_relajante,Fp1,493.5,1.8654317241773168e-16
musica_relajante,Fp1,494.0,1.8164160343164506e-16
musica_relajante,Fp1,494.5,1.771336115898975e-16
musica_relajante,Fp1,495.0,1.7301880466659052e-16
musica_relajante,Fp1,495.5,1.6929687286861782e-16
musica_relajante,Fp1,496.0,1.6596751852197491e-16
musica_relajante,Fp1,496.5,1.6303048432210172e-16
musica_relajante,Fp1,497.0,1.60485527042769e-16
musica_relajante,Fp1,497.5,1.5833244293543799e-16
musica_relajante,Fp1,498.0,1.5657102933132727e-16
musica_relajante,Fp1,498.5,1.5520122426726183e-16
musica_relajante,Fp1,499.0,1.5422288493175428e-16
musica_relajante,Fp1,499.5,1.5363587544113045e-16
musica_relajante,Fp1,500.0,7.672011100013083e-17
musica_relajante,Fp2,0.0,440.13598991644005
musica_relajante,Fp2,0.5,4011.2849554372133
musica_relajante,Fp2,1.0,15616.984890559692
musica_relajante,Fp2,1.5,15887.408133131481
musica_relajante,Fp2,2.0,10096.371811808174
musica_relajante,Fp2,2.5,4459.968028523911
musica_relajante,Fp2,3.0,2417.3911533160003
musica_relajante,Fp2,3.5,1524.2137012682817
musica_relajante,Fp2,4.0,1114.756212068477
musica_relajante,Fp2,4.5,864.8987621307077
musica_relajante,Fp2,5.0,677.3660740372965
musica_relajante,Fp2,5.5,774.8898684273522
musica_relajante,Fp2,6.0,769.2282866318918
musica_relajante,Fp2,6.5,701.2302395884984
musica_relajante,Fp2,7.0,770.2854657025681
musica_relajante,Fp2,7.5,729.0595155723784
musica_relajante,Fp2,8.0,992.8878576456046
musica_relajante,Fp2,8.5,1023.5562354309678
musica_relajante,Fp2,9.0,636.532636542063
musica_relajante,Fp2,9.5,627.7241976343774
musica_relajante,Fp2,10.0,569.2927611727322
musica_relajante,Fp2,10.5,427.5605057672331
musica_relajante,Fp2,11.0,305.2848874004663
musica_relajante,Fp2,11.5,267.0899150444961
musica_relajante,Fp2,12.0,251.3044334321471
musica_relajante,Fp2,12.5,217.3861593365382
musica_relajante,Fp2,13.0,202.53636029541096
musica_relajante,Fp2,13.5,166.5061556484925
musica_relajante,Fp2,14.0,217.6463578912745
musica_relajante,Fp2,14.5,246.5155760933998
musica_relajante,Fp2,15.0,312.178863325466
musica_relajante,Fp2,15.5,323.8295382560045
musica_relajante,Fp2,16.0,313.12362845171555
musica_relajante,Fp2,16.5,347.7806242776144
musica_relajante,Fp2,17.0,301.7994670342043
musica_relajante,Fp2,17.5,230.79593125229616
musica_relajante,Fp2,18.0,245.58398813190712
musica_relajante,Fp2,18.5,280.1866238014922
musica_relajante,Fp2,19.0,296.48125147216615
musica_relajante,Fp2,19.5,346.89246742301435
musica_relajante,Fp2,20.0,295.3054213997498
musica_relajante,Fp2,20.5,236.89147300686503
musica_relajante,Fp2,21.0,224.18599678546573
musica_relajante,Fp2,21.5,177.42535629796785
musica_relajante,Fp2,22.0,198.62815447799073
musica_relajante,Fp2,22.5,241.57318353447832
musica_relajante,Fp2,23.0,244.62686755656463
musica_relajante,Fp2,23.5,218.79922083193526
musica_relajante,Fp2,24.0,215.2166525512422
musica_relajante,Fp2,24.5,184.03255128132378
musica_relajante,Fp2,25.0,179.0815862641682
musica_relajante,Fp2,25.5,154.62776165751046
musica_relajante,Fp2,26.0,138.11567618678845
musica_relajante,Fp2,26.5,126.23726718426391
musica_relajante,Fp2,27.0,125.45259681978614
musica_relajante,Fp2,27.5,140.231562980695
musica_relajante,Fp2,28.0,131.76800513556438
musica_relajante,Fp2,28.5,140.8552743658986
musica_relajante,Fp2,29.0,146.4029589364354
musica_relajante,Fp2,29.5,137.52411919036848
musica_relajante,Fp2,30.0,153.97918678499244
musica_relajante,Fp2,30.5,156.2277073667739
musica_relajante,Fp2,31.0,152.79541130183355
musica_relajante,Fp2,31.5,137.88701992371278
musica_relajante,Fp2,32.0,116.72221858507427
musica_relajante,Fp2,32.5,123.59739056735975
musica_relajante,Fp2,33.0,107.59170057405532
musica_relajante,Fp2,33.5,98.9690319662747
musica_relajante,Fp2,34.0,122.39984277766173
musica_relajante,Fp2,34.5,108.85246966907562
musica_relajante,Fp2,35.0,109.0989930073524
musica_relajante,Fp2,35.5,87.23015490050956
musica_relajante,Fp2,36.0,90.27902591406223
musica_relajante,Fp2,36.5,105.57817026473224
musica_relajante,Fp2,37.0,83.01832562967202
musica_relajante,Fp2,37.5,73.79524707229265
musica_relajante,Fp2,38.0,85.596627126892
musica_relajante,Fp2,38.5,74.13557432984832
musica_relajante,Fp2,39.0,58.06922927893583
musica_relajante,Fp2,39.5,52.080761399983025
musica_relajante,Fp2,40.0,41.304936762490044
musica_relajante,Fp2,40.5,54.70301733793987
musica_relajante,Fp2,41.0,53.88861104029714
musica_relajante,Fp2,41.5,45.09040745925411
musica_relajante,Fp2,42.0,49.9123572669848
musica_relajante,Fp2,42.5,46.31824277536185
musica_relajante,Fp2,43.0,36.52890123298567
musica_relajante,Fp2,43.5,29.129778026657814
musica_relajante,Fp2,44.0,29.93906005298023
musica_relajante,Fp2,44.5,28.584893947617218
musica_relajante,Fp2,45.0,29.05124174031445
musica_relajante,Fp2,45.5,28.092394910282092
musica_relajante,Fp2,46.0,24.19704960803476
musica_relajante,Fp2,46.5,16.773020126163175
musica_relajante,Fp2,47.0,13.031843978902062
musica_relajante,Fp2,47.5,16.032271181190218
musica_relajante,Fp2,48.0,13.16746812531159
musica_relajante,Fp2,48.5,10.169940836291307
musica_relajante,Fp2,49.0,10.902369434851094
musica_relajante,Fp2,49.5,9.608045660751692
musica_relajante,Fp2,50.0,6.736007228712546
musica_relajante,Fp2,50.5,5.551748400880897
musica_relajante,Fp2,51.0,5.9406481832160685
musica_relajante,Fp2,51.5,5.629748387030089
musica_relajante,Fp2,52.0,5.131002776128001
musica_relajante,Fp2,52.5,4.174071731658984
musica_relajante,Fp2,53.0,4.3458302886902125
musica_relajante,Fp2,53.5,3.748162398403984
musica_relajante,Fp2,54.0,3.576517390315189
musica_relajante,Fp2,54.5,2.823071429631354
musica_relajante,Fp2,55.0,2.0240502368646354
musica_relajante,Fp2,55.5,1.786171267556568
musica_relajante,Fp2,56.0,1.615176225831202
musica_relajante,Fp2,56.5,1.4881785374801422
musica_relajante,Fp2,57.0,1.652319394496279
musica_relajante,Fp2,57.5,1.6323673154026848
musica_relajante,Fp2,58.0,1.1260646703960355
musica_relajante,Fp2,58.5,0.7966166149662511
musica_relajante,Fp2,59.0,0.7025693825640876
musica_relajante,Fp2,59.5,0.6111543474280919
musica_relajante,Fp2,60.0,0.4875719788373531
musica_relajante,Fp2,60.5,0.4512726887999618
musica_relajante,Fp2,61.0,0.4063910614363726
musica_relajante,Fp2,61.5,0.362754092473303
musica_relajante,Fp2,62.0,0.28886704303553407
musica_relajante,Fp2,62.5,0.2460572955354422
musica_relajante,Fp2,63.0,0.19934285389093623
musica_relajante,Fp2,63.5,0.19394271126738408
musica_relajante,Fp2,64.0,0.17047363309234348
musica_relajante,Fp2,64.5,0.12982660770555834
musica_relajante,Fp2,65.0,0.1315670276658274
musica_relajante,Fp2,65.5,0.1180546162481797
musica_relajante,Fp2,66.0,0.10097039958917528
musica_relajante,Fp2,66.5,0.0674369993273207
musica_relajante,Fp2,67.0,0.06066251782338645
musica_relajante,Fp2,67.5,0.05692702704501967
musica_relajante,Fp2,68.0,0.053834179944914504
musica_relajante,Fp2,68.5,0.046122985143620954
musica_relajante,Fp2,69.0,0.038853773130552736
musica_relajante,Fp2,69.5,0.026609516731905675
musica_relajante,Fp2,70.0,0.031074794272078755
musica_relajante,Fp2,70.5,0.025535276021670415
musica_relajante,Fp2,71.0,0.016392258668809084
musica_relajante,Fp2,71.5,0.016091501057797934
musica_relajante,Fp2,72.0,0.015175287074817122
musica_relajante,Fp2,72.5,0.014482493160750422
musica_relajante,Fp2,73.0,0.014267065165111295
musica_relajante,Fp2,73.5,0.014668104906997626
musica_relajante,Fp2,74.0,0.009855742693818986
musica_relajante,Fp2,74.5,0.00853862829192237
musica_relajante,Fp2,75.0,0.008484713170690387
musica_relajante,Fp2,75.5,0.007202188624036361
musica_relajante,Fp2,76.0,0.006266658348192042
musica_relajante,Fp2,76.5,0.005100350754949217
musica_relajante,Fp2,77.0,0.005329632654885277
musica_relajante,Fp2,77.5,0.0044187035962377445
musica_relajante,Fp2,78.0,0.0029425773853995335
musica_relajante,Fp2,78.5,0.002801091543997171
musica_relajante,Fp2,79.0,0.0022769144770230895
musica_relajante,Fp2,79.5,0.0016960812500850105
musica_relajante,Fp2,80.0,0.001755664839411298
musica_relajante,Fp2,80.5,0.0018811850867647465
musica_relajante,Fp2,81.0,0.0017593410877113588
musica_relajante,Fp2,81.5,0.0015332780970549356
musica_relajante,Fp2,82.0,0.0011784878434984841
musica_relajante,Fp2,82.5,0.0009559161757828425
musica_relajante,Fp2,83.0,0.000967549833364935
musica_relajante,Fp2,83.5,0.0008758903602835851
musica_relajante,Fp2,84.0,0.0009565627908998623
musica_relajante,Fp2,84.5,0.0008709187868719164
musica_relajante,Fp2,85.0,0.0005869502683669928
musica_relajante,Fp2,85.5,0.00044225805577436175
musica_relajante,Fp2,86.0,0.000423244088055711
musica_relajante,Fp2,86.5,0.0004238102101570482
musica_relajante,Fp2,87.0,0.00036854042121444976
musica_relajante,Fp2,87.5,0.0003026243310642162
musica_relajante,Fp2,88.0,0.0002541949330428256
musica_relajante,Fp2,88.5,0.00020114632940590452
musica_relajante,Fp2,89.0,0.0002105655534945867
musica_relajante,Fp2,89.5,0.00019252266607266142
musica_relajante,Fp2,90.0,0.000187900876819019
musica_relajante,Fp2,90.5,0.00014185527247477205
musica_relajante,Fp2,91.0,0.00013706213491444143
musica_relajante,Fp2,91.5,0.00013760465103991723
musica_relajante,Fp2,92.0,0.00011591294682179062
musica_relajante,Fp2,92.5,8.325546933008071e-05
musica_relajante,Fp2,93.0,8.316919743741852e-05
musica_relajante,Fp2,93.5,8.347927617425094e-05
musica_relajante,Fp2,94.0,6.226656451129904e-05
musica_relajante,Fp2,94.5,6.44075323814918e-05
musica_relajante,Fp2,95.0,6.642203655048017e-05
musica_relajante,Fp2,95.5,6.118611346298259e-05
musica_relajante,Fp2,96.0,4.885404123042962e-05
musica_relajante,Fp2,96.5,4.766400742311991e-05
musica_relajante,Fp2,97.0,3.8479984819337674e-05
musica_relajante,Fp2,97.5,2.646332265037654e-05
musica_relajante,Fp2,98.0,2.9723757967927707e-05
musica_relajante,Fp2,98.5,2.8101594105123154e-05
musica_relajante,Fp2,99.0,2.4945623606199207e-05
musica_relajante,Fp2,99.5,2.806184330241635e-05
musica_relajante,Fp2,100.0,2.35218274767773e-05
musica_relajante,Fp2,100.5,1.6620489517813055e-05
musica_relajante,Fp2,101.0,1.5710877662306686e-05
musica_relajante,Fp2,101.5,1.390544693354762e-05
musica_relajante,Fp2,102.0,1.3705951390738211e-05
musica_relajante,Fp2,102.5,1.2550358439239966e-05
musica_relajante,Fp2,103.0,8.780530251989041e-06
musica_relajante,Fp2,103.5,6.190202007333555e-06
musica_relajante,Fp2,104.0,6.438071378577195e-06
musica_relajante,Fp2,104.5,5.49933884823273e-06
musica_relajante,Fp2,105.0,6.113408726441049e-06
musica_relajante,Fp2,105.5,4.879063638006667e-06
musica_relajante,Fp2,106.0,4.774348895602755e-06
musica_relajante,Fp2,106.5,4.588572683727687e-06
musica_relajante,Fp2,107.0,4.422453380538272e-06
musica_relajante,Fp2,107.5,4.743584643373247e-06
musica_relajante,Fp2,108.0,4.1902840515011184e-06
musica_relajante,Fp2,108.5,3.2215449987985136e-06
musica_relajante,Fp2,109.0,2.445920730358201e-06
musica_relajante,Fp2,109.5,2.25221172983869e-06
musica_relajante,Fp2,110.0,2.3242103018331947e-06
musica_relajante,Fp2,110.5,2.5112195447151532e-06
musica_relajante,Fp2,111.0,1.7844128959232495e-06
musica_relajante,Fp2,111.5,1.5803152927841885e-06
musica_relajante,Fp2,112.0,1.669964277299427e-06
musica_relajante,Fp2,112.5,1.4352346895326e-06
musica_relajante,Fp2,113.0,1.1966071126563672e-06
musica_relajante,Fp2,113.5,1.3213725568659524e-06
musica_relajante,Fp2,114.0,1.1238810218110735e-06
musica_relajante,Fp2,114.5,1.082949203226057e-06
musica_relajante,Fp2,115.0,1.0058421167329186e-06
musica_relajante,Fp2,115.5,7.626045736713232e-07
musica_relajante,Fp2,116.0,7.654678131317332e-07
musica_relajante,Fp2,116.5,8.165340157323068e-07
musica_relajante,Fp2,117.0,7.388113199681699e-07
musica_relajante,Fp2,117.5,6.111619114146841e-07
musica_relajante,Fp2,118.0,5.25080689370535e-07
musica_relajante,Fp2,118.5,5.073504942406046e-07
musica_relajante,Fp2,119.0,4.743162792069337e-07
musica_relajante,Fp2,119.5,5.289873001126225e-07
musica_relajante,Fp2,120.0,4.193782534510038e-07
musica_relajante,Fp2,120.5,3.196611187886567e-07
musica_relajante,Fp2,121.0,3.2898763206835463e-07
musica_relajante,Fp2,121.5,2.428110383720694e-07
musica_relajante,Fp2,122.0,2.3043063349195332e-07
musica_relajante,Fp2,122.5,1.8231720878223725e-07
musica_relajante,Fp2,123.0,1.4945826088126253e-07
musica_relajante,Fp2,123.5,1.6472894784453175e-07
musica_relajante,Fp2,124.0,1.583949764223591e-07
musica_relajante,Fp2,124.5,1.3728158988923053e-07
musica_relajante,Fp2,125.0,1.3999595867937337e-07
musica_relajante,Fp2,125.5,1.1099038354067005e-07
musica_relajante,Fp2,126.0,1.3092485227326586e-07
musica_relajante,Fp2,126.5,1.1826360478393708e-07
musica_relajante,Fp2,127.0,8.112992110098944e-08
musica_relajante,Fp2,127.5,7.191668780399005e-08
musica_relajante,Fp2,128.0,5.6189898948176744e-08
musica_relajante,Fp2,128.5,6.37543430380513e-08
musica_relajante,Fp2,129.0,7.480658184988234e-08
musica_relajante,Fp2,129.5,5.730982287440287e-08
musica_relajante,Fp2,130.0,5.348870588309781e-08
musica_relajante,Fp2,130.5,4.480989873929309e-08
musica_relajante,Fp2,131.0,4.2691476890356235e-08
musica_relajante,Fp2,131.5,4.8975082860648055e-08
musica_relajante,Fp2,132.0,5.1662957833635116e-08
musica_relajante,Fp2,132.5,5.571324641974174e-08
musica_relajante,Fp2,133.0,4.3635694911425374e-08
musica_relajante,Fp2,133.5,3.70201036522009e-08
musica_relajante,Fp2,134.0,3.222249805101171e-08
musica_relajante,Fp2,134.5,3.182482141494617e-08
musica_relajante,Fp2,135.0,2.6129283336784892e-08
musica_relajante,Fp2,135.5,2.2655631943123686e-08
musica_relajante,Fp2,136.0,2.408112236100708e-08
musica_relajante,Fp2,136.5,2.460896757532844e-08
musica_relajante,Fp2,137.0,1.8724443847270287e-08
musica_relajante,Fp2,137.5,1.5976261243313203e-08
musica_relajante,Fp2,138.0,1.6422830106841007e-08
musica_relajante,Fp2,138.5,1.5598308762864935e-08
musica_relajante,Fp2,139.0,1.4241783165442285e-08
musica_relajante,Fp2,139.5,1.2156380826917994e-08
musica_relajante,Fp2,140.0,9.852742421072742e-09
musica_relajante,Fp2,140.5,7.764638570829796e-09
musica_relajante,Fp2,141.0,8.906820088533977e-09
musica_relajante,Fp2,141.5,9.0133209280858e-09
musica_relajante,Fp2,142.0,8.636110000009955e-09
musica_relajante,Fp2,142.5,7.853646154984408e-09
musica_relajante,Fp2,143.0,7.323800927240771e-09
musica_relajante,Fp2,143.5,6.527244547862453e-09
musica_relajante,Fp2,144.0,6.144759253819807e-09
musica_relajante,Fp2,144.5,4.417741454998472e-09
musica_relajante,Fp2,145.0,4.547732702941298e-09
musica_relajante,Fp2,145.5,5.620350008343385e-09
musica_relajante,Fp2,146.0,4.8624102744991955e-09
musica_relajante,Fp2,146.5,4.4869860390841115e-09
musica_relajante,Fp2,147.0,4.491150946167897e-09
musica_relajante,Fp2,147.5,3.911141283119133e-09
musica_relajante,Fp2,148.0,3.4089677531693423e-09
musica_relajante,Fp2,148.5,3.0272119113523203e-09
musica_relajante,Fp2,149.0,2.887882200289257e-09
musica_relajante,Fp2,149.5,2.554783215106016e-09
musica_relajante,Fp2,150.0,2.4036150274100723e-09
musica_relajante,Fp2,150.5,1.8889176779239604e-09
musica_relajante,Fp2,151.0,1.4611128553972813e-09
musica_relajante,Fp2,151.5,1.7899258669438704e-09
musica_relajante,Fp2,152.0,1.8165927320417828e-09
musica_relajante,Fp2,152.5,1.7226949619227697e-09
musica_relajante,Fp2,153.0,1.7943046420832094e-09
musica_relajante,Fp2,153.5,1.3249802973131186e-09
musica_relajante,Fp2,154.0,1.1473156653638353e-09
musica_relajante,Fp2,154.5,1.1221988697665083e-09
musica_relajante,Fp2,155.0,1.234869679199759e-09
musica_relajante,Fp2,155.5,1.2300441416284577e-09
musica_relajante,Fp2,156.0,8.918474500209301e-10
musica_relajante,Fp2,156.5,7.485648178103062e-10
musica_relajante,Fp2,157.0,7.214758860077284e-10
musica_relajante,Fp2,157.5,6.513891447377086e-10
musica_relajante,Fp2,158.0,5.666064024731977e-10
musica_relajante,Fp2,158.5,5.912389934753827e-10
musica_relajante,Fp2,159.0,6.068665838176269e-10
musica_relajante,Fp2,159.5,6.543450636588076e-10
musica_relajante,Fp2,160.0,5.24151979236845e-10
musica_relajante,Fp2,160.5,4.373149362791423e-10
musica_relajante,Fp2,161.0,4.2689507078043886e-10
musica_relajante,Fp2,161.5,3.5123366086225183e-10
musica_relajante,Fp2,162.0,3.6209484540779245e-10
musica_relajante,Fp2,162.5,3.8860747372017596e-10
musica_relajante,Fp2,163.0,3.6345585702075467e-10
musica_relajante,Fp2,163.5,3.461884231676991e-10
musica_relajante,Fp2,164.0,2.965288378851299e-10
musica_relajante,Fp2,164.5,2.1854314917121285e-10
musica_relajante,Fp2,165.0,2.1787570258566832e-10
musica_relajante,Fp2,165.5,2.346731212566336e-10
musica_relajante,Fp2,166.0,2.518724020700446e-10
musica_relajante,Fp2,166.5,1.704809732298531e-10
musica_relajante,Fp2,167.0,1.3098590091583231e-10
musica_relajante,Fp2,167.5,1.8622286398345942e-10
musica_relajante,Fp2,168.0,1.9829551037845853e-10
musica_relajante,Fp2,168.5,1.3604168396997807e-10
musica_relajante,Fp2,169.0,1.1375558234382117e-10
musica_relajante,Fp2,169.5,1.0533249641108588e-10
musica_relajante,Fp2,170.0,1.378888894111145e-10
musica_relajante,Fp2,170.5,1.227522138364492e-10
musica_relajante,Fp2,171.0,1.226865960620077e-10
musica_relajante,Fp2,171.5,8.893762594412366e-11
musica_relajante,Fp2,172.0,9.31557897694172e-11
musica_relajante,Fp2,172.5,8.658259140489238e-11
musica_relajante,Fp2,173.0,8.06103040962576e-11
musica_relajante,Fp2,173.5,7.648904063832197e-11
musica_relajante,Fp2,174.0,7.730970262178803e-11
musica_relajante,Fp2,174.5,6.978897717396202e-11
musica_relajante,Fp2,175.0,6.094873038771772e-11
musica_relajante,Fp2,175.5,5.643420093686102e-11
musica_relajante,Fp2,176.0,6.080964399495542e-11
musica_relajante,Fp2,176.5,6.297046985109748e-11
musica_relajante,Fp2,177.0,5.65533454768502e-11
musica_relajante,Fp2,177.5,4.1253096984362355e-11
musica_relajante,Fp2,178.0,4.3249836460617044e-11
musica_relajante,Fp2,178.5,4.244274884413803e-11
musica_relajante,Fp2,179.0,3.35555692718632e-11
musica_relajante,Fp2,179.5,3.442282913967812e-11
musica_relajante,Fp2,180.0,3.973664707920202e-11
musica_relajante,Fp2,180.5,3.5181053221466787e-11
musica_relajante,Fp2,181.0,2.4528915896245326e-11
musica_relajante,Fp2,181.5,2.8353201456363936e-11
musica_relajante,Fp2,182.0,2.920645912880114e-11
musica_relajante,Fp2,182.5,2.5855134890092597e-11
musica_relajante,Fp2,183.0,2.2348844156806755e-11
musica_relajante,Fp2,183.5,1.8697358760669347e-11
musica_relajante,Fp2,184.0,2.0409632330664724e-11
musica_relajante,Fp2,184.5,2.362521235060004e-11
musica_relajante,Fp2,185.0,2.1406674341361525e-11
musica_relajante,Fp2,185.5,2.0469042166657953e-11
musica_relajante,Fp2,186.0,1.485373320713371e-11
musica_relajante,Fp2,186.5,1.7736788326828455e-11
musica_relajante,Fp2,187.0,1.5341828483269847e-11
musica_relajante,Fp2,187.5,1.1436660788025274e-11
musica_relajante,Fp2,188.0,1.0924411923890758e-11
musica_relajante,Fp2,188.5,1.2936581201281846e-11
musica_relajante,Fp2,189.0,1.2099011082266803e-11
musica_relajante,Fp2,189.5,1.1970735829003288e-11
musica_relajante,Fp2,190.0,8.903513537653336e-12
musica_relajante,Fp2,190.5,1.0309121968878365e-11
musica_relajante,Fp2,191.0,9.178802814715651e-12
musica_relajante,Fp2,191.5,7.380797981863144e-12
musica_relajante,Fp2,192.0,1.025497671736712e-11
musica_relajante,Fp2,192.5,7.717763663212089e-12
musica_relajante,Fp2,193.0,7.695819224314566e-12
musica_relajante,Fp2,193.5,6.044306911263413e-12
musica_relajante,Fp2,194.0,6.978102942179711e-12
musica_relajante,Fp2,194.5,5.03014609135505e-12
musica_relajante,Fp2,195.0,5.9135403317397106e-12
musica_relajante,Fp2,195.5,4.19087707977114e-12
musica_relajante,Fp2,196.0,5.8691106705978565e-12
musica_relajante,Fp2,196.5,4.386551005209755e-12
musica_relajante,Fp2,197.0,3.845666265861949e-12
musica_relajante,Fp2,197.5,4.74595010478378e-12
musica_relajante,Fp2,198.0,4.13518398926911e-12
musica_relajante,Fp2,198.5,3.80795849366105e-12
musica_relajante,Fp2,199.0,4.293351774137143e-12
musica_relajante,Fp2,199.5,3.7125720525507126e-12
musica_relajante,Fp2,200.0,3.933935168926077e-12
musica_relajante,Fp2,200.5,3.857535126173919e-12
musica_relajante,Fp2,201.0,3.016034688237047e-12
musica_relajante,Fp2,201.5,3.138963541065771e-12
musica_relajante,Fp2,202.0,3.164928508684087e-12
musica_relajante,Fp2,202.5,3.2106954831237285e-12
musica_relajante,Fp2,203.0,2.689496421739494e-12
musica_relajante,Fp2,203.5,2.4840490093685038e-12
musica_relajante,Fp2,204.0,2.6739777867426954e-12
musica_relajante,Fp2,204.5,2.516004914456462e-12
musica_relajante,Fp2,205.0,2.0688176725233703e-12
musica_relajante,Fp2,205.5,2.1836721728484368e-12
musica_relajante,Fp2,206.0,1.825658439604273e-12
musica_relajante,Fp2,206.5,2.0302596706823564e-12
musica_relajante,Fp2,207.0,2.0387481802482983e-12
musica_relajante,Fp2,207.5,1.7299093951331553e-12
musica_relajante,Fp2,208.0,1.5780292921657158e-12
musica_relajante,Fp2,208.5,1.9357090558855354e-12
musica_relajante,Fp2,209.0,1.3711233480162313e-12
musica_relajante,Fp2,209.5,1.9236774503130663e-12
musica_relajante,Fp2,210.0,1.3148692396908959e-12
musica_relajante,Fp2,210.5,1.565669256715531e-12
musica_relajante,Fp2,211.0,1.5015917139932822e-12
musica_relajante,Fp2,211.5,1.5342924313015462e-12
musica_relajante,Fp2,212.0,1.4025379735207327e-12
musica_relajante,Fp2,212.5,1.46282364754302e-12
musica_relajante,Fp2,213.0,1.5050832723334134e-12
musica_relajante,Fp2,213.5,9.491716820980211e-13
musica_relajante,Fp2,214.0,1.4320713368827853e-12
musica_relajante,Fp2,214.5,9.71346633634348e-13
musica_relajante,Fp2,215.0,1.1491254412803836e-12
musica_relajante,Fp2,215.5,1.0348519220762926e-12
musica_relajante,Fp2,216.0,1.0563116938354378e-12
musica_relajante,Fp2,216.5,1.0440804957588305e-12
musica_relajante,Fp2,217.0,9.80193429959966e-13
musica_relajante,Fp2,217.5,1.000682969079027e-12
musica_relajante,Fp2,218.0,9.052944277657772e-13
musica_relajante,Fp2,218.5,9.398560700174026e-13
musica_relajante,Fp2,219.0,8.762157944141742e-13
musica_relajante,Fp2,219.5,1.043535160280344e-12
musica_relajante,Fp2,220.0,8.052299936475748e-13
musica_relajante,Fp2,220.5,8.496903892418202e-13
musica_relajante,Fp2,221.0,8.2394880691125e-13
musica_relajante,Fp2,221.5,7.59316123236545e-13
musica_relajante,Fp2,222.0,7.833360418833864e-13
musica_relajante,Fp2,222.5,8.491969737870419e-13
musica_relajante,Fp2,223.0,7.158155378701209e-13
musica_relajante,Fp2,223.5,8.083674832054756e-13
musica_relajante,Fp2,224.0,6.628796878243334e-13
musica_relajante,Fp2,224.5,6.995512402174159e-13
musica_relajante,Fp2,225.0,6.934169901058446e-13
musica_relajante,Fp2,225.5,6.374527923511778e-13
musica_relajante,Fp2,226.0,7.441874967608007e-13
musica_relajante,Fp2,226.5,5.740852634577029e-13
musica_relajante,Fp2,227.0,6.798595085000429e-13
musica_relajante,Fp2,227.5,6.065823557201765e-13
musica_relajante,Fp2,228.0,6.14435712615001e-13
musica_relajante,Fp2,228.5,5.929241746341939e-13
musica_relajante,Fp2,229.0,6.071959424471161e-13
musica_relajante,Fp2,229.5,5.926001683918404e-13
musica_relajante,Fp2,230.0,5.502347854153189e-13
musica_relajante,Fp2,230.5,5.77340190531291e-13
musica_relajante,Fp2,231.0,5.179192357954674e-13
musica_relajante,Fp2,231.5,6.038404221245124e-13
musica_relajante,Fp2,232.0,4.603803771318364e-13
musica_relajante,Fp2,232.5,5.655545768332153e-13
musica_relajante,Fp2,233.0,5.158988338756868e-13
musica_relajante,Fp2,233.5,5.175817012765686e-13
musica_relajante,Fp2,234.0,4.757575739894282e-13
musica_relajante,Fp2,234.5,4.75629216977727e-13
musica_relajante,Fp2,235.0,5.106956786720847e-13
musica_relajante,Fp2,235.5,4.5026711366303857e-13
musica_relajante,Fp2,236.0,4.6980522055154e-13
musica_relajante,Fp2,236.5,4.617545262769587e-13
musica_relajante,Fp2,237.0,4.553339408190679e-13
musica_relajante,Fp2,237.5,4.1794283864098126e-13
musica_relajante,Fp2,238.0,4.661399667053294e-13
musica_relajante,Fp2,238.5,4.147585380708087e-13
musica_relajante,Fp2,239.0,4.2283080055386036e-13
musica_relajante,Fp2,239.5,4.2453093107635553e-13
musica_relajante,Fp2,240.0,4.200184482428161e-13
musica_relajante,Fp2,240.5,3.9552541088524687e-13
musica_relajante,Fp2,241.0,3.9566498924188203e-13
musica_relajante,Fp2,241.5,4.0379846781913487e-13
musica_relajante,Fp2,242.0,3.8732210613416237e-13
musica_relajante,Fp2,242.5,3.7160696115793937e-13
musica_relajante,Fp2,243.0,3.8469316672707525e-13
musica_relajante,Fp2,243.5,3.805536751898526e-13
musica_relajante,Fp2,244.0,3.579622237285036e-13
musica_relajante,Fp2,244.5,3.603720391549023e-13
musica_relajante,Fp2,245.0,3.6266136485858765e-13
musica_relajante,Fp2,245.5,3.55404478466667e-13
musica_relajante,Fp2,246.0,3.467522930560595e-13
musica_relajante,Fp2,246.5,3.498407693460547e-13
musica_relajante,Fp2,247.0,3.318435027725919e-13
musica_relajante,Fp2,247.5,3.24387415410972e-13
musica_relajante,Fp2,248.0,3.380976321694131e-13
musica_relajante,Fp2,248.5,3.147168229531542e-13
musica_relajante,Fp2,249.0,3.366911464091733e-13
musica_relajante,Fp2,249.5,3.0430081888569664e-13
musica_relajante,Fp2,250.0,2.9991040674005954e-13
musica_relajante,Fp2,250.5,3.228093265002422e-13
musica_relajante,Fp2,251.0,2.9203123234013764e-13
musica_relajante,Fp2,251.5,3.0118658305088564e-13
musica_relajante,Fp2,252.0,2.97876168088427e-13
musica_relajante,Fp2,252.5,2.8537743126338244e-13
musica_relajante,Fp2,253.0,2.8503196951801213e-13
musica_relajante,Fp2,253.5,2.8748168279008243e-13
musica_relajante,Fp2,254.0,2.791002834457341e-13
musica_relajante,Fp2,254.5,2.7597393410314524e-13
musica_relajante,Fp2,255.0,2.6919652709491974e-13
musica_relajante,Fp2,255.5,2.7232876598802173e-13
musica_relajante,Fp2,256.0,2.641696360596482e-13
musica_relajante,Fp2,256.5,2.5921614268321103e-13
musica_relajante,Fp2,257.0,2.6067452489664865e-13
musica_relajante,Fp2,257.5,2.53571963558589e-13
musica_relajante,Fp2,258.0,2.5152928142895326e-13
musica_relajante,Fp2,258.5,2.529851495902015e-13
musica_relajante,Fp2,259.0,2.4123563214868604e-13
musica_relajante,Fp2,259.5,2.436449587595153e-13
musica_relajante,Fp2,260.0,2.394913960314285e-13
musica_relajante,Fp2,260.5,2.385741714561425e-13
musica_relajante,Fp2,261.0,2.2957648499245585e-13
musica_relajante,Fp2,261.5,2.313796249494729e-13
musica_relajante,Fp2,262.0,2.2892669329732397e-13
musica_relajante,Fp2,262.5,2.235082530743109e-13
musica_relajante,Fp2,263.0,2.23642857286492e-13
musica_relajante,Fp2,263.5,2.1855583901736196e-13
musica_relajante,Fp2,264.0,2.16008107764402e-13
musica_relajante,Fp2,264.5,2.1352901845936422e-13
musica_relajante,Fp2,265.0,2.117334333135091e-13
musica_relajante,Fp2,265.5,2.1017900895853703e-13
musica_relajante,Fp2,266.0,2.0385923911523371e-13
musica_relajante,Fp2,266.5,2.0331677775711538e-13
musica_relajante,Fp2,267.0,2.0334600902492073e-13
musica_relajante,Fp2,267.5,1.9519973142373558e-13
musica_relajante,Fp2,268.0,1.9907376512555432e-13
musica_relajante,Fp2,268.5,1.9041703015328113e-13
musica_relajante,Fp2,269.0,1.961856881319462e-13
musica_relajante,Fp2,269.5,1.865888825279359e-13
musica_relajante,Fp2,270.0,1.863288537469206e-13
musica_relajante,Fp2,270.5,1.8558750718623155e-13
musica_relajante,Fp2,271.0,1.8144859513327822e-13
musica_relajante,Fp2,271.5,1.807198531640074e-13
musica_relajante,Fp2,272.0,1.7776705397407886e-13
musica_relajante,Fp2,272.5,1.7699578702241595e-13
musica_relajante,Fp2,273.0,1.7275427032837717e-13
musica_relajante,Fp2,273.5,1.7152812082292108e-13
musica_relajante,Fp2,274.0,1.7065358334109056e-13
musica_relajante,Fp2,274.5,1.6614905106277907e-13
musica_relajante,Fp2,275.0,1.6770520861839748e-13
musica_relajante,Fp2,275.5,1.6344983088194603e-13
musica_relajante,Fp2,276.0,1.602958254502847e-13
musica_relajante,Fp2,276.5,1.606939817844114e-13
musica_relajante,Fp2,277.0,1.5880408536221734e-13
musica_relajante,Fp2,277.5,1.5518234797695086e-13
musica_relajante,Fp2,278.0,1.5436957234758966e-13
musica_relajante,Fp2,278.5,1.5248197829571874e-13
musica_relajante,Fp2,279.0,1.5043590670688753e-13
musica_relajante,Fp2,279.5,1.4933699214831737e-13
musica_relajante,Fp2,280.0,1.4685355252666825e-13
musica_relajante,Fp2,280.5,1.456012984006121e-13
musica_relajante,Fp2,281.0,1.4317098383114927e-13
musica_relajante,Fp2,281.5,1.4310638048824233e-13
musica_relajante,Fp2,282.0,1.4012079471084987e-13
musica_relajante,Fp2,282.5,1.3783718126224982e-13
musica_relajante,Fp2,283.0,1.3850363335761696e-13
musica_relajante,Fp2,283.5,1.3461126468091292e-13
musica_relajante,Fp2,284.0,1.3455314997970633e-13
musica_relajante,Fp2,284.5,1.3224090025207361e-13
musica_relajante,Fp2,285.0,1.3160572878343694e-13
musica_relajante,Fp2,285.5,1.2873108060419054e-13
musica_relajante,Fp2,286.0,1.2861759710091478e-13
musica_relajante,Fp2,286.5,1.258997123263663e-13
musica_relajante,Fp2,287.0,1.2531579123638978e-13
musica_relajante,Fp2,287.5,1.2346038307484626e-13
musica_relajante,Fp2,288.0,1.2202835532309136e-13
musica_relajante,Fp2,288.5,1.2093218073180302e-13
musica_relajante,Fp2,289.0,1.194187433039554e-13
musica_relajante,Fp2,289.5,1.1794849155475846e-13
musica_relajante,Fp2,290.0,1.1645270203116064e-13
musica_relajante,Fp2,290.5,1.1561287618501816e-13
musica_relajante,Fp2,291.0,1.1419672003323658e-13
musica_relajante,Fp2,291.5,1.1275070180295167e-13
musica_relajante,Fp2,292.0,1.114001504636687e-13
musica_relajante,Fp2,292.5,1.0973814477478955e-13
musica_relajante,Fp2,293.0,1.0934776206655835e-13
musica_relajante,Fp2,293.5,1.0770227100587178e-13
musica_relajante,Fp2,294.0,1.0625803404336658e-13
musica_relajante,Fp2,294.5,1.0550986539225324e-13
musica_relajante,Fp2,295.0,1.0378199664546004e-13
musica_relajante,Fp2,295.5,1.03040956990767e-13
musica_relajante,Fp2,296.0,1.0192952126939855e-13
musica_relajante,Fp2,296.5,1.0038864012684889e-13
musica_relajante,Fp2,297.0,9.955559345870256e-14
musica_relajante,Fp2,297.5,9.836003225904606e-14
musica_relajante,Fp2,298.0,9.707706942579834e-14
musica_relajante,Fp2,298.5,9.629640087854921e-14
musica_relajante,Fp2,299.0,9.486916642265883e-14
musica_relajante,Fp2,299.5,9.433131727212019e-14
musica_relajante,Fp2,300.0,9.280314992241121e-14
musica_relajante,Fp2,300.5,9.177340080313583e-14
musica_relajante,Fp2,301.0,9.093652377193133e-14
musica_relajante,Fp2,301.5,8.985246053781903e-14
musica_relajante,Fp2,302.0,8.896513400885938e-14
musica_relajante,Fp2,302.5,8.781158367869362e-14
musica_relajante,Fp2,303.0,8.685199218813874e-14
musica_relajante,Fp2,303.5,8.602104518435711e-14
musica_relajante,Fp2,304.0,8.490375286187204e-14
musica_relajante,Fp2,304.5,8.396512158466481e-14
musica_relajante,Fp2,305.0,8.315233622400357e-14
musica_relajante,Fp2,305.5,8.20556403359533e-14
musica_relajante,Fp2,306.0,8.138968452104697e-14
musica_relajante,Fp2,306.5,8.024631040169661e-14
musica_relajante,Fp2,307.0,7.948500685384377e-14
musica_relajante,Fp2,307.5,7.858685242937256e-14
musica_relajante,Fp2,308.0,7.770436570984666e-14
musica_relajante,Fp2,308.5,7.676651688261265e-14
musica_relajante,Fp2,309.0,7.603575035012081e-14
musica_relajante,Fp2,309.5,7.52257615383831e-14
musica_relajante,Fp2,310.0,7.430098199676738e-14
musica_relajante,Fp2,310.5,7.347658505734344e-14
musica_relajante,Fp2,311.0,7.271878466200552e-14
musica_relajante,Fp2,311.5,7.183635881428799e-14
musica_relajante,Fp2,312.0,7.11689651202175e-14
musica_relajante,Fp2,312.5,7.023450841703489e-14
musica_relajante,Fp2,313.0,6.95918486518772e-14
musica_relajante,Fp2,313.5,6.87830123532229e-14
musica_relajante,Fp2,314.0,6.803497849873749e-14
musica_relajante,Fp2,314.5,6.730580994187215e-14
musica_relajante,Fp2,315.0,6.641304527449386e-14
musica_relajante,Fp2,315.5,6.591375575358448e-14
musica_relajante,Fp2,316.0,6.508621076416104e-14
musica_relajante,Fp2,316.5,6.432540799441654e-14
musica_relajante,Fp2,317.0,6.363341595027854e-14
musica_relajante,Fp2,317.5,6.304108359460457e-14
musica_relajante,Fp2,318.0,6.225882781821067e-14
musica_relajante,Fp2,318.5,6.159555967066292e-14
musica_relajante,Fp2,319.0,6.088475621482079e-14
musica_relajante,Fp2,319.5,6.029951447012546e-14
musica_relajante,Fp2,320.0,5.957364112883973e-14
musica_relajante,Fp2,320.5,5.895102110691379e-14
musica_relajante,Fp2,321.0,5.829112556740116e-14
musica_relajante,Fp2,321.5,5.767950511251973e-14
musica_relajante,Fp2,322.0,5.706718282009087e-14
musica_relajante,Fp2,322.5,5.636392013968202e-14
musica_relajante,Fp2,323.0,5.576656507342645e-14
musica_relajante,Fp2,323.5,5.5257103993749786e-14
musica_relajante,Fp2,324.0,5.460780375820075e-14
musica_relajante,Fp2,324.5,5.3900093657249275e-14
musica_relajante,Fp2,325.0,5.3483910704339116e-14
musica_relajante,Fp2,325.5,5.277655340974724e-14
musica_relajante,Fp2,326.0,5.227937161785291e-14
musica_relajante,Fp2,326.5,5.1677014239829254e-14
musica_relajante,Fp2,327.0,5.107686207366167e-14
musica_relajante,Fp2,327.5,5.05705970774757e-14
musica_relajante,Fp2,328.0,5.004114989518296e-14
musica_relajante,Fp2,328.5,4.9433839771292885e-14
musica_relajante,Fp2,329.0,4.8960559333801065e-14
musica_relajante,Fp2,329.5,4.8349098003475086e-14
musica_relajante,Fp2,330.0,4.789033419457413e-14
musica_relajante,Fp2,330.5,4.7363332672610935e-14
musica_relajante,Fp2,331.0,4.681208762995569e-14
musica_relajante,Fp2,331.5,4.635353383568331e-14
musica_relajante,Fp2,332.0,4.5795149725681313e-14
musica_relajante,Fp2,332.5,4.532132691897376e-14
musica_relajante,Fp2,333.0,4.4845716131902675e-14
musica_relajante,Fp2,333.5,4.434084532305213e-14
musica_relajante,Fp2,334.0,4.38759241490391e-14
musica_relajante,Fp2,334.5,4.3348682039453455e-14
musica_relajante,Fp2,335.0,4.294466260026695e-14
musica_relajante,Fp2,335.5,4.243833748070274e-14
musica_relajante,Fp2,336.0,4.197735316285934e-14
musica_relajante,Fp2,336.5,4.153520513248783e-14
musica_relajante,Fp2,337.0,4.109172638462481e-14
musica_relajante,Fp2,337.5,4.0631654249207116e-14
musica_relajante,Fp2,338.0,4.018695469969295e-14
musica_relajante,Fp2,338.5,3.9756894053289255e-14
musica_relajante,Fp2,339.0,3.931555933574598e-14
musica_relajante,Fp2,339.5,3.891862802713437e-14
musica_relajante,Fp2,340.0,3.844355933987212e-14
musica_relajante,Fp2,340.5,3.8062813646183757e-14
musica_relajante,Fp2,341.0,3.764041123293267e-14
musica_relajante,Fp2,341.5,3.723804698859929e-14
musica_relajante,Fp2,342.0,3.6830386139279324e-14
musica_relajante,Fp2,342.5,3.641532002022734e-14
musica_relajante,Fp2,343.0,3.605083961907985e-14
musica_relajante,Fp2,343.5,3.561674050850888e-14
musica_relajante,Fp2,344.0,3.525506185359047e-14
musica_relajante,Fp2,344.5,3.486956707048435e-14
musica_relajante,Fp2,345.0,3.4486416339983413e-14
musica_relajante,Fp2,345.5,3.4116373101842574e-14
musica_relajante,Fp2,346.0,3.373530575633752e-14
musica_relajante,Fp2,346.5,3.33734317524065e-14
musica_relajante,Fp2,347.0,3.300545779495634e-14
musica_relajante,Fp2,347.5,3.2647880158586173e-14
musica_relajante,Fp2,348.0,3.229028698044747e-14
musica_relajante,Fp2,348.5,3.195016936582266e-14
musica_relajante,Fp2,349.0,3.158377467150813e-14
musica_relajante,Fp2,349.5,3.124997704030956e-14
musica_relajante,Fp2,350.0,3.090019340101649e-14
musica_relajante,Fp2,350.5,3.056904903163744e-14
musica_relajante,Fp2,351.0,3.023226512780246e-14
musica_relajante,Fp2,351.5,2.9902453876231357e-14
musica_relajante,Fp2,352.0,2.957956638948122e-14
musica_relajante,Fp2,352.5,2.9243970150368275e-14
musica_relajante,Fp2,353.0,2.893383328991927e-14
musica_relajante,Fp2,353.5,2.861581100563988e-14
musica_relajante,Fp2,354.0,2.8294304270782163e-14
musica_relajante,Fp2,354.5,2.7994101672041428e-14
musica_relajante,Fp2,355.0,2.76831439516396e-14
musica_relajante,Fp2,355.5,2.737396950186985e-14
musica_relajante,Fp2,356.0,2.7078677287251564e-14
musica_relajante,Fp2,356.5,2.6778821064462247e-14
musica_relajante,Fp2,357.0,2.648745815902045e-14
musica_relajante,Fp2,357.5,2.6189740529203498e-14
musica_relajante,Fp2,358.0,2.59072285838709e-14
musica_relajante,Fp2,358.5,2.5618162499963853e-14
musica_relajante,Fp2,359.0,2.533276024616811e-14
musica_relajante,Fp2,359.5,2.5060443409185754e-14
musica_relajante,Fp2,360.0,2.4780538599009494e-14
musica_relajante,Fp2,360.5,2.450179056218071e-14
musica_relajante,Fp2,361.0,2.4236410528049248e-14
musica_relajante,Fp2,361.5,2.3967246982985972e-14
musica_relajante,Fp2,362.0,2.3698301734571405e-14
musica_relajante,Fp2,362.5,2.343765692213094e-14
musica_relajante,Fp2,363.0,2.3177617631037548e-14
musica_relajante,Fp2,363.5,2.292103628386692e-14
musica_relajante,Fp2,364.0,2.266485646604599e-14
musica_relajante,Fp2,364.5,2.2409722118375226e-14
musica_relajante,Fp2,365.0,2.216579158807561e-14
musica_relajante,Fp2,365.5,2.1914370018923234e-14
musica_relajante,Fp2,366.0,2.1672460329966626e-14
musica_relajante,Fp2,366.5,2.1426884851542744e-14
musica_relajante,Fp2,367.0,2.119124583713935e-14
musica_relajante,Fp2,367.5,2.095002324853553e-14
musica_relajante,Fp2,368.0,2.0719368114993664e-14
musica_relajante,Fp2,368.5,2.0484427925430392e-14
musica_relajante,Fp2,369.0,2.0254918396397193e-14
musica_relajante,Fp2,369.5,2.0025899588167728e-14
musica_relajante,Fp2,370.0,1.980280290629914e-14
musica_relajante,Fp2,370.5,1.9578932151431835e-14
musica_relajante,Fp2,371.0,1.9357923159846245e-14
musica_relajante,Fp2,371.5,1.9138576758159037e-14
musica_relajante,Fp2,372.0,1.8922932672378268e-14
musica_relajante,Fp2,372.5,1.870870556349999e-14
musica_relajante,Fp2,373.0,1.8495846838728463e-14
musica_relajante,Fp2,373.5,1.8288299555005457e-14
musica_relajante,Fp2,374.0,1.807776509473601e-14
musica_relajante,Fp2,374.5,1.7873375498800302e-14
musica_relajante,Fp2,375.0,1.766940972996135e-14
musica_relajante,Fp2,375.5,1.7468339704197667e-14
musica_relajante,Fp2,376.0,1.7268272727173447e-14
musica_relajante,Fp2,376.5,1.7071367304641153e-14
musica_relajante,Fp2,377.0,1.687470064903237e-14
musica_relajante,Fp2,377.5,1.668279833162356e-14
musica_relajante,Fp2,378.0,1.6489952026471938e-14
musica_relajante,Fp2,378.5,1.6300684748676e-14
musica_relajante,Fp2,379.0,1.6112508550396518e-14
musica_relajante,Fp2,379.5,1.5927220796538128e-14
musica_relajante,Fp2,380.0,1.574264412093243e-14
musica_relajante,Fp2,380.5,1.556057724790958e-14
musica_relajante,Fp2,381.0,1.538043489472473e-14
musica_relajante,Fp2,381.5,1.5201542634087835e-14
musica_relajante,Fp2,382.0,1.502536178610112e-14
musica_relajante,Fp2,382.5,1.4849608069120127e-14
musica_relajante,Fp2,383.0,1.4676899637425808e-14
musica_relajante,Fp2,383.5,1.4505043805081778e-14
musica_relajante,Fp2,384.0,1.433572811220796e-14
musica_relajante,Fp2,384.5,1.4166856509962852e-14
musica_relajante,Fp2,385.0,1.4000636648038853e-14
musica_relajante,Fp2,385.5,1.383667507058784e-14
musica_relajante,Fp2,386.0,1.3672349316479307e-14
musica_relajante,Fp2,386.5,1.3511569085529373e-14
musica_relajante,Fp2,387.0,1.3351692445193957e-14
musica_relajante,Fp2,387.5,1.3193073365354222e-14
musica_relajante,Fp2,388.0,1.3036377881545555e-14
musica_relajante,Fp2,388.5,1.2881511733659266e-14
musica_relajante,Fp2,389.0,1.2727829413896548e-14
musica_relajante,Fp2,389.5,1.2575188187240047e-14
musica_relajante,Fp2,390.0,1.2425484396856745e-14
musica_relajante,Fp2,390.5,1.2275853656596243e-14
musica_relajante,Fp2,391.0,1.2128409971820862e-14
musica_relajante,Fp2,391.5,1.1982401114372656e-14
musica_relajante,Fp2,392.0,1.1837640377577498e-14
musica_relajante,Fp2,392.5,1.1694516282397089e-14
musica_relajante,Fp2,393.0,1.1552601256934916e-14
musica_relajante,Fp2,393.5,1.1412135077022132e-14
musica_relajante,Fp2,394.0,1.1273358514282366e-14
musica_relajante,Fp2,394.5,1.1135648574559553e-14
musica_relajante,Fp2,395.0,1.0999339626104475e-14
musica_relajante,Fp2,395.5,1.0864525194048054e-14
musica_relajante,Fp2,396.0,1.0731161950877088e-14
musica_relajante,Fp2,396.5,1.059850236477922e-14
musica_relajante,Fp2,397.0,1.0468047597763212e-14
musica_relajante,Fp2,397.5,1.0338227994828743e-14
musica_relajante,Fp2,398.0,1.0210050318773601e-14
musica_relajante,Fp2,398.5,1.0082845360609163e-14
musica_relajante,Fp2,399.0,9.957201972293515e-15
musica_relajante,Fp2,399.5,9.832719045743842e-15
musica_relajante,Fp2,400.0,9.709397924772454e-15
musica_relajante,Fp2,400.5,9.587294730737168e-15
musica_relajante,Fp2,401.0,9.466516391544024e-15
musica_relajante,Fp2,401.5,9.346917398723269e-15
musica_relajante,Fp2,402.0,9.228484739037529e-15
musica_relajante,Fp2,402.5,9.1111350469319e-15
musica_relajante,Fp2,403.0,8.995162507984706e-15
musica_relajante,Fp2,403.5,8.880123037051843e-15
musica_relajante,Fp2,404.0,8.766480617262237e-15
musica_relajante,Fp2,404.5,8.653707555508446e-15
musica_relajante,Fp2,405.0,8.542255943748635e-15
musica_relajante,Fp2,405.5,8.431828934581583e-15
musica_relajante,Fp2,406.0,8.322564225685947e-15
musica_relajante,Fp2,406.5,8.214281951587902e-15
musica_relajante,Fp2,407.0,8.107230623397977e-15
musica_relajante,Fp2,407.5,8.001123123874955e-15
musica_relajante,Fp2,408.0,7.89617242968533e-15
musica_relajante,Fp2,408.5,7.792186918981148e-15
musica_relajante,Fp2,409.0,7.68932065286704e-15
musica_relajante,Fp2,409.5,7.587469717317034e-15
musica_relajante,Fp2,410.0,7.486584941498521e-15
musica_relajante,Fp2,410.5,7.386817882456127e-15
musica_relajante,Fp2,411.0,7.287932426456642e-15
musica_relajante,Fp2,411.5,7.190151261843006e-15
musica_relajante,Fp2,412.0,7.09328240768744e-15
musica_relajante,Fp2,412.5,6.9974360595810765e-15
musica_relajante,Fp2,413.0,6.902491621404903e-15
musica_relajante,Fp2,413.5,6.8086065243296014e-15
musica_relajante,Fp2,414.0,6.715606863371129e-15
musica_relajante,Fp2,414.5,6.623535953835088e-15
musica_relajante,Fp2,415.0,6.532432443515717e-15
musica_relajante,Fp2,415.5,6.442246802524452e-15
musica_relajante,Fp2,416.0,6.3529547411257565e-15
musica_relajante,Fp2,416.5,6.264599541184702e-15
musica_relajante,Fp2,417.0,6.177130930672206e-15
musica_relajante,Fp2,417.5,6.09053756233697e-15
musica_relajante,Fp2,418.0,6.004859211743179e-15
musica_relajante,Fp2,418.5,5.920037713677579e-15
musica_relajante,Fp2,419.0,5.836087704156712e-15
musica_relajante,Fp2,419.5,5.752991162145118e-15
musica_relajante,Fp2,420.0,5.6707596457215544e-15
musica_relajante,Fp2,420.5,5.589363327982802e-15
musica_relajante,Fp2,421.0,5.508804356775524e-15
musica_relajante,Fp2,421.5,5.429077290967657e-15
musica_relajante,Fp2,422.0,5.350181267458393e-15
musica_relajante,Fp2,422.5,5.272090707915042e-15
musica_relajante,Fp2,423.0,5.1948129182055986e-15
musica_relajante,Fp2,423.5,5.1183302597429414e-15
musica_relajante,Fp2,424.0,5.042646910439039e-15
musica_relajante,Fp2,424.5,4.967765874982023e-15
musica_relajante,Fp2,425.0,4.893639251866015e-15
musica_relajante,Fp2,425.5,4.820304434381419e-15
musica_relajante,Fp2,426.0,4.747735625371921e-15
musica_relajante,Fp2,426.5,4.675921980828593e-15
musica_relajante,Fp2,427.0,4.60487124277953e-15
musica_relajante,Fp2,427.5,4.534563511599397e-15
musica_relajante,Fp2,428.0,4.464999049568844e-15
musica_relajante,Fp2,428.5,4.396173321228133e-15
musica_relajante,Fp2,429.0,4.328074026498234e-15
musica_relajante,Fp2,429.5,4.2607045200344345e-15
musica_relajante,Fp2,430.0,4.1940405503901956e-15
musica_relajante,Fp2,430.5,4.128105633157842e-15
musica_relajante,Fp2,431.0,4.062865575835659e-15
musica_relajante,Fp2,431.5,3.998326367549383e-15
musica_relajante,Fp2,432.0,3.934486541080533e-15
musica_relajante,Fp2,432.5,3.871334255615621e-15
musica_relajante,Fp2,433.0,3.808862851982793e-15
musica_relajante,Fp2,433.5,3.747073362440459e-15
musica_relajante,Fp2,434.0,3.6859535441777356e-15
musica_relajante,Fp2,434.5,3.6255033976613505e-15
musica_relajante,Fp2,435.0,3.5657134791803375e-15
musica_relajante,Fp2,435.5,3.5065831677348992e-15
musica_relajante,Fp2,436.0,3.448099967345497e-15
musica_relajante,Fp2,436.5,3.3902667933341363e-15
musica_relajante,Fp2,437.0,3.333074210341198e-15
musica_relajante,Fp2,437.5,3.2765182315109875e-15
musica_relajante,Fp2,438.0,3.2205945673287234e-15
musica_relajante,Fp2,438.5,3.165296594155391e-15
musica_relajante,Fp2,439.0,3.110619892454822e-15
musica_relajante,Fp2,439.5,3.056562874936052e-15
musica_relajante,Fp2,440.0,3.003116437315354e-15
musica_relajante,Fp2,440.5,2.9502796099549205e-15
musica_relajante,Fp2,441.0,2.8980442884209155e-15
musica_relajante,Fp2,441.5,2.8464101226289985e-15
musica_relajante,Fp2,442.0,2.795368902345489e-15
musica_relajante,Fp2,442.5,2.7449183956056806e-15
musica_relajante,Fp2,443.0,2.6950533498412884e-15
musica_relajante,Fp2,443.5,2.645770484064983e-15
musica_relajante,Fp2,444.0,2.597064626054521e-15
musica_relajante,Fp2,444.5,2.548931728858176e-15
musica_relajante,Fp2,445.0,2.5013682857138534e-15
musica_relajante,Fp2,445.5,2.454369611731812e-15
musica_relajante,Fp2,446.0,2.407931957197177e-15
musica_relajante,Fp2,446.5,2.3620518678187608e-15
musica_relajante,Fp2,447.0,2.31672419960085e-15
musica_relajante,Fp2,447.5,2.2719463826642484e-15
musica_relajante,Fp2,448.0,2.2277138518881462e-15
musica_relajante,Fp2,448.5,2.184023353440828e-15
musica_relajante,Fp2,449.0,2.1408707483055637e-15
musica_relajante,Fp2,449.5,2.098252840162304e-15
musica_relajante,Fp2,450.0,2.0561655885704693e-15
musica_relajante,Fp2,450.5,2.0146058050661615e-15
musica_relajante,Fp2,451.0,1.9735697756447726e-15
musica_relajante,Fp2,451.5,1.9330541473940577e-15
musica_relajante,Fp2,452.0,1.8930555424535795e-15
musica_relajante,Fp2,452.5,1.8535705846398966e-15
musica_relajante,Fp2,453.0,1.814595867959345e-15
musica_relajante,Fp2,453.5,1.7761281803169447e-15
musica_relajante,Fp2,454.0,1.738164484133757e-15
musica_relajante,Fp2,454.5,1.7007012347564553e-15
musica_relajante,Fp2,455.0,1.6637357900685387e-15
musica_relajante,Fp2,455.5,1.6272645587288894e-15
musica_relajante,Fp2,456.0,1.5912849459283607e-15
musica_relajante,Fp2,456.5,1.5557935882855275e-15
musica_relajante,Fp2,457.0,1.5207878056811199e-15
musica_relajante,Fp2,457.5,1.4862646010317103e-15
musica_relajante,Fp2,458.0,1.4522211008549907e-15
musica_relajante,Fp2,458.5,1.4186544341178365e-15
musica_relajante,Fp2,459.0,1.3855618985885807e-15
musica_relajante,Fp2,459.5,1.3529407297353809e-15
musica_relajante,Fp2,460.0,1.3207882459568337e-15
musica_relajante,Fp2,460.5,1.2891017534972946e-15
musica_relajante,Fp2,461.0,1.2578786351784156e-15
musica_relajante,Fp2,461.5,1.2271164275910763e-15
musica_relajante,Fp2,462.0,1.1968124376066106e-15
musica_relajante,Fp2,462.5,1.166964240111041e-15
musica_relajante,Fp2,463.0,1.137569402198198e-15
musica_relajante,Fp2,463.5,1.108625499093083e-15
musica_relajante,Fp2,464.0,1.0801301442477153e-15
musica_relajante,Fp2,464.5,1.0520809882605013e-15
musica_relajante,Fp2,465.0,1.0244757325921818e-15
musica_relajante,Fp2,465.5,9.973121656521559e-16
musica_relajante,Fp2,466.0,9.705879801047416e-16
musica_relajante,Fp2,466.5,9.443010594024398e-16
musica_relajante,Fp2,467.0,9.184492065005437e-16
musica_relajante,Fp2,467.5,8.930303795482002e-16
musica_relajante,Fp2,468.0,8.68042429811658e-16
musica_relajante,Fp2,468.5,8.434833455501396e-16
musica_relajante,Fp2,469.0,8.193511218727722e-16
musica_relajante,Fp2,469.5,7.95643827262094e-16
musica_relajante,Fp2,470.0,7.723594999717962e-16
musica_relajante,Fp2,470.5,7.494962332787809e-16
musica_relajante,Fp2,471.0,7.270522079570148e-16
musica_relajante,Fp2,471.5,7.050255699071854e-16
musica_relajante,Fp2,472.0,6.834145603405068e-16
musica_relajante,Fp2,472.5,6.622173819150777e-16
musica_relajante,Fp2,473.0,6.414323782682935e-16
musica_relajante,Fp2,473.5,6.210577822141707e-16
musica_relajante,Fp2,474.0,6.010920504139187e-16
musica_relajante,Fp2,474.5,5.815334546400026e-16
musica_relajante,Fp2,475.0,5.623805173281855e-16
musica_relajante,Fp2,475.5,5.436316014050705e-16
musica_relajante,Fp2,476.0,5.252852508215144e-16
musica_relajante,Fp2,476.5,5.073399603386825e-16
musica_relajante,Fp2,477.0,4.897942898903119e-16
musica_relajante,Fp2,477.5,4.726468373054984e-16
musica_relajante,Fp2,478.0,4.558961821289327e-16
musica_relajante,Fp2,478.5,4.395410192024236e-16
musica_relajante,Fp2,479.0,4.2357999124563634e-16
musica_relajante,Fp2,479.5,4.0801183577899887e-16
musica_relajante,Fp2,480.0,3.9283530488326826e-16
musica_relajante,Fp2,480.5,3.7804916136363453e-16
musica_relajante,Fp2,481.0,3.6365223326104626e-16
musica_relajante,Fp2,481.5,3.4964336196189844e-16
musica_relajante,Fp2,482.0,3.3602141277533097e-16
musica_relajante,Fp2,482.5,3.227852898074285e-16
musica_relajante,Fp2,483.0,3.0993393558629564e-16
musica_relajante,Fp2,483.5,2.9746635069906393e-16
musica_relajante,Fp2,484.0,2.85381474085338e-16
musica_relajante,Fp2,484.5,2.7367838497093007e-16
musica_relajante,Fp2,485.0,2.6235613840498127e-16
musica_relajante,Fp2,485.5,2.5141379949191247e-16
musica_relajante,Fp2,486.0,2.4085052308221466e-16
musica_relajante,Fp2,486.5,2.3066544740034383e-16
musica_relajante,Fp2,487.0,2.2085776388115852e-16
musica_relajante,Fp2,487.5,2.1142669239759784e-16
musica_relajante,Fp2,488.0,2.023714658200768e-16
musica_relajante,Fp2,488.5,1.93691381204528e-16
musica_relajante,Fp2,489.0,1.8538571849488633e-16
musica_relajante,Fp2,489.5,1.774538353135922e-16
musica_relajante,Fp2,490.0,1.6989509188152147e-16
musica_relajante,Fp2,490.5,1.6270887620300092e-16
musica_relajante,Fp2,491.0,1.5589462145031455e-16
musica_relajante,Fp2,491.5,1.4945179527829848e-16
musica_relajante,Fp2,492.0,1.43379867329721e-16
musica_relajante,Fp2,492.5,1.3767834158404204e-16
musica_relajante,Fp2,493.0,1.3234678164779964e-16
musica_relajante,Fp2,493.5,1.273847713417789e-16
musica_relajante,Fp2,494.0,1.2279189977551035e-16
musica_relajante,Fp2,494.5,1.1856780396625677e-16
musica_relajante,Fp2,495.0,1.1471214305015604e-16
musica_relajante,Fp2,495.5,1.112246214714594e-16
musica_relajante,Fp2,496.0,1.0810495171915626e-16
musica_relajante,Fp2,496.5,1.0535287908507127e-16
musica_relajante,Fp2,497.0,1.029681928685508e-16
musica_relajante,Fp2,497.5,1.00950703836684e-16
musica_relajante,Fp2,498.0,9.930024976603682e-17
musica_relajante,Fp2,498.5,9.801668050697087e-17
musica_relajante,Fp2,499.0,9.709994889205479e-17
musica_relajante,Fp2,499.5,9.65499444919056e-17
musica_relajante,Fp2,500.0,4.818330401927146e-17
musica_estresante,Fp1,0.0,1711.5698330144794
musica_estresante,Fp1,0.5,11876.669447555372
musica_estresante,Fp1,1.0,58679.87229986306
musica_estresante,Fp1,1.5,68119.64426387758
musica_estresante,Fp1,2.0,58360.86646191477
musica_estresante,Fp1,2.5,42349.35259626074
musica_estresante,Fp1,3.0,23323.837798134435
musica_estresante,Fp1,3.5,15937.747044198428
musica_estresante,Fp1,4.0,9799.360799679178
musica_estresante,Fp1,4.5,13483.813607796204
musica_estresante,Fp1,5.0,10013.869414065564
musica_estresante,Fp1,5.5,4007.1690930848395
musica_estresante,Fp1,6.0,4673.122589051028
musica_estresante,Fp1,6.5,4514.476242435452
musica_estresante,Fp1,7.0,3533.9009732329446
musica_estresante,Fp1,7.5,3791.973263579682
musica_estresante,Fp1,8.0,3071.9949568372217
musica_estresante,Fp1,8.5,1943.0182975638488
musica_estresante,Fp1,9.0,2391.9696028831545
musica_estresante,Fp1,9.5,3016.319091554811
musica_estresante,Fp1,10.0,2596.889186126754
musica_estresante,Fp1,10.5,1877.6690552108055
musica_estresante,Fp1,11.0,1533.1405530017073
musica_estresante,Fp1,11.5,1507.5012276729892
musica_estresante,Fp1,12.0,1797.7605143511885
musica_estresante,Fp1,12.5,1463.190261601554
musica_estresante,Fp1,13.0,1117.1974045443928
musica_estresante,Fp1,13.5,720.212695750865
musica_estresante,Fp1,14.0,693.8252463983899
musica_estresante,Fp1,14.5,818.8059144630464
musica_estresante,Fp1,15.0,953.1342642897606
musica_estresante,Fp1,15.5,710.8320713331768
musica_estresante,Fp1,16.0,684.6669993512793
musica_estresante,Fp1,16.5,666.0745347354901
musica_estresante,Fp1,17.0,582.2788344825667
musica_estresante,Fp1,17.5,509.9884472725009
musica_estresante,Fp1,18.0,511.3922826333084
musica_estresante,Fp1,18.5,598.9552592292936
musica_estresante,Fp1,19.0,570.6422659839476
musica_estresante,Fp1,19.5,572.8544127067429
musica_estresante,Fp1,20.0,599.4169149252241
musica_estresante,Fp1,20.5,752.1565807325263
musica_estresante,Fp1,21.0,704.3133151997487
musica_estresante,Fp1,21.5,596.2284944454155
musica_estresante,Fp1,22.0,631.309379892699
musica_estresante,Fp1,22.5,584.6898564462875
musica_estresante,Fp1,23.0,507.2504330896659
musica_estresante,Fp1,23.5,579.6278314991572
musica_estresante,Fp1,24.0,575.0521629052379
musica_estresante,Fp1,24.5,537.4415295935793
musica_estresante,Fp1,25.0,496.23592449094104
musica_estresante,Fp1,25.5,423.5991405381012
musica_estresante,Fp1,26.0,447.46650781809853
musica_estresante,Fp1,26.5,505.17329013613215
musica_estresante,Fp1,27.0,479.9626423484983
musica_estresante,Fp1,27.5,454.93542157502776
musica_estresante,Fp1,28.0,504.85650110911644
musica_estresante,Fp1,28.5,559.8166653153818
musica_estresante,Fp1,29.0,521.5598467404119
musica_estresante,Fp1,29.5,468.1481365187692
musica_estresante,Fp1,30.0,436.3473966644976
musica_estresante,Fp1,30.5,347.8230758439245
musica_estresante,Fp1,31.0,419.35884657924834
musica_estresante,Fp1,31.5,309.9224463978239
musica_estresante,Fp1,32.0,325.28359684931314
musica_estresante,Fp1,32.5,417.07098368011776
musica_estresante,Fp1,33.0,380.68736319918816
musica_estresante,Fp1,33.5,297.6748175749153
musica_estresante,Fp1,34.0,363.75218469753173
musica_estresante,Fp1,34.5,339.043960951968
musica_estresante,Fp1,35.0,250.12670149035287
musica_estresante,Fp1,35.5,254.91999960583584
musica_estresante,Fp1,36.0,276.2438717485667
musica_estresante,Fp1,36.5,278.4677684307669
musica_estresante,Fp1,37.0,235.62606189002565
musica_estresante,Fp1,37.5,248.59944775468026
musica_estresante,Fp1,38.0,233.7855459924422
musica_estresante,Fp1,38.5,211.9042095762087
musica_estresante,Fp1,39.0,239.76700177015778
musica_estresante,Fp1,39.5,213.2972730319242
musica_estresante,Fp1,40.0,164.24711780083024
musica_estresante,Fp1,40.5,166.4605588566997
musica_estresante,Fp1,41.0,202.50240844571894
musica_estresante,Fp1,41.5,185.98074117368628
musica_estresante,Fp1,42.0,162.47267324133307
musica_estresante,Fp1,42.5,189.48734030812125
musica_estresante,Fp1,43.0,156.06419959202518
musica_estresante,Fp1,43.5,110.9079616832159
musica_estresante,Fp1,44.0,116.932086603402
musica_estresante,Fp1,44.5,116.83712331785229
musica_estresante,Fp1,45.0,88.08067826691651
musica_estresante,Fp1,45.5,75.22580477661383
musica_estresante,Fp1,46.0,65.9080625403597
musica_estresante,Fp1,46.5,64.96797093041256
musica_estresante,Fp1,47.0,68.45215065760674
musica_estresante,Fp1,47.5,67.77960689966716
musica_estresante,Fp1,48.0,51.586587093628225
musica_estresante,Fp1,48.5,47.042592473621816
musica_estresante,Fp1,49.0,40.85986372036589
musica_estresante,Fp1,49.5,26.774486700559024
musica_estresante,Fp1,50.0,24.735474643602533
musica_estresante,Fp1,50.5,20.913566225965248
musica_estresante,Fp1,51.0,20.3287236719421
musica_estresante,Fp1,51.5,15.623054669687098
musica_estresante,Fp1,52.0,15.842125721575835
musica_estresante,Fp1,52.5,14.340041634103807
musica_estresante,Fp1,53.0,8.89619758110567
musica_estresante,Fp1,53.5,7.532312626050324
musica_estresante,Fp1,54.0,6.742593282979574
musica_estresante,Fp1,54.5,6.555106850999958
musica_estresante,Fp1,55.0,6.780302853513962
musica_estresante,Fp1,55.5,5.8221103564949415
musica_estresante,Fp1,56.0,3.790728695040537
musica_estresante,Fp1,56.5,3.5102570182646056
musica_estresante,Fp1,57.0,3.8267994817597732
musica_estresante,Fp1,57.5,3.238846697954608
musica_estresante,Fp1,58.0,2.8346133304249754
musica_estresante,Fp1,58.5,2.719019311801155
musica_estresante,Fp1,59.0,2.8196386356048766
musica_estresante,Fp1,59.5,2.366158802381536
musica_estresante,Fp1,60.0,1.9939025688957246
musica_estresante,Fp1,60.5,1.5293982599669362
musica_estresante,Fp1,61.0,1.2680471411110719
musica_estresante,Fp1,61.5,1.1436024885700693
musica_estresante,Fp1,62.0,0.9696910648604938
musica_estresante,Fp1,62.5,0.8792102365768896
musica_estresante,Fp1,63.0,0.7667583802579386
musica_estresante,Fp1,63.5,0.6640861174222911
musica_estresante,Fp1,64.0,0.6833372388368257
musica_estresante,Fp1,64.5,0.5639955339825236
musica_estresante,Fp1,65.0,0.37583466901781454
musica_estresante,Fp1,65.5,0.33490501659183197
musica_estresante,Fp1,66.0,0.27313379077750316
musica_estresante,Fp1,66.5,0.21566945105933574
musica_estresante,Fp1,67.0,0.2583174607552598
musica_estresante,Fp1,67.5,0.24629859944001717
musica_estresante,Fp1,68.0,0.14659090038062492
musica_estresante,Fp1,68.5,0.11786006433112499
musica_estresante,Fp1,69.0,0.10276998035117797
musica_estresante,Fp1,69.5,0.08726892895831861
musica_estresante,Fp1,70.0,0.07431375208044365
musica_estresante,Fp1,70.5,0.07977033970939013
musica_estresante,Fp1,71.0,0.06297049737052796
musica_estresante,Fp1,71.5,0.05525404518019419
musica_estresante,Fp1,72.0,0.05413350064472036
musica_estresante,Fp1,72.5,0.061136919185610004
musica_estresante,Fp1,73.0,0.04727643129950848
musica_estresante,Fp1,73.5,0.027158221237773755
musica_estresante,Fp1,74.0,0.023098990160084733
musica_estresante,Fp1,74.5,0.022337364385026745
musica_estresante,Fp1,75.0,0.022359777815405293
musica_estresante,Fp1,75.5,0.020133949546621146
musica_estresante,Fp1,76.0,0.016230397100421227
musica_estresante,Fp1,76.5,0.015680082869378262
musica_estresante,Fp1,77.0,0.011572797262026287
musica_estresante,Fp1,77.5,0.011044158789495337
musica_estresante,Fp1,78.0,0.010457222119810742
musica_estresante,Fp1,78.5,0.007883377460281657
musica_estresante,Fp1,79.0,0.008486944293121605
musica_estresante,Fp1,79.5,0.006030532236150411
musica_estresante,Fp1,80.0,0.005554129961541757
musica_estresante,Fp1,80.5,0.004860477682696317
musica_estresante,Fp1,81.0,0.0038313323479122834
musica_estresante,Fp1,81.5,0.003252015603364118
musica_estresante,Fp1,82.0,0.003021736217836404
musica_estresante,Fp1,82.5,0.00284489976465885
musica_estresante,Fp1,83.0,0.002330939887194663
musica_estresante,Fp1,83.5,0.002299069903066262
musica_estresante,Fp1,84.0,0.0018323800186032795
musica_estresante,Fp1,84.5,0.00166490849545062
musica_estresante,Fp1,85.0,0.0017144393438323642
musica_estresante,Fp1,85.5,0.001358657193299211
musica_estresante,Fp1,86.0,0.001127266806946109
musica_estresante,Fp1,86.5,0.0012722257312455323
musica_estresante,Fp1,87.0,0.0013628823805890457
musica_estresante,Fp1,87.5,0.0013801976465360483
musica_estresante,Fp1,88.0,0.0010317546966211032
musica_estresante,Fp1,88.5,0.000750724826865376
musica_estresante,Fp1,89.0,0.0007311527254096614
musica_estresante,Fp1,89.5,0.0008250606029201151
musica_estresante,Fp1,90.0,0.0007111060846956724
musica_estresante,Fp1,90.5,0.0005723856046571063
musica_estresante,Fp1,91.0,0.0004805910072210844
musica_estresante,Fp1,91.5,0.0004421559388530258
musica_estresante,Fp1,92.0,0.0003453388381979329
musica_estresante,Fp1,92.5,0.00026527119323741975
musica_estresante,Fp1,93.0,0.0002994457108525316
musica_estresante,Fp1,93.5,0.00023255754830745273
musica_estresante,Fp1,94.0,0.00016763855826538795
musica_estresante,Fp1,94.5,0.00017572973697780375
musica_estresante,Fp1,95.0,0.0001511456907636306
musica_estresante,Fp1,95.5,0.0001593597207592468
musica_estresante,Fp1,96.0,0.00015592151609645748
musica_estresante,Fp1,96.5,0.00012904540327557783
musica_estresante,Fp1,97.0,0.00010580300030052134
musica_estresante,Fp1,97.5,8.691969592121392e-05
musica_estresante,Fp1,98.0,7.124670921088043e-05
musica_estresante,Fp1,98.5,7.986618237135452e-05
musica_estresante,Fp1,99.0,7.955410811987848e-05
musica_estresante,Fp1,99.5,6.614962711898511e-05
musica_estresante,Fp1,100.0,6.358361742752786e-05
musica_estresante,Fp1,100.5,5.444859244640167e-05
musica_estresante,Fp1,101.0,3.956080570226429e-05
musica_estresante,Fp1,101.5,3.879001512832685e-05
musica_estresante,Fp1,102.0,3.964702750733086e-05
musica_estresante,Fp1,102.5,3.591775826163466e-05
musica_estresante,Fp1,103.0,3.263683807996087e-05
musica_estresante,Fp1,103.5,2.9306738033526793e-05
musica_estresante,Fp1,104.0,2.7314664252887954e-05
musica_estresante,Fp1,104.5,2.3038735816373996e-05
musica_estresante,Fp1,105.0,2.015035537814707e-05
musica_estresante,Fp1,105.5,1.5661813827890557e-05
musica_estresante,Fp1,106.0,1.8126436673857744e-05
musica_estresante,Fp1,106.5,1.619020754134923e-05
musica_estresante,Fp1,107.0,1.2030950746375716e-05
musica_estresante,Fp1,107.5,1.1987103885887269e-05
musica_estresante,Fp1,108.0,9.51520228758728e-06
musica_estresante,Fp1,108.5,7.944364598282831e-06
musica_estresante,Fp1,109.0,7.141497834239292e-06
musica_estresante,Fp1,109.5,6.0555292929945935e-06
musica_estresante,Fp1,110.0,6.667540953625626e-06
musica_estresante,Fp1,110.5,6.106392576990758e-06
musica_estresante,Fp1,111.0,4.062181094664106e-06
musica_estresante,Fp1,111.5,4.202008552201899e-06
musica_estresante,Fp1,112.0,4.544529578390293e-06
musica_estresante,Fp1,112.5,4.240105751375766e-06
musica_estresante,Fp1,113.0,3.675555228592938e-06
musica_estresante,Fp1,113.5,3.6571676075264863e-06
musica_estresante,Fp1,114.0,2.4298856911197333e-06
musica_estresante,Fp1,114.5,2.1581828251943087e-06
musica_estresante,Fp1,115.0,2.716908241624252e-06
musica_estresante,Fp1,115.5,2.4028330941991363e-06
musica_estresante,Fp1,116.0,2.394299105450377e-06
musica_estresante,Fp1,116.5,2.3072537376944346e-06
musica_estresante,Fp1,117.0,1.708068351748466e-06
musica_estresante,Fp1,117.5,1.5059979559687992e-06
musica_estresante,Fp1,118.0,1.4579227274842795e-06
musica_estresante,Fp1,118.5,1.3938319763070586e-06
musica_estresante,Fp1,119.0,1.1262642436267522e-06
musica_estresante,Fp1,119.5,1.3064429307760429e-06
musica_estresante,Fp1,120.0,1.268915568003344e-06
musica_estresante,Fp1,120.5,9.26613237432121e-07
musica_estresante,Fp1,121.0,8.628767195359375e-07
musica_estresante,Fp1,121.5,7.547285309694207e-07
musica_estresante,Fp1,122.0,4.983174017075905e-07
musica_estresante,Fp1,122.5,5.808846790911435e-07
musica_estresante,Fp1,123.0,5.704843343522221e-07
musica_estresante,Fp1,123.5,5.690077977497475e-07
musica_estresante,Fp1,124.0,5.502804302745809e-07
musica_estresante,Fp1,124.5,4.3858851011837366e-07
musica_estresante,Fp1,125.0,3.3755758066196914e-07
musica_estresante,Fp1,125.5,3.094863913972657e-07
musica_estresante,Fp1,126.0,3.790239643347769e-07
musica_estresante,Fp1,126.5,4.2915980779139326e-07
musica_estresante,Fp1,127.0,3.641456719918339e-07
musica_estresante,Fp1,127.5,3.8408957976421097e-07
musica_estresante,Fp1,128.0,3.7864965588770115e-07
musica_estresante,Fp1,128.5,3.527938726733071e-07
musica_estresante,Fp1,129.0,3.0927805188254115e-07
musica_estresante,Fp1,129.5,2.735605183811038e-07
musica_estresante,Fp1,130.0,2.2929491907957661e-07
musica_estresante,Fp1,130.5,1.970711589420768e-07
musica_estresante,Fp1,131.0,1.6575205389049603e-07
musica_estresante,Fp1,131.5,1.362596930502175e-07
musica_estresante,Fp1,132.0,1.268666019968308e-07
musica_estresante,Fp1,132.5,1.279711792815055e-07
musica_estresante,Fp1,133.0,1.4876217965728746e-07
musica_estresante,Fp1,133.5,1.4181251888598765e-07
musica_estresante,Fp1,134.0,1.031551592087249e-07
musica_estresante,Fp1,134.5,7.673443016455541e-08
musica_estresante,Fp1,135.0,5.8714604056154174e-08
musica_estresante,Fp1,135.5,7.741121236599856e-08
musica_estresante,Fp1,136.0,5.399774718837483e-08
musica_estresante,Fp1,136.5,4.9922655396717154e-08
musica_estresante,Fp1,137.0,5.1566158807953326e-08
musica_estresante,Fp1,137.5,4.1641148386279684e-08
musica_estresante,Fp1,138.0,3.452832031537166e-08
musica_estresante,Fp1,138.5,4.000906147242103e-08
musica_estresante,Fp1,139.0,3.860816656823766e-08
musica_estresante,Fp1,139.5,3.52028224278325e-08
musica_estresante,Fp1,140.0,4.164744436414462e-08
musica_estresante,Fp1,140.5,4.759141059022031e-08
musica_estresante,Fp1,141.0,4.271470250388209e-08
musica_estresante,Fp1,141.5,3.8205143628003673e-08
musica_estresante,Fp1,142.0,4.4025716565113114e-08
musica_estresante,Fp1,142.5,2.997091680972215e-08
musica_estresante,Fp1,143.0,2.2361574624423532e-08
musica_estresante,Fp1,143.5,2.1936805081390457e-08
musica_estresante,Fp1,144.0,2.1986069521309294e-08
musica_estresante,Fp1,144.5,2.6868605444535795e-08
musica_estresante,Fp1,145.0,2.348164153222491e-08
musica_estresante,Fp1,145.5,1.8128889243619107e-08
musica_estresante,Fp1,146.0,1.4390290367682912e-08
musica_estresante,Fp1,146.5,1.730371217593273e-08
musica_estresante,Fp1,147.0,1.7208488122088885e-08
musica_estresante,Fp1,147.5,2.0570235159211873e-08
musica_estresante,Fp1,148.0,1.9529345739233744e-08
musica_estresante,Fp1,148.5,1.5470605007880358e-08
musica_estresante,Fp1,149.0,1.27579789184367e-08
musica_estresante,Fp1,149.5,1.284093987596999e-08
musica_estresante,Fp1,150.0,1.2546307744682529e-08
musica_estresante,Fp1,150.5,8.589064723632511e-09
musica_estresante,Fp1,151.0,7.494730752327815e-09
musica_estresante,Fp1,151.5,6.660046658361535e-09
musica_estresante,Fp1,152.0,4.0412240881630974e-09
musica_estresante,Fp1,152.5,3.305465381803249e-09
musica_estresante,Fp1,153.0,2.6356879106224377e-09
musica_estresante,Fp1,153.5,2.073405238044791e-09
musica_estresante,Fp1,154.0,3.138487299438542e-09
musica_estresante,Fp1,154.5,4.337752135390938e-09
musica_estresante,Fp1,155.0,4.4426662842524804e-09
musica_estresante,Fp1,155.5,4.22909791320314e-09
musica_estresante,Fp1,156.0,3.982546506720681e-09
musica_estresante,Fp1,156.5,2.8495298511431327e-09
musica_estresante,Fp1,157.0,1.690988374406753e-09
musica_estresante,Fp1,157.5,1.6181543644245093e-09
musica_estresante,Fp1,158.0,1.9189775847290055e-09
musica_estresante,Fp1,158.5,1.6008552151737061e-09
musica_estresante,Fp1,159.0,1.7064855065856332e-09
musica_estresante,Fp1,159.5,1.7117623470761757e-09
musica_estresante,Fp1,160.0,1.598708776678507e-09
musica_estresante,Fp1,160.5,1.5337927219177945e-09
musica_estresante,Fp1,161.0,1.6726777572538768e-09
musica_estresante,Fp1,161.5,1.871481666533462e-09
musica_estresante,Fp1,162.0,1.6670378693123148e-09
musica_estresante,Fp1,162.5,1.6546135337792926e-09
musica_estresante,Fp1,163.0,1.3351078925134372e-09
musica_estresante,Fp1,163.5,1.133566528334866e-09
musica_estresante,Fp1,164.0,1.6907559805977748e-09
musica_estresante,Fp1,164.5,2.080151219655156e-09
musica_estresante,Fp1,165.0,2.159204019607685e-09
musica_estresante,Fp1,165.5,2.0042648317538567e-09
musica_estresante,Fp1,166.0,1.2841047309954202e-09
musica_estresante,Fp1,166.5,6.866935671600132e-10
musica_estresante,Fp1,167.0,5.457192035318154e-10
musica_estresante,Fp1,167.5,7.086851315089796e-10
musica_estresante,Fp1,168.0,1.1081336451021746e-09
musica_estresante,Fp1,168.5,1.1594249302463395e-09
musica_estresante,Fp1,169.0,6.330196096479833e-10
musica_estresante,Fp1,169.5,5.768614317148546e-10
musica_estresante,Fp1,170.0,6.090467871992868e-10
musica_estresante,Fp1,170.5,4.963905872016253e-10
musica_estresante,Fp1,171.0,3.8468778537695225e-10
musica_estresante,Fp1,171.5,5.668414908294202e-10
musica_estresante,Fp1,172.0,4.841288050711892e-10
musica_estresante,Fp1,172.5,3.4704951564822026e-10
musica_estresante,Fp1,173.0,4.5345152836715986e-10
musica_estresante,Fp1,173.5,4.963062936935358e-10
musica_estresante,Fp1,174.0,4.549435366694289e-10
musica_estresante,Fp1,174.5,3.0178556222462835e-10
musica_estresante,Fp1,175.0,2.158792889521058e-10
musica_estresante,Fp1,175.5,1.5093261076284484e-10
musica_estresante,Fp1,176.0,1.385393548117382e-10
musica_estresante,Fp1,176.5,1.456689023242149e-10
musica_estresante,Fp1,177.0,1.6723638995367642e-10
musica_estresante,Fp1,177.5,1.6422856927195246e-10
musica_estresante,Fp1,178.0,1.4671541542365395e-10
musica_estresante,Fp1,178.5,1.4610595677353373e-10
musica_estresante,Fp1,179.0,1.074789743373583e-10
musica_estresante,Fp1,179.5,9.630320218636835e-11
musica_estresante,Fp1,180.0,1.0855272437046493e-10
musica_estresante,Fp1,180.5,1.2932004095014843e-10
musica_estresante,Fp1,181.0,1.219373102454851e-10
musica_estresante,Fp1,181.5,1.221150102709861e-10
musica_estresante,Fp1,182.0,1.3304494512563653e-10
musica_estresante,Fp1,182.5,9.275479377599591e-11
musica_estresante,Fp1,183.0,9.035774575309301e-11
musica_estresante,Fp1,183.5,8.547014873213468e-11
musica_estresante,Fp1,184.0,1.1061529123528118e-10
musica_estresante,Fp1,184.5,1.1583831214370876e-10
musica_estresante,Fp1,185.0,7.836137313395886e-11
musica_estresante,Fp1,185.5,5.950722973591182e-11
musica_estresante,Fp1,186.0,6.016926532836677e-11
musica_estresante,Fp1,186.5,6.43187983979497e-11
musica_estresante,Fp1,187.0,5.11303260278031e-11
musica_estresante,Fp1,187.5,5.685996870792155e-11
musica_estresante,Fp1,188.0,7.396127390528129e-11
musica_estresante,Fp1,188.5,5.153206233079512e-11
musica_estresante,Fp1,189.0,5.176399849161906e-11
musica_estresante,Fp1,189.5,4.64109864586592e-11
musica_estresante,Fp1,190.0,5.519505538556031e-11
musica_estresante,Fp1,190.5,5.127228548198104e-11
musica_estresante,Fp1,191.0,4.600710937183242e-11
musica_estresante,Fp1,191.5,6.48256366095776e-11
musica_estresante,Fp1,192.0,5.852777138708447e-11
musica_estresante,Fp1,192.5,4.869691713551373e-11
musica_estresante,Fp1,193.0,2.5449209057979276e-11
musica_estresante,Fp1,193.5,2.1475755749489068e-11
musica_estresante,Fp1,194.0,2.8098571195620005e-11
musica_estresante,Fp1,194.5,3.233573716112071e-11
musica_estresante,Fp1,195.0,3.6705332380208465e-11
musica_estresante,Fp1,195.5,2.1302954389851673e-11
musica_estresante,Fp1,196.0,2.142052933863209e-11
musica_estresante,Fp1,196.5,1.8190383524303942e-11
musica_estresante,Fp1,197.0,2.2247604835770318e-11
musica_estresante,Fp1,197.5,2.12305924722316e-11
musica_estresante,Fp1,198.0,2.7820144574776756e-11
musica_estresante,Fp1,198.5,2.7772296246227572e-11
musica_estresante,Fp1,199.0,1.4584654379688203e-11
musica_estresante,Fp1,199.5,1.3269375115686262e-11
musica_estresante,Fp1,200.0,1.899550870292623e-11
musica_estresante,Fp1,200.5,2.476535088731012e-11
musica_estresante,Fp1,201.0,3.0633186495424744e-11
musica_estresante,Fp1,201.5,2.518320612521934e-11
musica_estresante,Fp1,202.0,2.7719176562086233e-11
musica_estresante,Fp1,202.5,2.926497414080803e-11
musica_estresante,Fp1,203.0,2.358678522144847e-11
musica_estresante,Fp1,203.5,1.4914146886908432e-11
musica_estresante,Fp1,204.0,1.1099896485029607e-11
musica_estresante,Fp1,204.5,8.557052870913732e-12
musica_estresante,Fp1,205.0,1.1569440009053065e-11
musica_estresante,Fp1,205.5,6.6768688665311465e-12
musica_estresante,Fp1,206.0,7.463523982066425e-12
musica_estresante,Fp1,206.5,9.390593632398766e-12
musica_estresante,Fp1,207.0,7.355903187368302e-12
musica_estresante,Fp1,207.5,8.671034978796507e-12
musica_estresante,Fp1,208.0,1.1329765562185918e-11
musica_estresante,Fp1,208.5,1.4701595208999555e-11
musica_estresante,Fp1,209.0,1.25572302883619e-11
musica_estresante,Fp1,209.5,1.1750124172627825e-11
musica_estresante,Fp1,210.0,9.98059406623386e-12
musica_estresante,Fp1,210.5,1.2257673714197519e-11
musica_estresante,Fp1,211.0,9.80562640231818e-12
musica_estresante,Fp1,211.5,9.643341733588684e-12
musica_estresante,Fp1,212.0,6.83595982954679e-12
musica_estresante,Fp1,212.5,6.354094792887163e-12
musica_estresante,Fp1,213.0,5.831033086094532e-12
musica_estresante,Fp1,213.5,4.773750192490432e-12
musica_estresante,Fp1,214.0,4.898176057726875e-12
musica_estresante,Fp1,214.5,3.912902323967915e-12
musica_estresante,Fp1,215.0,5.118066545287123e-12
musica_estresante,Fp1,215.5,4.518326375794046e-12
musica_estresante,Fp1,216.0,4.137907287123666e-12
musica_estresante,Fp1,216.5,5.433906299528657e-12
musica_estresante,Fp1,217.0,3.592499859143465e-12
musica_estresante,Fp1,217.5,4.179107658953493e-12
musica_estresante,Fp1,218.0,4.455317455205928e-12
musica_estresante,Fp1,218.5,4.097181479166621e-12
musica_estresante,Fp1,219.0,4.299128621844851e-12
musica_estresante,Fp1,219.5,4.051247089359924e-12
musica_estresante,Fp1,220.0,3.667586124396544e-12
musica_estresante,Fp1,220.5,3.880785038518024e-12
musica_estresante,Fp1,221.0,3.865693230174702e-12
musica_estresante,Fp1,221.5,4.256633684982853e-12
musica_estresante,Fp1,222.0,3.4099058084220638e-12
musica_estresante,Fp1,222.5,3.642773132940048e-12
musica_estresante,Fp1,223.0,3.1536360947740624e-12
musica_estresante,Fp1,223.5,3.6061210139079868e-12
musica_estresante,Fp1,224.0,2.957176118457565e-12
musica_estresante,Fp1,224.5,3.1835770517617824e-12
musica_estresante,Fp1,225.0,3.1430472407748097e-12
musica_estresante,Fp1,225.5,3.130250291050036e-12
musica_estresante,Fp1,226.0,2.9207262596424986e-12
musica_estresante,Fp1,226.5,2.8815824332388798e-12
musica_estresante,Fp1,227.0,3.232813564353522e-12
musica_estresante,Fp1,227.5,2.6322241376429437e-12
musica_estresante,Fp1,228.0,2.778062858953133e-12
musica_estresante,Fp1,228.5,2.675061606621976e-12
musica_estresante,Fp1,229.0,2.6952700834453365e-12
musica_estresante,Fp1,229.5,2.8779933056461885e-12
musica_estresante,Fp1,230.0,2.5292707256657497e-12
musica_estresante,Fp1,230.5,2.5489099678190034e-12
musica_estresante,Fp1,231.0,2.4507266750142593e-12
musica_estresante,Fp1,231.5,2.5117764997752016e-12
musica_estresante,Fp1,232.0,2.3564732133956793e-12
musica_estresante,Fp1,232.5,2.3435626758147177e-12
musica_estresante,Fp1,233.0,2.4155974028098175e-12
musica_estresante,Fp1,233.5,2.3775499596940665e-12
musica_estresante,Fp1,234.0,2.314280481633418e-12
musica_estresante,Fp1,234.5,2.232812116958841e-12
musica_estresante,Fp1,235.0,2.3260778248538795e-12
musica_estresante,Fp1,235.5,2.3126222879491284e-12
musica_estresante,Fp1,236.0,2.195474331126408e-12
musica_estresante,Fp1,236.5,2.0305505407400798e-12
musica_estresante,Fp1,237.0,2.1593768841775473e-12
musica_estresante,Fp1,237.5,1.9998156536559765e-12
musica_estresante,Fp1,238.0,2.0401199547653487e-12
musica_estresante,Fp1,238.5,2.042093316348498e-12
musica_estresante,Fp1,239.0,1.922914903856041e-12
musica_estresante,Fp1,239.5,2.211049704963463e-12
musica_estresante,Fp1,240.0,1.7509177306664395e-12
musica_estresante,Fp1,240.5,2.053314035369462e-12
musica_estresante,Fp1,241.0,1.8710100327502943e-12
musica_estresante,Fp1,241.5,1.8921189822781353e-12
musica_estresante,Fp1,242.0,1.9483400795919908e-12
musica_estresante,Fp1,242.5,1.65638665991538e-12
musica_estresante,Fp1,243.0,1.8654226585372813e-12
musica_estresante,Fp1,243.5,1.6706460824339391e-12
musica_estresante,Fp1,244.0,1.7321965649517295e-12
musica_estresante,Fp1,244.5,1.6085062530195197e-12
musica_estresante,Fp1,245.0,1.656562677384463e-12
musica_estresante,Fp1,245.5,1.6508355755014707e-12
musica_estresante,Fp1,246.0,1.5957467355878336e-12
musica_estresante,Fp1,246.5,1.539110314335821e-12
musica_estresante,Fp1,247.0,1.5306631283736293e-12
musica_estresante,Fp1,247.5,1.6193358141713556e-12
musica_estresante,Fp1,248.0,1.5022572427122083e-12
musica_estresante,Fp1,248.5,1.4406665325249432e-12
musica_estresante,Fp1,249.0,1.4813632215912272e-12
musica_estresante,Fp1,249.5,1.528266537870135e-12
musica_estresante,Fp1,250.0,1.4092141796288666e-12
musica_estresante,Fp1,250.5,1.4312665800563453e-12
musica_estresante,Fp1,251.0,1.4089755883483014e-12
musica_estresante,Fp1,251.5,1.3502280800057001e-12
musica_estresante,Fp1,252.0,1.4268864850785354e-12
musica_estresante,Fp1,252.5,1.26977835196539e-12
musica_estresante,Fp1,253.0,1.371090043973268e-12
musica_estresante,Fp1,253.5,1.3233284477208035e-12
musica_estresante,Fp1,254.0,1.2935770133212469e-12
musica_estresante,Fp1,254.5,1.281676865943238e-12
musica_estresante,Fp1,255.0,1.2547277688422948e-12
musica_estresante,Fp1,255.5,1.2743086780491399e-12
musica_estresante,Fp1,256.0,1.2369884803065075e-12
musica_estresante,Fp1,256.5,1.203773129540561e-12
musica_estresante,Fp1,257.0,1.2004922785982417e-12
musica_estresante,Fp1,257.5,1.1917853219907917e-12
musica_estresante,Fp1,258.0,1.1901092483724267e-12
musica_estresante,Fp1,258.5,1.1407528280066557e-12
musica_estresante,Fp1,259.0,1.1560535720247127e-12
musica_estresante,Fp1,259.5,1.1373320491905577e-12
musica_estresante,Fp1,260.0,1.1245770822842098e-12
musica_estresante,Fp1,260.5,1.0864965584286373e-12
musica_estresante,Fp1,261.0,1.1077544433536625e-12
musica_estresante,Fp1,261.5,1.0672621697211953e-12
musica_estresante,Fp1,262.0,1.0678596988700053e-12
musica_estresante,Fp1,262.5,1.0471604009266806e-12
musica_estresante,Fp1,263.0,1.0225986012051762e-12
musica_estresante,Fp1,263.5,1.0419267297869882e-12
musica_estresante,Fp1,264.0,1.0059856199519277e-12
musica_estresante,Fp1,264.5,9.953105569004926e-13
musica_estresante,Fp1,265.0,9.86741694146644e-13
musica_estresante,Fp1,265.5,9.623047119813127e-13
musica_estresante,Fp1,266.0,9.644784836511e-13
musica_estresante,Fp1,266.5,9.427163824821455e-13
musica_estresante,Fp1,267.0,9.32237727740602e-13
musica_estresante,Fp1,267.5,9.305968658683979e-13
musica_estresante,Fp1,268.0,9.084146282386873e-13
musica_estresante,Fp1,268.5,9.011356612552977e-13
musica_estresante,Fp1,269.0,8.981536897534167e-13
musica_estresante,Fp1,269.5,8.7509158669381e-13
musica_estresante,Fp1,270.0,8.726529277931113e-13
musica_estresante,Fp1,270.5,8.544710769701236e-13
musica_estresante,Fp1,271.0,8.518615625604262e-13
musica_estresante,Fp1,271.5,8.471271310404251e-13
musica_estresante,Fp1,272.0,8.33201910331826e-13
musica_estresante,Fp1,272.5,8.13408549742939e-13
musica_estresante,Fp1,273.0,8.157981804067121e-13
musica_estresante,Fp1,273.5,7.948774837844137e-13
musica_estresante,Fp1,274.0,7.961678131792059e-13
musica_estresante,Fp1,274.5,7.770240391956737e-13
musica_estresante,Fp1,275.0,7.715403482552419e-13
musica_estresante,Fp1,275.5,7.654090330389837e-13
musica_estresante,Fp1,276.0,7.530675518341199e-13
musica_estresante,Fp1,276.5,7.45488056957523e-13
musica_estresante,Fp1,277.0,7.316057119002653e-13
musica_estresante,Fp1,277.5,7.322808190880685e-13
musica_estresante,Fp1,278.0,7.189969748185502e-13
musica_estresante,Fp1,278.5,7.061948048677994e-13
musica_estresante,Fp1,279.0,7.054097562936394e-13
musica_estresante,Fp1,279.5,6.946992549158402e-13
musica_estresante,Fp1,280.0,6.821861505535747e-13
musica_estresante,Fp1,280.5,6.809831982291296e-13
musica_estresante,Fp1,281.0,6.662370748591408e-13
musica_estresante,Fp1,281.5,6.645356217725173e-13
musica_estresante,Fp1,282.0,6.554440614292649e-13
musica_estresante,Fp1,282.5,6.442554831135308e-13
musica_estresante,Fp1,283.0,6.393174133055016e-13
musica_estresante,Fp1,283.5,6.302644161743798e-13
musica_estresante,Fp1,284.0,6.282539599175447e-13
musica_estresante,Fp1,284.5,6.161738409910273e-13
musica_estresante,Fp1,285.0,6.134578953687902e-13
musica_estresante,Fp1,285.5,5.991354963171493e-13
musica_estresante,Fp1,286.0,6.011156130996784e-13
musica_estresante,Fp1,286.5,5.876291292987457e-13
musica_estresante,Fp1,287.0,5.807650949257161e-13
musica_estresante,Fp1,287.5,5.77778467702293e-13
musica_estresante,Fp1,288.0,5.713426742830516e-13
musica_estresante,Fp1,288.5,5.601712180544373e-13
musica_estresante,Fp1,289.0,5.597371443296239e-13
musica_estresante,Fp1,289.5,5.499757368714334e-13
musica_estresante,Fp1,290.0,5.449107125048821e-13
musica_estresante,Fp1,290.5,5.362500468887562e-13
musica_estresante,Fp1,291.0,5.330132553298673e-13
musica_estresante,Fp1,291.5,5.237854673788202e-13
musica_estresante,Fp1,292.0,5.209171152831813e-13
musica_estresante,Fp1,292.5,5.131556390523214e-13
musica_estresante,Fp1,293.0,5.098733571615139e-13
musica_estresante,Fp1,293.5,5.007620327053779e-13
musica_estresante,Fp1,294.0,4.968538632129025e-13
musica_estresante,Fp1,294.5,4.90628904485611e-13
musica_estresante,Fp1,295.0,4.863332470822317e-13
musica_estresante,Fp1,295.5,4.790439435395833e-13
musica_estresante,Fp1,296.0,4.753698337756462e-13
musica_estresante,Fp1,296.5,4.686148031136386e-13
musica_estresante,Fp1,297.0,4.641085472745574e-13
musica_estresante,Fp1,297.5,4.590727926581063e-13
musica_estresante,Fp1,298.0,4.5249493178893795e-13
musica_estresante,Fp1,298.5,4.492567319711033e-13
musica_estresante,Fp1,299.0,4.449722706965117e-13
musica_estresante,Fp1,299.5,4.3587018728179577e-13
musica_estresante,Fp1,300.0,4.360369151156458e-13
musica_estresante,Fp1,300.5,4.274409273278912e-13
musica_estresante,Fp1,301.0,4.24519528026792e-13
musica_estresante,Fp1,301.5,4.191020099112703e-13
musica_estresante,Fp1,302.0,4.1515506582317857e-13
musica_estresante,Fp1,302.5,4.092209833052367e-13
musica_estresante,Fp1,303.0,4.0604301722788047e-13
musica_estresante,Fp1,303.5,4.0100354031554956e-13
musica_estresante,Fp1,304.0,3.9572449772341546e-13
musica_estresante,Fp1,304.5,3.9329056115644735e-13
musica_estresante,Fp1,305.0,3.867731664509712e-13
musica_estresante,Fp1,305.5,3.835217340932312e-13
musica_estresante,Fp1,306.0,3.7967024117142486e-13
musica_estresante,Fp1,306.5,3.745003708215138e-13
musica_estresante,Fp1,307.0,3.716633560222957e-13
musica_estresante,Fp1,307.5,3.6613597213965654e-13
musica_estresante,Fp1,308.0,3.626205341990524e-13
musica_estresante,Fp1,308.5,3.5904829265242846e-13
musica_estresante,Fp1,309.0,3.545713496388586e-13
musica_estresante,Fp1,309.5,3.505821923164808e-13
musica_estresante,Fp1,310.0,3.472608261998777e-13
musica_estresante,Fp1,310.5,3.432283240534032e-13
musica_estresante,Fp1,311.0,3.3934133146836827e-13
musica_estresante,Fp1,311.5,3.353595393496835e-13
musica_estresante,Fp1,312.0,3.319428681414287e-13
musica_estresante,Fp1,312.5,3.283939170987302e-13
musica_estresante,Fp1,313.0,3.244429544089686e-13
musica_estresante,Fp1,313.5,3.2178664821167375e-13
musica_estresante,Fp1,314.0,3.166837252390546e-13
musica_estresante,Fp1,314.5,3.148020763698107e-13
musica_estresante,Fp1,315.0,3.100791547509536e-13
musica_estresante,Fp1,315.5,3.077335632686545e-13
musica_estresante,Fp1,316.0,3.0365588070826575e-13
musica_estresante,Fp1,316.5,3.007691436493486e-13
musica_estresante,Fp1,317.0,2.9709404701529674e-13
musica_estresante,Fp1,317.5,2.942490996401801e-13
musica_estresante,Fp1,318.0,2.9054636233534156e-13
musica_estresante,Fp1,318.5,2.8779545694624374e-13
musica_estresante,Fp1,319.0,2.843028507172993e-13
musica_estresante,Fp1,319.5,2.8162971854866333e-13
musica_estresante,Fp1,320.0,2.7806613131852027e-13
musica_estresante,Fp1,320.5,2.754676596860628e-13
musica_estresante,Fp1,321.0,2.722048767123204e-13
musica_estresante,Fp1,321.5,2.692696222065213e-13
musica_estresante,Fp1,322.0,2.6638310922696925e-13
musica_estresante,Fp1,322.5,2.634124346942494e-13
musica_estresante,Fp1,323.0,2.607766735570005e-13
musica_estresante,Fp1,323.5,2.5749861607763877e-13
musica_estresante,Fp1,324.0,2.5518939486442357e-13
musica_estresante,Fp1,324.5,2.5206507259655033e-13
musica_estresante,Fp1,325.0,2.4959770475029273e-13
musica_estresante,Fp1,325.5,2.46544669299772e-13
musica_estresante,Fp1,326.0,2.4390742008784276e-13
musica_estresante,Fp1,326.5,2.4164972691953605e-13
musica_estresante,Fp1,327.0,2.3867575012082175e-13
musica_estresante,Fp1,327.5,2.3619719305593336e-13
musica_estresante,Fp1,328.0,2.335785379591391e-13
musica_estresante,Fp1,328.5,2.3108817340957416e-13
musica_estresante,Fp1,329.0,2.2845544518131767e-13
musica_estresante,Fp1,329.5,2.2621398450640156e-13
musica_estresante,Fp1,330.0,2.2349954097738234e-13
musica_estresante,Fp1,330.5,2.2121900563873854e-13
musica_estresante,Fp1,331.0,2.188151561230483e-13
musica_estresante,Fp1,331.5,2.1638287771173095e-13
musica_estresante,Fp1,332.0,2.141247552960597e-13
musica_estresante,Fp1,332.5,2.1169140701040002e-13
musica_estresante,Fp1,333.0,2.094666511550738e-13
musica_estresante,Fp1,333.5,2.0707846437133423e-13
musica_estresante,Fp1,334.0,2.0500727189458697e-13
musica_estresante,Fp1,334.5,2.0272583940138837e-13
musica_estresante,Fp1,335.0,2.0044686823671283e-13
musica_estresante,Fp1,335.5,1.9838491004910574e-13
musica_estresante,Fp1,336.0,1.9604930194077456e-13
musica_estresante,Fp1,336.5,1.9413081241439276e-13
musica_estresante,Fp1,337.0,1.9187250209882502e-13
musica_estresante,Fp1,337.5,1.899029430181532e-13
musica_estresante,Fp1,338.0,1.8779707444767698e-13
musica_estresante,Fp1,338.5,1.8573714182700664e-13
musica_estresante,Fp1,339.0,1.8378781313937718e-13
musica_estresante,Fp1,339.5,1.8164564256922312e-13
musica_estresante,Fp1,340.0,1.7988506071346772e-13
musica_estresante,Fp1,340.5,1.7774459665571117e-13
musica_estresante,Fp1,341.0,1.7592436555827064e-13
musica_estresante,Fp1,341.5,1.7398930063796544e-13
musica_estresante,Fp1,342.0,1.7204008873087314e-13
musica_estresante,Fp1,342.5,1.7027890522047867e-13
musica_estresante,Fp1,343.0,1.6824039870342307e-13
musica_estresante,Fp1,343.5,1.6664056108374626e-13
musica_estresante,Fp1,344.0,1.6467788809003812e-13
musica_estresante,Fp1,344.5,1.6294915812424897e-13
musica_estresante,Fp1,345.0,1.6115630736492926e-13
musica_estresante,Fp1,345.5,1.5943297025214796e-13
musica_estresante,Fp1,346.0,1.5766023317135943e-13
musica_estresante,Fp1,346.5,1.5592536485804474e-13
musica_estresante,Fp1,347.0,1.5427155081842092e-13
musica_estresante,Fp1,347.5,1.525956396834328e-13
musica_estresante,Fp1,348.0,1.508523181969051e-13
musica_estresante,Fp1,348.5,1.4933491347205053e-13
musica_estresante,Fp1,349.0,1.4760841924403936e-13
musica_estresante,Fp1,349.5,1.4600939984321992e-13
musica_estresante,Fp1,350.0,1.4446170431961892e-13
musica_estresante,Fp1,350.5,1.4283003941131817e-13
musica_estresante,Fp1,351.0,1.4130008966943412e-13
musica_estresante,Fp1,351.5,1.3974984199983647e-13
musica_estresante,Fp1,352.0,1.3821008993562867e-13
musica_estresante,Fp1,352.5,1.3673035793276985e-13
musica_estresante,Fp1,353.0,1.3518077775301392e-13
musica_estresante,Fp1,353.5,1.3374364583679713e-13
musica_estresante,Fp1,354.0,1.32262030670784e-13
musica_estresante,Fp1,354.5,1.3080617998969503e-13
musica_estresante,Fp1,355.0,1.2938470634308762e-13
musica_estresante,Fp1,355.5,1.2794033401414486e-13
musica_estresante,Fp1,356.0,1.265689128115471e-13
musica_estresante,Fp1,356.5,1.2514719107621172e-13
musica_estresante,Fp1,357.0,1.2378376832966071e-13
musica_estresante,Fp1,357.5,1.2242071999050542e-13
musica_estresante,Fp1,358.0,1.2106799386798127e-13
musica_estresante,Fp1,358.5,1.197489846821316e-13
musica_estresante,Fp1,359.0,1.1840485534371295e-13
musica_estresante,Fp1,359.5,1.1710871649076248e-13
musica_estresante,Fp1,360.0,1.1580737852632413e-13
musica_estresante,Fp1,360.5,1.1454100503048396e-13
musica_estresante,Fp1,361.0,1.1326460262038798e-13
musica_estresante,Fp1,361.5,1.1201192154165165e-13
musica_estresante,Fp1,362.0,1.1076797747209049e-13
musica_estresante,Fp1,362.5,1.0954351029191845e-13
musica_estresante,Fp1,363.0,1.0833045097437282e-13
musica_estresante,Fp1,363.5,1.0711581476224681e-13
musica_estresante,Fp1,364.0,1.0594173652135363e-13
musica_estresante,Fp1,364.5,1.0473671456300632e-13
musica_estresante,Fp1,365.0,1.035887710400816e-13
musica_estresante,Fp1,365.5,1.024303044972499e-13
musica_estresante,Fp1,366.0,1.0128977321027893e-13
musica_estresante,Fp1,366.5,1.001460139944857e-13
musica_estresante,Fp1,367.0,9.904050237432253e-14
musica_estresante,Fp1,367.5,9.79218718934181e-14
musica_estresante,Fp1,368.0,9.682197688947708e-14
musica_estresante,Fp1,368.5,9.574879670872039e-14
musica_estresante,Fp1,369.0,9.465698706345012e-14
musica_estresante,Fp1,369.5,9.360635092083387e-14
musica_estresante,Fp1,370.0,9.254202286490869e-14
musica_estresante,Fp1,370.5,9.150507570046008e-14
musica_estresante,Fp1,371.0,9.046878705085e-14
musica_estresante,Fp1,371.5,8.944847532878911e-14
musica_estresante,Fp1,372.0,8.844249623176687e-14
musica_estresante,Fp1,372.5,8.742685667324901e-14
musica_estresante,Fp1,373.0,8.64502711655512e-14
musica_estresante,Fp1,373.5,8.545696188265987e-14
musica_estresante,Fp1,374.0,8.449481209768591e-14
musica_estresante,Fp1,374.5,8.352922695268481e-14
musica_estresante,Fp1,375.0,8.257020068489689e-14
musica_estresante,Fp1,375.5,8.164300021907086e-14
musica_estresante,Fp1,376.0,8.069342592181457e-14
musica_estresante,Fp1,376.5,7.977964088407714e-14
musica_estresante,Fp1,377.0,7.886189863907263e-14
musica_estresante,Fp1,377.5,7.795955713517366e-14
musica_estresante,Fp1,378.0,7.70615908528638e-14
musica_estresante,Fp1,378.5,7.617037389375584e-14
musica_estresante,Fp1,379.0,7.529976931028637e-14
musica_estresante,Fp1,379.5,7.442425726576934e-14
musica_estresante,Fp1,380.0,7.356695266033661e-14
musica_estresante,Fp1,380.5,7.271321497130781e-14
musica_estresante,Fp1,381.0,7.186900806838338e-14
musica_estresante,Fp1,381.5,7.103501518596297e-14
musica_estresante,Fp1,382.0,7.02063005013298e-14
musica_estresante,Fp1,382.5,6.938933670375584e-14
musica_estresante,Fp1,383.0,6.857921364252335e-14
musica_estresante,Fp1,383.5,6.777518616594031e-14
musica_estresante,Fp1,384.0,6.69811659927496e-14
musica_estresante,Fp1,384.5,6.619619141155599e-14
musica_estresante,Fp1,385.0,6.541650227883719e-14
musica_estresante,Fp1,385.5,6.464543634148285e-14
musica_estresante,Fp1,386.0,6.388232084496413e-14
musica_estresante,Fp1,386.5,6.3126939627031e-14
musica_estresante,Fp1,387.0,6.237950052373745e-14
musica_estresante,Fp1,387.5,6.163730026551371e-14
musica_estresante,Fp1,388.0,6.090636630343363e-14
musica_estresante,Fp1,388.5,6.017813380791956e-14
musica_estresante,Fp1,389.0,5.946122903473885e-14
musica_estresante,Fp1,389.5,5.874763239357544e-14
musica_estresante,Fp1,390.0,5.80443384929748e-14
musica_estresante,Fp1,390.5,5.734881368402838e-14
musica_estresante,Fp1,391.0,5.6653249188949913e-14
musica_estresante,Fp1,391.5,5.597510272965942e-14
musica_estresante,Fp1,392.0,5.5292714934332354e-14
musica_estresante,Fp1,392.5,5.462702290425927e-14
musica_estresante,Fp1,393.0,5.396113634980812e-14
musica_estresante,Fp1,393.5,5.3304475194404925e-14
musica_estresante,Fp1,394.0,5.265576153831413e-14
musica_estresante,Fp1,394.5,5.2008696744614314e-14
musica_estresante,Fp1,395.0,5.137469485917087e-14
musica_estresante,Fp1,395.5,5.073992086466962e-14
musica_estresante,Fp1,396.0,5.0117483307431285e-14
musica_estresante,Fp1,396.5,4.949772259205099e-14
musica_estresante,Fp1,397.0,4.8884863312995784e-14
musica_estresante,Fp1,397.5,4.8279030570869937e-14
musica_estresante,Fp1,398.0,4.7677490251471536e-14
musica_estresante,Fp1,398.5,4.7084280229744284e-14
musica_estresante,Fp1,399.0,4.649427773560232e-14
musica_estresante,Fp1,399.5,4.591245620943045e-14
musica_estresante,Fp1,400.0,4.533495872188775e-14
musica_estresante,Fp1,400.5,4.476388357753856e-14
musica_estresante,Fp1,401.0,4.419830835181929e-14
musica_estresante,Fp1,401.5,4.363821201400719e-14
musica_estresante,Fp1,402.0,4.30841053569215e-14
musica_estresante,Fp1,402.5,4.253489143189039e-14
musica_estresante,Fp1,403.0,4.19916822974185e-14
musica_estresante,Fp1,403.5,4.145346757305572e-14
musica_estresante,Fp1,404.0,4.0921337379277024e-14
musica_estresante,Fp1,404.5,4.0393436970407264e-14
musica_estresante,Fp1,405.0,3.987173558066323e-14
musica_estresante,Fp1,405.5,3.93546186637136e-14
musica_estresante,Fp1,406.0,3.884323534122874e-14
musica_estresante,Fp1,406.5,3.833635459064137e-14
musica_estresante,Fp1,407.0,3.7834742023987897e-14
musica_estresante,Fp1,407.5,3.733862240411994e-14
musica_estresante,Fp1,408.0,3.6846845074375197e-14
musica_estresante,Fp1,408.5,3.636012783519372e-14
musica_estresante,Fp1,409.0,3.587856383006853e-14
musica_estresante,Fp1,409.5,3.5401401168569036e-14
musica_estresante,Fp1,410.0,3.492953652556888e-14
musica_estresante,Fp1,410.5,3.446189125174935e-14
musica_estresante,Fp1,411.0,3.399935881307573e-14
musica_estresante,Fp1,411.5,3.354113046787179e-14
musica_estresante,Fp1,412.0,3.3087862980052624e-14
musica_estresante,Fp1,412.5,3.263885209863768e-14
musica_estresante,Fp1,413.0,3.2194474588566744e-14
musica_estresante,Fp1,413.5,3.175470583165882e-14
musica_estresante,Fp1,414.0,3.131917826602956e-14
musica_estresante,Fp1,414.5,3.0888214706556644e-14
musica_estresante,Fp1,415.0,3.0461489679156815e-14
musica_estresante,Fp1,415.5,3.003916614313246e-14
musica_estresante,Fp1,416.0,2.9621095172559646e-14
musica_estresante,Fp1,416.5,2.920730421711922e-14
musica_estresante,Fp1,417.0,2.8797605088447245e-14
musica_estresante,Fp1,417.5,2.8392239864111385e-14
musica_estresante,Fp1,418.0,2.7990936364456614e-14
musica_estresante,Fp1,418.5,2.759361962259128e-14
musica_estresante,Fp1,419.0,2.720059098603417e-14
musica_estresante,Fp1,419.5,2.6811333055066232e-14
musica_estresante,Fp1,420.0,2.6426261501824583e-14
musica_estresante,Fp1,420.5,2.604502525553867e-14
musica_estresante,Fp1,421.0,2.566775971978284e-14
musica_estresante,Fp1,421.5,2.5294365654935145e-14
musica_estresante,Fp1,422.0,2.4924774897089925e-14
musica_estresante,Fp1,422.5,2.4559123762446177e-14
musica_estresante,Fp1,423.0,2.4197091193789677e-14
musica_estresante,Fp1,423.5,2.3838945648229245e-14
musica_estresante,Fp1,424.0,2.348443305413715e-14
musica_estresante,Fp1,424.5,2.3133653558829968e-14
musica_estresante,Fp1,425.0,2.2786529242720545e-14
musica_estresante,Fp1,425.5,2.2442981812619875e-14
musica_estresante,Fp1,426.0,2.210309985166223e-14
musica_estresante,Fp1,426.5,2.1766691971574588e-14
musica_estresante,Fp1,427.0,2.1433908463193243e-14
musica_estresante,Fp1,427.5,2.110452985282954e-14
musica_estresante,Fp1,428.0,2.0778729034083543e-14
musica_estresante,Fp1,428.5,2.045628929303619e-14
musica_estresante,Fp1,429.0,2.0137305887146934e-14
musica_estresante,Fp1,429.5,1.9821719194005655e-14
musica_estresante,Fp1,430.0,1.9509440505201768e-14
musica_estresante,Fp1,430.5,1.920056980250036e-14
musica_estresante,Fp1,431.0,1.889492450448389e-14
musica_estresante,Fp1,431.5,1.8592633760119565e-14
musica_estresante,Fp1,432.0,1.8293530091890326e-14
musica_estresante,Fp1,432.5,1.7997684991600073e-14
musica_estresante,Fp1,433.0,1.770504337887707e-14
musica_estresante,Fp1,433.5,1.741554872649742e-14
musica_estresante,Fp1,434.0,1.712923205258369e-14
musica_estresante,Fp1,434.5,1.6846020593497273e-14
musica_estresante,Fp1,435.0,1.656591622109805e-14
musica_estresante,Fp1,435.5,1.6288876238583297e-14
musica_estresante,Fp1,436.0,1.601489780833656e-14
musica_estresante,Fp1,436.5,1.5743936900746842e-14
musica_estresante,Fp1,437.0,1.547599260923454e-14
musica_estresante,Fp1,437.5,1.5211007845157636e-14
musica_estresante,Fp1,438.0,1.494899655945537e-14
musica_estresante,Fp1,438.5,1.468991548303385e-14
musica_estresante,Fp1,439.0,1.4433737054927584e-14
musica_estresante,Fp1,439.5,1.41804640294206e-14
musica_estresante,Fp1,440.0,1.3930042938613385e-14
musica_estresante,Fp1,440.5,1.3682482090388244e-14
musica_estresante,Fp1,441.0,1.343773739158772e-14
musica_estresante,Fp1,441.5,1.3195800353013143e-14
musica_estresante,Fp1,442.0,1.2956647362360264e-14
musica_estresante,Fp1,442.5,1.2720254031245144e-14
musica_estresante,Fp1,443.0,1.2486609628310819e-14
musica_estresante,Fp1,443.5,1.2255680768183407e-14
musica_estresante,Fp1,444.0,1.2027461472560981e-14
musica_estresante,Fp1,444.5,1.1801922007849127e-14
musica_estresante,Fp1,445.0,1.1579049187497169e-14
musica_estresante,Fp1,445.5,1.1358820793820442e-14
musica_estresante,Fp1,446.0,1.1141219496882979e-14
musica_estresante,Fp1,446.5,1.09262291303753e-14
musica_estresante,Fp1,447.0,1.0713825521545726e-14
musica_estresante,Fp1,447.5,1.0503998187827282e-14
musica_estresante,Fp1,448.0,1.0296721439548798e-14
musica_estresante,Fp1,448.5,1.0091986190450578e-14
musica_estresante,Fp1,449.0,9.889768565976806e-15
musica_estresante,Fp1,449.5,9.690053557154316e-15
musica_estresante,Fp1,450.0,9.492827196353904e-15
musica_estresante,Fp1,450.5,9.298066810485392e-15
musica_estresante,Fp1,451.0,9.105763363527126e-15
musica_estresante,Fp1,451.5,8.915894818919171e-15
musica_estresante,Fp1,452.0,8.728448757016687e-15
musica_estresante,Fp1,452.5,8.543407960114521e-15
musica_estresante,Fp1,453.0,8.36075702173864e-15
musica_estresante,Fp1,453.5,8.180481594010089e-15
musica_estresante,Fp1,454.0,8.002565790632284e-15
musica_estresante,Fp1,454.5,7.826995671224436e-15
musica_estresante,Fp1,455.0,7.653755043378038e-15
musica_estresante,Fp1,455.5,7.48283138065482e-15
musica_estresante,Fp1,456.0,7.31420921468285e-15
musica_estresante,Fp1,456.5,7.147875313402212e-15
musica_estresante,Fp1,457.0,6.983815078602353e-15
musica_estresante,Fp1,457.5,6.822015742995225e-15
musica_estresante,Fp1,458.0,6.6624637851172286e-15
musica_estresante,Fp1,458.5,6.505145443940983e-15
musica_estresante,Fp1,459.0,6.350048414107103e-15
musica_estresante,Fp1,459.5,6.197159365537626e-15
musica_estresante,Fp1,460.0,6.0464659560020574e-15
musica_estresante,Fp1,460.5,5.8979560410924974e-15
musica_estresante,Fp1,461.0,5.751616815603256e-15
musica_estresante,Fp1,461.5,5.607436700295474e-15
musica_estresante,Fp1,462.0,5.465403501736292e-15
musica_estresante,Fp1,462.5,5.325506054315903e-15
musica_estresante,Fp1,463.0,5.1877324645705614e-15
musica_estresante,Fp1,463.5,5.052071750609898e-15
musica_estresante,Fp1,464.0,4.918512345665049e-15
musica_estresante,Fp1,464.5,4.787043854954333e-15
musica_estresante,Fp1,465.0,4.657655199304735e-15
musica_estresante,Fp1,465.5,4.530336103165152e-15
musica_estresante,Fp1,466.0,4.405075795529554e-15
musica_estresante,Fp1,466.5,4.281864370232012e-15
musica_estresante,Fp1,467.0,4.160691673306292e-15
musica_estresante,Fp1,467.5,4.041547717785545e-15
musica_estresante,Fp1,468.0,3.924423051388132e-15
musica_estresante,Fp1,468.5,3.809307903713858e-15
musica_estresante,Fp1,469.0,3.69619311020454e-15
musica_estresante,Fp1,469.5,3.585069473755113e-15
musica_estresante,Fp1,470.0,3.4759279383912322e-15
musica_estresante,Fp1,470.5,3.368759785925322e-15
musica_estresante,Fp1,471.0,3.263555876052709e-15
musica_estresante,Fp1,471.5,3.1603082962623776e-15
musica_estresante,Fp1,472.0,3.059008249449292e-15
musica_estresante,Fp1,472.5,2.959647805542057e-15
musica_estresante,Fp1,473.0,2.8622189328442214e-15
musica_estresante,Fp1,473.5,2.7667133902902745e-15
musica_estresante,Fp1,474.0,2.6731239124766186e-15
musica_estresante,Fp1,474.5,2.5814426252634716e-15
musica_estresante,Fp1,475.0,2.4916624689824143e-15
musica_estresante,Fp1,475.5,2.4037759941967287e-15
musica_estresante,Fp1,476.0,2.3177761813769656e-15
musica_estresante,Fp1,476.5,2.2336559932609617e-15
musica_estresante,Fp1,477.0,2.1514086817809855e-15
musica_estresante,Fp1,477.5,2.0710278429813855e-15
musica_estresante,Fp1,478.0,1.9925069102623056e-15
musica_estresante,Fp1,478.5,1.915839344746291e-15
musica_estresante,Fp1,479.0,1.8410194671661487e-15
musica_estresante,Fp1,479.5,1.76804072810741e-15
musica_estresante,Fp1,480.0,1.6968977768481441e-15
musica_estresante,Fp1,480.5,1.6275845557661946e-15
musica_estresante,Fp1,481.0,1.5600956937041219e-15
musica_estresante,Fp1,481.5,1.4944257006389831e-15
musica_estresante,Fp1,482.0,1.4305691423079625e-15
musica_estresante,Fp1,482.5,1.3685214414641345e-15
musica_estresante,Fp1,483.0,1.3082770558943718e-15
musica_estresante,Fp1,483.5,1.2498315531909595e-15
musica_estresante,Fp1,484.0,1.19318006458212e-15
musica_estresante,Fp1,484.5,1.138318042696525e-15
musica_estresante,Fp1,485.0,1.0852413132082376e-15
musica_estresante,Fp1,485.5,1.0339454178103641e-15
musica_estresante,Fp1,486.0,9.844264100507937e-16
musica_estresante,Fp1,486.5,9.366801287329626e-16
musica_estresante,Fp1,487.0,8.907030962448642e-16
musica_estresante,Fp1,487.5,8.464912930713431e-16
musica_estresante,Fp1,488.0,8.040414401246393e-16
musica_estresante,Fp1,488.5,7.633501672461283e-16
musica_estresante,Fp1,489.0,7.244139298564694e-16
musica_estresante,Fp1,489.5,6.872300849815482e-16
musica_estresante,Fp1,490.0,6.517951503341431e-16
musica_estresante,Fp1,490.5,6.181067126566573e-16
musica_estresante,Fp1,491.0,5.861619774573365e-16
musica_estresante,Fp1,491.5,5.5595829319092035e-16
musica_estresante,Fp1,492.0,5.274934583888843e-16
musica_estresante,Fp1,492.5,5.007650123236697e-16
musica_estresante,Fp1,493.0,4.757709264112522e-16
musica_estresante,Fp1,493.5,4.5250921049147e-16
musica_estresante,Fp1,494.0,4.309779072890804e-16
musica_estresante,Fp1,494.5,4.111754856269434e-16
musica_estresante,Fp1,495.0,3.9310024811175924e-16
musica_estresante,Fp1,495.5,3.767508537754713e-16
musica_estresante,Fp1,496.0,3.621258480939851e-16
musica_estresante,Fp1,496.5,3.492242142814305e-16
musica_estresante,Fp1,497.0,3.380448310794319e-16
musica_estresante,Fp1,497.5,3.2858680667067163e-16
musica_estresante,Fp1,498.0,3.208495111530939e-16
musica_estresante,Fp1,498.5,3.1483219712635996e-16
musica_estresante,Fp1,499.0,3.1053450134145764e-16
musica_estresante,Fp1,499.5,3.079560639443016e-16
musica_estresante,Fp1,500.0,1.5354830264503433e-16
musica_estresante,Fp2,0.0,3641.601902979032
musica_estresante,Fp2,0.5,23701.759053098518
musica_estresante,Fp2,1.0,83859.06982029708
musica_estresante,Fp2,1.5,104143.91504932311
musica_estresante,Fp2,2.0,67504.85005013383
musica_estresante,Fp2,2.5,50448.86672589223
musica_estresante,Fp2,3.0,25961.142554598377
musica_estresante,Fp2,3.5,16118.083662026896
musica_estresante,Fp2,4.0,13539.064702152144
musica_estresante,Fp2,4.5,7869.357420006277
musica_estresante,Fp2,5.0,5920.668879404536
musica_estresante,Fp2,5.5,6434.481396133534
musica_estresante,Fp2,6.0,4837.08317025359
musica_estresante,Fp2,6.5,4148.29910592497
musica_estresante,Fp2,7.0,5064.202158636294
musica_estresante,Fp2,7.5,3664.2738881339374
musica_estresante,Fp2,8.0,3373.7478522104016
musica_estresante,Fp2,8.5,3590.166565997371
musica_estresante,Fp2,9.0,2732.5904076066968
musica_estresante,Fp2,9.5,2912.5330570417277
musica_estresante,Fp2,10.0,2190.796595938052
musica_estresante,Fp2,10.5,1156.5127712049946
musica_estresante,Fp2,11.0,1128.317860572705
musica_estresante,Fp2,11.5,1107.3821491318283
musica_estresante,Fp2,12.0,1111.364798607098
musica_estresante,Fp2,12.5,1359.7925559853854
musica_estresante,Fp2,13.0,938.5465551181154
musica_estresante,Fp2,13.5,819.7894097299358
musica_estresante,Fp2,14.0,1061.9281101365616
musica_estresante,Fp2,14.5,862.6799805911675
musica_estresante,Fp2,15.0,835.606522025872
musica_estresante,Fp2,15.5,1098.8088878789083
musica_estresante,Fp2,16.0,671.5541260286915
musica_estresante,Fp2,16.5,784.9784538816092
musica_estresante,Fp2,17.0,706.3746519406064
musica_estresante,Fp2,17.5,706.5195676608682
musica_estresante,Fp2,18.0,737.2961262862249
musica_estresante,Fp2,18.5,731.5277511478754
musica_estresante,Fp2,19.0,728.6198167998359
musica_estresante,Fp2,19.5,469.02321315786486
musica_estresante,Fp2,20.0,464.9672801555257
musica_estresante,Fp2,20.5,477.3555653149023
musica_estresante,Fp2,21.0,511.6611055453305
musica_estresante,Fp2,21.5,512.9700953414216
musica_estresante,Fp2,22.0,528.1460960159019
musica_estresante,Fp2,22.5,414.2389888071978
musica_estresante,Fp2,23.0,349.67560033309695
musica_estresante,Fp2,23.5,416.2954022790241
musica_estresante,Fp2,24.0,481.0817926560358
musica_estresante,Fp2,24.5,362.13882068307606
musica_estresante,Fp2,25.0,261.2717167858241
musica_estresante,Fp2,25.5,284.0654792328572
musica_estresante,Fp2,26.0,369.96573248604136
musica_estresante,Fp2,26.5,288.7870233919137
musica_estresante,Fp2,27.0,228.39249400130325
musica_estresante,Fp2,27.5,331.4048065151706
musica_estresante,Fp2,28.0,319.54251282255854
musica_estresante,Fp2,28.5,239.1245243953962
musica_estresante,Fp2,29.0,288.05318196378136
musica_estresante,Fp2,29.5,233.58405751596877
musica_estresante,Fp2,30.0,234.57058942001268
musica_estresante,Fp2,30.5,212.79837441867164
musica_estresante,Fp2,31.0,218.5084699475632
musica_estresante,Fp2,31.5,291.11071664987975
musica_estresante,Fp2,32.0,245.32649359929292
musica_estresante,Fp2,32.5,243.420090174738
musica_estresante,Fp2,33.0,249.38451463671322
musica_estresante,Fp2,33.5,235.33610643171656
musica_estresante,Fp2,34.0,230.59827413870082
musica_estresante,Fp2,34.5,218.47184552290958
musica_estresante,Fp2,35.0,204.0354045488576
musica_estresante,Fp2,35.5,251.08585282224433
musica_estresante,Fp2,36.0,269.9549732609128
musica_estresante,Fp2,36.5,275.720215170985
musica_estresante,Fp2,37.0,167.18340471138825
musica_estresante,Fp2,37.5,175.84949536961867
musica_estresante,Fp2,38.0,205.6384795046603
musica_estresante,Fp2,38.5,176.29250571732769
musica_estresante,Fp2,39.0,131.74526377397544
musica_estresante,Fp2,39.5,129.28749514571408
musica_estresante,Fp2,40.0,142.69305214390343
musica_estresante,Fp2,40.5,112.13527365825303
musica_estresante,Fp2,41.0,95.66638824676487
musica_estresante,Fp2,41.5,102.5113011005555
musica_estresante,Fp2,42.0,100.80196440531313
musica_estresante,Fp2,42.5,108.24591517107477
musica_estresante,Fp2,43.0,90.04520085313618
musica_estresante,Fp2,43.5,60.27851342158139
musica_estresante,Fp2,44.0,72.64159574044662
musica_estresante,Fp2,44.5,56.87831383514341
musica_estresante,Fp2,45.0,50.79616345556965
musica_estresante,Fp2,45.5,42.18371556210202
musica_estresante,Fp2,46.0,41.688121055614886
musica_estresante,Fp2,46.5,41.82845962251749
musica_estresante,Fp2,47.0,36.320641361978204
musica_estresante,Fp2,47.5,29.173436358748003
musica_estresante,Fp2,48.0,30.654426826561874
musica_estresante,Fp2,48.5,33.84490926405113
musica_estresante,Fp2,49.0,23.75704455255496
musica_estresante,Fp2,49.5,17.24296002091324
musica_estresante,Fp2,50.0,16.051372240562078
musica_estresante,Fp2,50.5,16.751217586137148
musica_estresante,Fp2,51.0,13.412108359890121
musica_estresante,Fp2,51.5,13.452420467469068
musica_estresante,Fp2,52.0,12.575285182289837
musica_estresante,Fp2,52.5,10.684550394043887
musica_estresante,Fp2,53.0,8.31444982603359
musica_estresante,Fp2,53.5,8.1027491275711
musica_estresante,Fp2,54.0,7.2597868039150555
musica_estresante,Fp2,54.5,6.515170419475576
musica_estresante,Fp2,55.0,6.065543644308701
musica_estresante,Fp2,55.5,5.170934298213226
musica_estresante,Fp2,56.0,4.188560135225018
musica_estresante,Fp2,56.5,3.3053229023675095
musica_estresante,Fp2,57.0,3.0903100859235004
musica_estresante,Fp2,57.5,2.5202589172441017
musica_estresante,Fp2,58.0,2.002768146539074
musica_estresante,Fp2,58.5,2.076790479589826
musica_estresante,Fp2,59.0,2.2439243771185566
musica_estresante,Fp2,59.5,1.8982184705125498
musica_estresante,Fp2,60.0,1.4620284406854553
musica_estresante,Fp2,60.5,1.3955106097280474
musica_estresante,Fp2,61.0,1.1276893232571865
musica_estresante,Fp2,61.5,0.9032177798079276
musica_estresante,Fp2,62.0,0.7919833382952511
musica_estresante,Fp2,62.5,0.6663346716810506
musica_estresante,Fp2,63.0,0.6647926133743539
musica_estresante,Fp2,63.5,0.555993089842766
musica_estresante,Fp2,64.0,0.6000810524776125
musica_estresante,Fp2,64.5,0.5898991456060098
musica_estresante,Fp2,65.0,0.49693052234283536
musica_estresante,Fp2,65.5,0.43456220432396336
musica_estresante,Fp2,66.0,0.3276587507438919
musica_estresante,Fp2,66.5,0.2575013546195348
musica_estresante,Fp2,67.0,0.21407072370848665
musica_estresante,Fp2,67.5,0.18631843608100726
musica_estresante,Fp2,68.0,0.19093845664713063
musica_estresante,Fp2,68.5,0.1721264787854786
musica_estresante,Fp2,69.0,0.12132867665142595
musica_estresante,Fp2,69.5,0.08866461281631059
musica_estresante,Fp2,70.0,0.05743822383161421
musica_estresante,Fp2,70.5,0.050459046934121926
musica_estresante,Fp2,71.0,0.04229402585335861
musica_estresante,Fp2,71.5,0.044860966041599976
musica_estresante,Fp2,72.0,0.03647342767643593
musica_estresante,Fp2,72.5,0.04159856700291914
musica_estresante,Fp2,73.0,0.03284642695904345
musica_estresante,Fp2,73.5,0.03044080773879823
musica_estresante,Fp2,74.0,0.031230011752185306
musica_estresante,Fp2,74.5,0.027458966809718103
musica_estresante,Fp2,75.0,0.02782795655905275
musica_estresante,Fp2,75.5,0.026198618845760458
musica_estresante,Fp2,76.0,0.019350463626053877
musica_estresante,Fp2,76.5,0.015266901748023235
musica_estresante,Fp2,77.0,0.015505366626282227
musica_estresante,Fp2,77.5,0.01578113098321315
musica_estresante,Fp2,78.0,0.014221800496499853
musica_estresante,Fp2,78.5,0.012102218101192557
musica_estresante,Fp2,79.0,0.009588411533521891
musica_estresante,Fp2,79.5,0.008093506826871918
musica_estresante,Fp2,80.0,0.007259483001286753
musica_estresante,Fp2,80.5,0.005902813697900367
musica_estresante,Fp2,81.0,0.005846294276645829
musica_estresante,Fp2,81.5,0.003947476288892704
musica_estresante,Fp2,82.0,0.003422089854025889
musica_estresante,Fp2,82.5,0.003652054247188112
musica_estresante,Fp2,83.0,0.003835835444074969
musica_estresante,Fp2,83.5,0.0031514320935876923
musica_estresante,Fp2,84.0,0.002875827459020089
musica_estresante,Fp2,84.5,0.0022516085505889065
musica_estresante,Fp2,85.0,0.001888632366446072
musica_estresante,Fp2,85.5,0.0013866141290213123
musica_estresante,Fp2,86.0,0.0012177301366430443
musica_estresante,Fp2,86.5,0.0012313755803486511
musica_estresante,Fp2,87.0,0.001056173223927495
musica_estresante,Fp2,87.5,0.0009517666783831644
musica_estresante,Fp2,88.0,0.0009775235054795051
musica_estresante,Fp2,88.5,0.0010490930108727617
musica_estresante,Fp2,89.0,0.0008135399547130077
musica_estresante,Fp2,89.5,0.0006338270974879904
musica_estresante,Fp2,90.0,0.000574012145016
musica_estresante,Fp2,90.5,0.0005132409839151178
musica_estresante,Fp2,91.0,0.0003771604872002091
musica_estresante,Fp2,91.5,0.00037861051723779934
musica_estresante,Fp2,92.0,0.0004722977803560871
musica_estresante,Fp2,92.5,0.0004454723359076437
musica_estresante,Fp2,93.0,0.00030948020664526795
musica_estresante,Fp2,93.5,0.00027123173961927347
musica_estresante,Fp2,94.0,0.00024157829751819196
musica_estresante,Fp2,94.5,0.00023742696620114858
musica_estresante,Fp2,95.0,0.0002026734899714443
musica_estresante,Fp2,95.5,0.00016253548473325183
musica_estresante,Fp2,96.0,0.00011046747812747512
musica_estresante,Fp2,96.5,8.99728873684964e-05
musica_estresante,Fp2,97.0,7.416186268185634e-05
musica_estresante,Fp2,97.5,6.898663835032809e-05
musica_estresante,Fp2,98.0,7.250914027848523e-05
musica_estresante,Fp2,98.5,7.668270099031527e-05
musica_estresante,Fp2,99.0,8.342965284196615e-05
musica_estresante,Fp2,99.5,0.00011400331051434633
musica_estresante,Fp2,100.0,0.00013389957212213045
musica_estresante,Fp2,100.5,0.00012439871114553936
musica_estresante,Fp2,101.0,0.00011698836117537507
musica_estresante,Fp2,101.5,9.699403623472965e-05
musica_estresante,Fp2,102.0,5.9608970552038324e-05
musica_estresante,Fp2,102.5,4.224004720119206e-05
musica_estresante,Fp2,103.0,4.093340962171902e-05
musica_estresante,Fp2,103.5,3.41189320873145e-05
musica_estresante,Fp2,104.0,3.510410169723753e-05
musica_estresante,Fp2,104.5,2.6348232160586622e-05
musica_estresante,Fp2,105.0,2.040218963254533e-05
musica_estresante,Fp2,105.5,1.8819907809300846e-05
musica_estresante,Fp2,106.0,1.683697406568578e-05
musica_estresante,Fp2,106.5,1.3908530205588934e-05
musica_estresante,Fp2,107.0,1.7543706624267618e-05
musica_estresante,Fp2,107.5,1.706206900239867e-05
musica_estresante,Fp2,108.0,1.531683673939159e-05
musica_estresante,Fp2,108.5,1.292696834930704e-05
musica_estresante,Fp2,109.0,1.3559692909329633e-05
musica_estresante,Fp2,109.5,1.2125933217434144e-05
musica_estresante,Fp2,110.0,9.653615834481457e-06
musica_estresante,Fp2,110.5,5.95225028820331e-06
musica_estresante,Fp2,111.0,6.290432749560825e-06
musica_estresante,Fp2,111.5,8.548732621651218e-06
musica_estresante,Fp2,112.0,8.72448490345486e-06
musica_estresante,Fp2,112.5,7.772778477067395e-06
musica_estresante,Fp2,113.0,6.449708247054928e-06
musica_estresante,Fp2,113.5,4.623285163467483e-06
musica_estresante,Fp2,114.0,4.179148356491911e-06
musica_estresante,Fp2,114.5,4.251491879844263e-06
musica_estresante,Fp2,115.0,4.596201155688253e-06
musica_estresante,Fp2,115.5,4.200298207760932e-06
musica_estresante,Fp2,116.0,3.6908862511805327e-06
musica_estresante,Fp2,116.5,3.3524597550433853e-06
musica_estresante,Fp2,117.0,3.429849936084395e-06
musica_estresante,Fp2,117.5,2.800553248728443e-06
musica_estresante,Fp2,118.0,2.0404911198125607e-06
musica_estresante,Fp2,118.5,1.6641627074601098e-06
musica_estresante,Fp2,119.0,1.3739553028112436e-06
musica_estresante,Fp2,119.5,1.373290839528323e-06
musica_estresante,Fp2,120.0,1.2450749163186496e-06
musica_estresante,Fp2,120.5,1.2157285886925062e-06
musica_estresante,Fp2,121.0,1.5251612429254807e-06
musica_estresante,Fp2,121.5,1.3593970196100149e-06
musica_estresante,Fp2,122.0,1.2994588998882005e-06
musica_estresante,Fp2,122.5,1.2935250641743177e-06
musica_estresante,Fp2,123.0,1.0989461905105822e-06
musica_estresante,Fp2,123.5,9.592715916513629e-07
musica_estresante,Fp2,124.0,8.268613709825062e-07
musica_estresante,Fp2,124.5,7.701135603739807e-07
musica_estresante,Fp2,125.0,7.15314487382733e-07
musica_estresante,Fp2,125.5,7.019554160826786e-07
musica_estresante,Fp2,126.0,5.954548531035886e-07
musica_estresante,Fp2,126.5,4.5030435441103483e-07
musica_estresante,Fp2,127.0,3.960215005043134e-07
musica_estresante,Fp2,127.5,3.508818027689138e-07
musica_estresante,Fp2,128.0,3.419806160208305e-07
musica_estresante,Fp2,128.5,2.389856599848469e-07
musica_estresante,Fp2,129.0,2.443051165248019e-07
musica_estresante,Fp2,129.5,2.4744524302378327e-07
musica_estresante,Fp2,130.0,1.9161544919247903e-07
musica_estresante,Fp2,130.5,2.1804675722878083e-07
musica_estresante,Fp2,131.0,2.0139816714187144e-07
musica_estresante,Fp2,131.5,1.554457935298186e-07
musica_estresante,Fp2,132.0,1.6308541596827958e-07
musica_estresante,Fp2,132.5,1.7520364228803221e-07
musica_estresante,Fp2,133.0,1.6336511652404666e-07
musica_estresante,Fp2,133.5,1.3747316591249514e-07
musica_estresante,Fp2,134.0,9.596851067857521e-08
musica_estresante,Fp2,134.5,7.769172223911927e-08
musica_estresante,Fp2,135.0,7.814796912950501e-08
musica_estresante,Fp2,135.5,7.781230471595453e-08
musica_estresante,Fp2,136.0,9.0925514044596e-08
musica_estresante,Fp2,136.5,8.059685318483486e-08
musica_estresante,Fp2,137.0,7.153813135407318e-08
musica_estresante,Fp2,137.5,6.195135953452395e-08
musica_estresante,Fp2,138.0,7.229771923376114e-08
musica_estresante,Fp2,138.5,7.658626928715706e-08
musica_estresante,Fp2,139.0,6.179118377764553e-08
musica_estresante,Fp2,139.5,4.942524619630648e-08
musica_estresante,Fp2,140.0,4.0497425927679293e-08
musica_estresante,Fp2,140.5,4.177431187291459e-08
musica_estresante,Fp2,141.0,4.790480813374518e-08
musica_estresante,Fp2,141.5,4.549829339836847e-08
musica_estresante,Fp2,142.0,4.044863573054732e-08
musica_estresante,Fp2,142.5,3.975893863953761e-08
musica_estresante,Fp2,143.0,3.746600527057026e-08
musica_estresante,Fp2,143.5,2.8600825691346908e-08
musica_estresante,Fp2,144.0,1.9244964265430287e-08
musica_estresante,Fp2,144.5,1.788406412558542e-08
musica_estresante,Fp2,145.0,2.3513768298749765e-08
musica_estresante,Fp2,145.5,2.5336787480632245e-08
musica_estresante,Fp2,146.0,2.4784017594440302e-08
musica_estresante,Fp2,146.5,2.3450296515385234e-08
musica_estresante,Fp2,147.0,2.1402043037858765e-08
musica_estresante,Fp2,147.5,2.0501238694105945e-08
musica_estresante,Fp2,148.0,2.470879615747976e-08
musica_estresante,Fp2,148.5,2.568438142820448e-08
musica_estresante,Fp2,149.0,2.320075604119815e-08
musica_estresante,Fp2,149.5,1.8489476697983495e-08
musica_estresante,Fp2,150.0,1.2183453557040565e-08
musica_estresante,Fp2,150.5,8.701156245731567e-09
musica_estresante,Fp2,151.0,6.2490242191700725e-09
musica_estresante,Fp2,151.5,6.925844889363436e-09
musica_estresante,Fp2,152.0,1.0186537549597313e-08
musica_estresante,Fp2,152.5,1.2669703128552146e-08
musica_estresante,Fp2,153.0,1.2102590696937247e-08
musica_estresante,Fp2,153.5,1.1074310651034766e-08
musica_estresante,Fp2,154.0,9.113893037590752e-09
musica_estresante,Fp2,154.5,7.576710028456308e-09
musica_estresante,Fp2,155.0,6.657076494608048e-09
musica_estresante,Fp2,155.5,6.132125026494303e-09
musica_estresante,Fp2,156.0,6.624444065220148e-09
musica_estresante,Fp2,156.5,6.433060488060931e-09
musica_estresante,Fp2,157.0,5.145689044399572e-09
musica_estresante,Fp2,157.5,3.3104025996380275e-09
musica_estresante,Fp2,158.0,2.7115440124736466e-09
musica_estresante,Fp2,158.5,2.7353315698382792e-09
musica_estresante,Fp2,159.0,2.639972728434672e-09
musica_estresante,Fp2,159.5,1.8383428230158005e-09
musica_estresante,Fp2,160.0,1.5514946746849338e-09
musica_estresante,Fp2,160.5,1.9921443015247675e-09
musica_estresante,Fp2,161.0,2.49399531790674e-09
musica_estresante,Fp2,161.5,2.627941319891333e-09
musica_estresante,Fp2,162.0,1.492116775768999e-09
musica_estresante,Fp2,162.5,1.1515671204321698e-09
musica_estresante,Fp2,163.0,2.285772569403762e-09
musica_estresante,Fp2,163.5,2.9075693024867976e-09
musica_estresante,Fp2,164.0,2.6428089050206207e-09
musica_estresante,Fp2,164.5,2.208505143117144e-09
musica_estresante,Fp2,165.0,2.1425291631154517e-09
musica_estresante,Fp2,165.5,2.1732472586510135e-09
musica_estresante,Fp2,166.0,1.592854556946214e-09
musica_estresante,Fp2,166.5,1.6184120572883438e-09
musica_estresante,Fp2,167.0,1.4809050201873169e-09
musica_estresante,Fp2,167.5,1.2900872583264313e-09
musica_estresante,Fp2,168.0,1.2901107798608585e-09
musica_estresante,Fp2,168.5,1.033571422874207e-09
musica_estresante,Fp2,169.0,7.909622245903538e-10
musica_estresante,Fp2,169.5,7.674129437881775e-10
musica_estresante,Fp2,170.0,6.638331685661639e-10
musica_estresante,Fp2,170.5,4.99196491251206e-10
musica_estresante,Fp2,171.0,4.921860959470672e-10
musica_estresante,Fp2,171.5,5.104871526213137e-10
musica_estresante,Fp2,172.0,5.665670958482861e-10
musica_estresante,Fp2,172.5,8.719997131725276e-10
musica_estresante,Fp2,173.0,1.0950058196851078e-09
musica_estresante,Fp2,173.5,9.395001862306363e-10
musica_estresante,Fp2,174.0,6.429229895862325e-10
musica_estresante,Fp2,174.5,4.894949730921642e-10
musica_estresante,Fp2,175.0,3.878867446898504e-10
musica_estresante,Fp2,175.5,3.3319752321135746e-10
musica_estresante,Fp2,176.0,2.957750723199649e-10
musica_estresante,Fp2,176.5,3.058943553799581e-10
musica_estresante,Fp2,177.0,3.063110165203635e-10
musica_estresante,Fp2,177.5,3.502374040093649e-10
musica_estresante,Fp2,178.0,3.1535336625271044e-10
musica_estresante,Fp2,178.5,3.0412825896002404e-10
musica_estresante,Fp2,179.0,2.552519742818645e-10
musica_estresante,Fp2,179.5,1.9303716937009139e-10
musica_estresante,Fp2,180.0,1.8093256985414258e-10
musica_estresante,Fp2,180.5,1.6051545667279973e-10
musica_estresante,Fp2,181.0,1.6761008863151158e-10
musica_estresante,Fp2,181.5,1.6737191910182827e-10
musica_estresante,Fp2,182.0,1.8397538806841432e-10
musica_estresante,Fp2,182.5,1.8971181118804155e-10
musica_estresante,Fp2,183.0,1.3630464753866458e-10
musica_estresante,Fp2,183.5,1.1720887510144226e-10
musica_estresante,Fp2,184.0,1.3090957963516786e-10
musica_estresante,Fp2,184.5,1.3458374833717723e-10
musica_estresante,Fp2,185.0,1.3586087836653325e-10
musica_estresante,Fp2,185.5,9.470736006009314e-11
musica_estresante,Fp2,186.0,5.428632221440156e-11
musica_estresante,Fp2,186.5,6.00666118498032e-11
musica_estresante,Fp2,187.0,5.330966091949452e-11
musica_estresante,Fp2,187.5,5.462620061584949e-11
musica_estresante,Fp2,188.0,4.890488698557815e-11
musica_estresante,Fp2,188.5,5.739736797718991e-11
musica_estresante,Fp2,189.0,5.479864501982255e-11
musica_estresante,Fp2,189.5,3.5680129647380877e-11
musica_estresante,Fp2,190.0,4.942455317893789e-11
musica_estresante,Fp2,190.5,6.106527853866861e-11
musica_estresante,Fp2,191.0,8.083731018256124e-11
musica_estresante,Fp2,191.5,7.939802171030597e-11
musica_estresante,Fp2,192.0,5.961872842127846e-11
musica_estresante,Fp2,192.5,4.874675333394026e-11
musica_estresante,Fp2,193.0,5.41783592764487e-11
musica_estresante,Fp2,193.5,5.429272858144784e-11
musica_estresante,Fp2,194.0,3.78514652521665e-11
musica_estresante,Fp2,194.5,3.1847530262484804e-11
musica_estresante,Fp2,195.0,3.074522092654589e-11
musica_estresante,Fp2,195.5,2.2063900460542e-11
musica_estresante,Fp2,196.0,2.4666886603592154e-11
musica_estresante,Fp2,196.5,4.020688645627955e-11
musica_estresante,Fp2,197.0,4.137627245378877e-11
musica_estresante,Fp2,197.5,4.27677028854358e-11
musica_estresante,Fp2,198.0,4.3301338049441514e-11
musica_estresante,Fp2,198.5,5.5908475744328964e-11
musica_estresante,Fp2,199.0,5.222444399874544e-11
musica_estresante,Fp2,199.5,3.897208741082473e-11
musica_estresante,Fp2,200.0,3.765053506318418e-11
musica_estresante,Fp2,200.5,3.018301950232978e-11
musica_estresante,Fp2,201.0,2.367672406371329e-11
musica_estresante,Fp2,201.5,2.129752029494085e-11
musica_estresante,Fp2,202.0,1.8291399416444143e-11
musica_estresante,Fp2,202.5,2.0642241454158627e-11
musica_estresante,Fp2,203.0,2.5886915783545704e-11
musica_estresante,Fp2,203.5,2.6334820605362543e-11
musica_estresante,Fp2,204.0,2.9489198002740535e-11
musica_estresante,Fp2,204.5,2.4276509357250993e-11
musica_estresante,Fp2,205.0,1.3204899307415e-11
musica_estresante,Fp2,205.5,1.2083383047409857e-11
musica_estresante,Fp2,206.0,1.1577855844386022e-11
musica_estresante,Fp2,206.5,1.2891693030724396e-11
musica_estresante,Fp2,207.0,1.1614207044998221e-11
musica_estresante,Fp2,207.5,1.5098963442002058e-11
musica_estresante,Fp2,208.0,1.0988206262276873e-11
musica_estresante,Fp2,208.5,8.288753970924344e-12
musica_estresante,Fp2,209.0,1.0880188743494148e-11
musica_estresante,Fp2,209.5,9.608618012743068e-12
musica_estresante,Fp2,210.0,1.1921890386999643e-11
musica_estresante,Fp2,210.5,1.4408973350878466e-11
musica_estresante,Fp2,211.0,1.1192488953671783e-11
musica_estresante,Fp2,211.5,8.881752116872043e-12
musica_estresante,Fp2,212.0,7.902760252634403e-12
musica_estresante,Fp2,212.5,6.787236446482061e-12
musica_estresante,Fp2,213.0,6.97181543272573e-12
musica_estresante,Fp2,213.5,7.638844235293463e-12
musica_estresante,Fp2,214.0,8.103038870234186e-12
musica_estresante,Fp2,214.5,7.127660445556615e-12
musica_estresante,Fp2,215.0,9.121945549015896e-12
musica_estresante,Fp2,215.5,8.976809850100126e-12
musica_estresante,Fp2,216.0,9.004351606931025e-12
musica_estresante,Fp2,216.5,8.769222686166328e-12
musica_estresante,Fp2,217.0,7.001694394154571e-12
musica_estresante,Fp2,217.5,5.238908558563478e-12
musica_estresante,Fp2,218.0,5.463118916943648e-12
musica_estresante,Fp2,218.5,5.256972805715764e-12
musica_estresante,Fp2,219.0,4.883611094985499e-12
musica_estresante,Fp2,219.5,4.702079523929374e-12
musica_estresante,Fp2,220.0,5.38806893232217e-12
musica_estresante,Fp2,220.5,4.820031790985341e-12
musica_estresante,Fp2,221.0,4.44108632392547e-12
musica_estresante,Fp2,221.5,4.223365679766417e-12
musica_estresante,Fp2,222.0,3.987066840642619e-12
musica_estresante,Fp2,222.5,4.290102182726167e-12
musica_estresante,Fp2,223.0,3.5922356551155325e-12
musica_estresante,Fp2,223.5,4.020685700432347e-12
musica_estresante,Fp2,224.0,3.940906392153686e-12
musica_estresante,Fp2,224.5,3.890614541809302e-12
musica_estresante,Fp2,225.0,3.4924809964480972e-12
musica_estresante,Fp2,225.5,3.835211882554419e-12
musica_estresante,Fp2,226.0,3.6846280258662995e-12
musica_estresante,Fp2,226.5,3.731228329344108e-12
musica_estresante,Fp2,227.0,3.688560141364159e-12
musica_estresante,Fp2,227.5,3.344722909371351e-12
musica_estresante,Fp2,228.0,3.974309695741951e-12
musica_estresante,Fp2,228.5,3.5606827857749525e-12
musica_estresante,Fp2,229.0,3.1633744083352213e-12
musica_estresante,Fp2,229.5,3.3063064190872102e-12
musica_estresante,Fp2,230.0,3.690881634095729e-12
musica_estresante,Fp2,230.5,2.8765408208646796e-12
musica_estresante,Fp2,231.0,3.203386678882587e-12
musica_estresante,Fp2,231.5,2.8227471862676037e-12
musica_estresante,Fp2,232.0,2.918392551841319e-12
musica_estresante,Fp2,232.5,2.886486588249661e-12
musica_estresante,Fp2,233.0,3.10851608378508e-12
musica_estresante,Fp2,233.5,2.9277665162408425e-12
musica_estresante,Fp2,234.0,2.9281132331294987e-12
musica_estresante,Fp2,234.5,2.931717200618196e-12
musica_estresante,Fp2,235.0,2.779132367943828e-12
musica_estresante,Fp2,235.5,2.7641473726975825e-12
musica_estresante,Fp2,236.0,2.7065310297461466e-12
musica_estresante,Fp2,236.5,2.6796734097194897e-12
musica_estresante,Fp2,237.0,2.3570442725343154e-12
musica_estresante,Fp2,237.5,2.5679638520238736e-12
musica_estresante,Fp2,238.0,2.372921829435155e-12
musica_estresante,Fp2,238.5,2.2963644192268434e-12
musica_estresante,Fp2,239.0,2.4228094941588156e-12
musica_estresante,Fp2,239.5,2.2854571725051508e-12
musica_estresante,Fp2,240.0,2.2783866747715746e-12
musica_estresante,Fp2,240.5,2.25125315473108e-12
musica_estresante,Fp2,241.0,2.2975434681340313e-12
musica_estresante,Fp2,241.5,2.1671817471920226e-12
musica_estresante,Fp2,242.0,2.119885866460285e-12
musica_estresante,Fp2,242.5,2.1497174648577632e-12
musica_estresante,Fp2,243.0,1.963675042768012e-12
musica_estresante,Fp2,243.5,2.0925535505536387e-12
musica_estresante,Fp2,244.0,2.043087844398788e-12
musica_estresante,Fp2,244.5,1.8904861141846136e-12
musica_estresante,Fp2,245.0,1.965101558613725e-12
musica_estresante,Fp2,245.5,1.965811433342979e-12
musica_estresante,Fp2,246.0,1.9031016372813335e-12
musica_estresante,Fp2,246.5,1.82053230604883e-12
musica_estresante,Fp2,247.0,1.937526316302167e-12
musica_estresante,Fp2,247.5,1.766216446978143e-12
musica_estresante,Fp2,248.0,1.8019708856785658e-12
musica_estresante,Fp2,248.5,1.874049199556094e-12
musica_estresante,Fp2,249.0,1.7629136325087426e-12
musica_estresante,Fp2,249.5,1.7327008645208325e-12
musica_estresante,Fp2,250.0,1.7730177198779253e-12
musica_estresante,Fp2,250.5,1.6325048283473494e-12
musica_estresante,Fp2,251.0,1.6956294446685907e-12
musica_estresante,Fp2,251.5,1.6685680953446678e-12
musica_estresante,Fp2,252.0,1.6144445544687453e-12
musica_estresante,Fp2,252.5,1.5699917226736299e-12
musica_estresante,Fp2,253.0,1.5959100465740124e-12
musica_estresante,Fp2,253.5,1.6036487050511721e-12
musica_estresante,Fp2,254.0,1.5198577495413486e-12
musica_estresante,Fp2,254.5,1.4876647912992921e-12
musica_estresante,Fp2,255.0,1.4920816227308555e-12
musica_estresante,Fp2,255.5,1.500685648127681e-12
musica_estresante,Fp2,256.0,1.4600967362096864e-12
musica_estresante,Fp2,256.5,1.391090483789553e-12
musica_estresante,Fp2,257.0,1.438785587753576e-12
musica_estresante,Fp2,257.5,1.4505913842831663e-12
musica_estresante,Fp2,258.0,1.3404670446944163e-12
musica_estresante,Fp2,258.5,1.4304443454035472e-12
musica_estresante,Fp2,259.0,1.316885117067013e-12
musica_estresante,Fp2,259.5,1.3524741012481791e-12
musica_estresante,Fp2,260.0,1.3299202881084398e-12
musica_estresante,Fp2,260.5,1.2961023991367202e-12
musica_estresante,Fp2,261.0,1.2863400082216671e-12
musica_estresante,Fp2,261.5,1.2759282695716638e-12
musica_estresante,Fp2,262.0,1.2379538420933436e-12
musica_estresante,Fp2,262.5,1.2444019325016114e-12
musica_estresante,Fp2,263.0,1.2023052195330365e-12
musica_estresante,Fp2,263.5,1.2386345311974398e-12
musica_estresante,Fp2,264.0,1.1677788561909417e-12
musica_estresante,Fp2,264.5,1.1866558784539366e-12
musica_estresante,Fp2,265.0,1.1640609235653598e-12
musica_estresante,Fp2,265.5,1.1405163754493855e-12
musica_estresante,Fp2,266.0,1.1337855194714832e-12
musica_estresante,Fp2,266.5,1.1198014457797063e-12
musica_estresante,Fp2,267.0,1.0994394356522085e-12
musica_estresante,Fp2,267.5,1.0968474953869469e-12
musica_estresante,Fp2,268.0,1.081925834560738e-12
musica_estresante,Fp2,268.5,1.0577266699087123e-12
musica_estresante,Fp2,269.0,1.0495401620718826e-12
musica_estresante,Fp2,269.5,1.042499217685591e-12
musica_estresante,Fp2,270.0,1.0261480519835635e-12
musica_estresante,Fp2,270.5,1.0145325422002383e-12
musica_estresante,Fp2,271.0,1.007040250701803e-12
musica_estresante,Fp2,271.5,9.969401893533332e-13
musica_estresante,Fp2,272.0,9.671113153483408e-13
musica_estresante,Fp2,272.5,9.673084000673798e-13
musica_estresante,Fp2,273.0,9.557712863659566e-13
musica_estresante,Fp2,273.5,9.443037780943012e-13
musica_estresante,Fp2,274.0,9.270122283900273e-13
musica_estresante,Fp2,274.5,9.358207114679443e-13
musica_estresante,Fp2,275.0,8.98468617442137e-13
musica_estresante,Fp2,275.5,9.033627677737158e-13
musica_estresante,Fp2,276.0,8.884463443084847e-13
musica_estresante,Fp2,276.5,8.703905167336023e-13
musica_estresante,Fp2,277.0,8.680479875102054e-13
musica_estresante,Fp2,277.5,8.638908606463816e-13
musica_estresante,Fp2,278.0,8.412031129021735e-13
musica_estresante,Fp2,278.5,8.41118680017379e-13
musica_estresante,Fp2,279.0,8.224635631850487e-13
musica_estresante,Fp2,279.5,8.212651864797264e-13
musica_estresante,Fp2,280.0,8.067414101018695e-13
musica_estresante,Fp2,280.5,7.983964886368614e-13
musica_estresante,Fp2,281.0,7.945699831763107e-13
musica_estresante,Fp2,281.5,7.711782689771031e-13
musica_estresante,Fp2,282.0,7.758170189962539e-13
musica_estresante,Fp2,282.5,7.679869973618941e-13
musica_estresante,Fp2,283.0,7.480076132974696e-13
musica_estresante,Fp2,283.5,7.491966608079191e-13
musica_estresante,Fp2,284.0,7.31860386972924e-13
musica_estresante,Fp2,284.5,7.299158498790206e-13
musica_estresante,Fp2,285.0,7.1813691943686e-13
musica_estresante,Fp2,285.5,7.074272623721448e-13
musica_estresante,Fp2,286.0,7.060111445954632e-13
musica_estresante,Fp2,286.5,6.937157847300913e-13
musica_estresante,Fp2,287.0,6.878429803769143e-13
musica_estresante,Fp2,287.5,6.750676821241839e-13
musica_estresante,Fp2,288.0,6.726200352787293e-13
musica_estresante,Fp2,288.5,6.643026744110599e-13
musica_estresante,Fp2,289.0,6.537105572896005e-13
musica_estresante,Fp2,289.5,6.481731502275092e-13
musica_estresante,Fp2,290.0,6.43400013271438e-13
musica_estresante,Fp2,290.5,6.295383177219589e-13
musica_estresante,Fp2,291.0,6.288154271405494e-13
musica_estresante,Fp2,291.5,6.161905986324423e-13
musica_estresante,Fp2,292.0,6.113337691282871e-13
musica_estresante,Fp2,292.5,6.088822707199868e-13
musica_estresante,Fp2,293.0,5.961656868259463e-13
musica_estresante,Fp2,293.5,5.927370801801084e-13
musica_estresante,Fp2,294.0,5.819221010931215e-13
musica_estresante,Fp2,294.5,5.796009212199693e-13
musica_estresante,Fp2,295.0,5.715151400861488e-13
musica_estresante,Fp2,295.5,5.641475143629046e-13
musica_estresante,Fp2,296.0,5.583312074469749e-13
musica_estresante,Fp2,296.5,5.541465379647111e-13
musica_estresante,Fp2,297.0,5.475034496413363e-13
musica_estresante,Fp2,297.5,5.373776385405044e-13
musica_estresante,Fp2,298.0,5.340637591141482e-13
musica_estresante,Fp2,298.5,5.287486534599314e-13
musica_estresante,Fp2,299.0,5.225665526750098e-13
musica_estresante,Fp2,299.5,5.156890017963178e-13
musica_estresante,Fp2,300.0,5.097586483263973e-13
musica_estresante,Fp2,300.5,5.053762865279303e-13
musica_estresante,Fp2,301.0,4.999142678959726e-13
musica_estresante,Fp2,301.5,4.917608608844e-13
musica_estresante,Fp2,302.0,4.888603122637243e-13
musica_estresante,Fp2,302.5,4.826406466102537e-13
musica_estresante,Fp2,303.0,4.774529518446163e-13
musica_estresante,Fp2,303.5,4.714077566703113e-13
musica_estresante,Fp2,304.0,4.664589939806949e-13
musica_estresante,Fp2,304.5,4.615388339908036e-13
musica_estresante,Fp2,305.0,4.566471739868804e-13
musica_estresante,Fp2,305.5,4.503779141041115e-13
musica_estresante,Fp2,306.0,4.470064378173004e-13
musica_estresante,Fp2,306.5,4.404991539037354e-13
musica_estresante,Fp2,307.0,4.371464490172093e-13
musica_estresante,Fp2,307.5,4.308543460252344e-13
musica_estresante,Fp2,308.0,4.2659012092819876e-13
musica_estresante,Fp2,308.5,4.2184220248507397e-13
musica_estresante,Fp2,309.0,4.186968136805939e-13
musica_estresante,Fp2,309.5,4.1163780497167874e-13
musica_estresante,Fp2,310.0,4.089640982381718e-13
musica_estresante,Fp2,310.5,4.0236611087636826e-13
musica_estresante,Fp2,311.0,3.999795494789027e-13
musica_estresante,Fp2,311.5,3.948858601493668e-13
musica_estresante,Fp2,312.0,3.9055373042547043e-13
musica_estresante,Fp2,312.5,3.8603107235784223e-13
musica_estresante,Fp2,313.0,3.8203997225774127e-13
musica_estresante,Fp2,313.5,3.7806788630714504e-13
musica_estresante,Fp2,314.0,3.737566943372222e-13
musica_estresante,Fp2,314.5,3.685448318997729e-13
musica_estresante,Fp2,315.0,3.662122059100837e-13
musica_estresante,Fp2,315.5,3.6134905735635173e-13
musica_estresante,Fp2,316.0,3.573453885129437e-13
musica_estresante,Fp2,316.5,3.529354868714911e-13
musica_estresante,Fp2,317.0,3.505116258900092e-13
musica_estresante,Fp2,317.5,3.4546312457519273e-13
musica_estresante,Fp2,318.0,3.421016482162491e-13
musica_estresante,Fp2,318.5,3.3833460866296124e-13
musica_estresante,Fp2,319.0,3.3444180879219357e-13
musica_estresante,Fp2,319.5,3.309928772255163e-13
musica_estresante,Fp2,320.0,3.272661219518936e-13
musica_estresante,Fp2,320.5,3.239474611970155e-13
musica_estresante,Fp2,321.0,3.2020391530707823e-13
musica_estresante,Fp2,321.5,3.166745625397181e-13
musica_estresante,Fp2,322.0,3.133474387547667e-13
musica_estresante,Fp2,322.5,3.097057248898512e-13
musica_estresante,Fp2,323.0,3.0643068088034895e-13
musica_estresante,Fp2,323.5,3.0325474715121305e-13
musica_estresante,Fp2,324.0,2.9966632982901723e-13
musica_estresante,Fp2,324.5,2.966056887610507e-13
musica_estresante,Fp2,325.0,2.9321132966390993e-13
musica_estresante,Fp2,325.5,2.904777636668672e-13
musica_estresante,Fp2,326.0,2.867343108421196e-13
musica_estresante,Fp2,326.5,2.837290683354304e-13
musica_estresante,Fp2,327.0,2.8101743135832696e-13
musica_estresante,Fp2,327.5,2.7761795850959204e-13
musica_estresante,Fp2,328.0,2.7466388826447507e-13
musica_estresante,Fp2,328.5,2.7147962884046893e-13
musica_estresante,Fp2,329.0,2.687736507255472e-13
musica_estresante,Fp2,329.5,2.6605006985459116e-13
musica_estresante,Fp2,330.0,2.6276690073541564e-13
musica_estresante,Fp2,330.5,2.601585508703482e-13
musica_estresante,Fp2,331.0,2.5716354130176527e-13
musica_estresante,Fp2,331.5,2.5444562574188876e-13
musica_estresante,Fp2,332.0,2.518098539846625e-13
musica_estresante,Fp2,332.5,2.487915581006618e-13
musica_estresante,Fp2,333.0,2.460817621956702e-13
musica_estresante,Fp2,333.5,2.437213056840938e-13
musica_estresante,Fp2,334.0,2.409413212794054e-13
musica_estresante,Fp2,334.5,2.3831881557868325e-13
musica_estresante,Fp2,335.0,2.355421844857346e-13
musica_estresante,Fp2,335.5,2.3333230374857e-13
musica_estresante,Fp2,336.0,2.3045743691287725e-13
musica_estresante,Fp2,336.5,2.281681434971187e-13
musica_estresante,Fp2,337.0,2.2571934943484985e-13
musica_estresante,Fp2,337.5,2.2298493018735142e-13
musica_estresante,Fp2,338.0,2.209074190100507e-13
musica_estresante,Fp2,338.5,2.182439179201145e-13
musica_estresante,Fp2,339.0,2.160159518361615e-13
musica_estresante,Fp2,339.5,2.1361528415086524e-13
musica_estresante,Fp2,340.0,2.1125505733572337e-13
musica_estresante,Fp2,340.5,2.0914819740250007e-13
musica_estresante,Fp2,341.0,2.066206668916123e-13
musica_estresante,Fp2,341.5,2.0444393408051273e-13
musica_estresante,Fp2,342.0,2.0241619508240622e-13
musica_estresante,Fp2,342.5,1.9995320604624549e-13
musica_estresante,Fp2,343.0,1.97835222255974e-13
musica_estresante,Fp2,343.5,1.9581089400879948e-13
musica_estresante,Fp2,344.0,1.935588117356694e-13
musica_estresante,Fp2,344.5,1.9148860852212292e-13
musica_estresante,Fp2,345.0,1.8939880980135284e-13
musica_estresante,Fp2,345.5,1.8731668997602146e-13
musica_estresante,Fp2,346.0,1.8533362340343e-13
musica_estresante,Fp2,346.5,1.8327004197531427e-13
musica_estresante,Fp2,347.0,1.812606167204614e-13
musica_estresante,Fp2,347.5,1.7928781452091622e-13
musica_estresante,Fp2,348.0,1.7738831289033214e-13
musica_estresante,Fp2,348.5,1.7537444465048884e-13
musica_estresante,Fp2,349.0,1.7346245142028946e-13
musica_estresante,Fp2,349.5,1.7159724218866014e-13
musica_estresante,Fp2,350.0,1.6972256068647946e-13
musica_estresante,Fp2,350.5,1.6788349637518506e-13
musica_estresante,Fp2,351.0,1.6597622387831452e-13
musica_estresante,Fp2,351.5,1.6422417688109236e-13
musica_estresante,Fp2,352.0,1.6243080406876984e-13
musica_estresante,Fp2,352.5,1.6058788322112e-13
musica_estresante,Fp2,353.0,1.588648134905492e-13
musica_estresante,Fp2,353.5,1.5714125050812254e-13
musica_estresante,Fp2,354.0,1.5537786457989288e-13
musica_estresante,Fp2,354.5,1.5370066302674335e-13
musica_estresante,Fp2,355.0,1.520085080935049e-13
musica_estresante,Fp2,355.5,1.50319099533685e-13
musica_estresante,Fp2,356.0,1.486681600294547e-13
musica_estresante,Fp2,356.5,1.4706330440535522e-13
musica_estresante,Fp2,357.0,1.4541531453813354e-13
musica_estresante,Fp2,357.5,1.4380442588347237e-13
musica_estresante,Fp2,358.0,1.4222561408339614e-13
musica_estresante,Fp2,358.5,1.4066071144030574e-13
musica_estresante,Fp2,359.0,1.3911301534527924e-13
musica_estresante,Fp2,359.5,1.375692442265068e-13
musica_estresante,Fp2,360.0,1.360291677985752e-13
musica_estresante,Fp2,360.5,1.3455862506722748e-13
musica_estresante,Fp2,361.0,1.3303255739443921e-13
musica_estresante,Fp2,361.5,1.3158832446372884e-13
musica_estresante,Fp2,362.0,1.3009442871430559e-13
musica_estresante,Fp2,362.5,1.286804046394098e-13
musica_estresante,Fp2,363.0,1.2723120482633843e-13
musica_estresante,Fp2,363.5,1.2583171599459642e-13
musica_estresante,Fp2,364.0,1.244033782028521e-13
musica_estresante,Fp2,364.5,1.2304691978987085e-13
musica_estresante,Fp2,365.0,1.2165774709176236e-13
musica_estresante,Fp2,365.5,1.2028878501605106e-13
musica_estresante,Fp2,366.0,1.1896821011616357e-13
musica_estresante,Fp2,366.5,1.1761541169317438e-13
musica_estresante,Fp2,367.0,1.1630420240747994e-13
musica_estresante,Fp2,367.5,1.1501238430270517e-13
musica_estresante,Fp2,368.0,1.1370979323342264e-13
musica_estresante,Fp2,368.5,1.1243045742546917e-13
musica_estresante,Fp2,369.0,1.1117276747517154e-13
musica_estresante,Fp2,369.5,1.0991612934473219e-13
musica_estresante,Fp2,370.0,1.086724960319213e-13
musica_estresante,Fp2,370.5,1.0745313105752708e-13
musica_estresante,Fp2,371.0,1.0623392954605569e-13
musica_estresante,Fp2,371.5,1.0503772181610504e-13
musica_estresante,Fp2,372.0,1.0384207392893073e-13
musica_estresante,Fp2,372.5,1.0266492518147275e-13
musica_estresante,Fp2,373.0,1.0150224053922131e-13
musica_estresante,Fp2,373.5,1.0034317027154939e-13
musica_estresante,Fp2,374.0,9.920640393695182e-14
musica_estresante,Fp2,374.5,9.807276682992505e-14
musica_estresante,Fp2,375.0,9.694687697395865e-14
musica_estresante,Fp2,375.5,9.584746985584441e-14
musica_estresante,Fp2,376.0,9.474793700662345e-14
musica_estresante,Fp2,376.5,9.365896005420744e-14
musica_estresante,Fp2,377.0,9.258896392255736e-14
musica_estresante,Fp2,377.5,9.151931192117593e-14
musica_estresante,Fp2,378.0,9.0463822778413e-14
musica_estresante,Fp2,378.5,8.942434956899032e-14
musica_estresante,Fp2,379.0,8.839282661811666e-14
musica_estresante,Fp2,379.5,8.736886048340833e-14
musica_estresante,Fp2,380.0,8.635667263710101e-14
musica_estresante,Fp2,380.5,8.535180902509796e-14
musica_estresante,Fp2,381.0,8.436377227902328e-14
musica_estresante,Fp2,381.5,8.338134881767311e-14
musica_estresante,Fp2,382.0,8.240703522104679e-14
musica_estresante,Fp2,382.5,8.144623778410555e-14
musica_estresante,Fp2,383.0,8.049277650470493e-14
musica_estresante,Fp2,383.5,7.954677683406328e-14
musica_estresante,Fp2,384.0,7.861850348734233e-14
musica_estresante,Fp2,384.5,7.768884912066362e-14
musica_estresante,Fp2,385.0,7.677503213851623e-14
musica_estresante,Fp2,385.5,7.586853591527853e-14
musica_estresante,Fp2,386.0,7.49738827700532e-14
musica_estresante,Fp2,386.5,7.408041132785277e-14
musica_estresante,Fp2,387.0,7.320358352150163e-14
musica_estresante,Fp2,387.5,7.233486931120402e-14
musica_estresante,Fp2,388.0,7.147100786168646e-14
musica_estresante,Fp2,388.5,7.061723528950485e-14
musica_estresante,Fp2,389.0,6.977114408903214e-14
musica_estresante,Fp2,389.5,6.893858784436228e-14
musica_estresante,Fp2,390.0,6.810624320922521e-14
musica_estresante,Fp2,390.5,6.728797950174642e-14
musica_estresante,Fp2,391.0,6.647654339004009e-14
musica_estresante,Fp2,391.5,6.567194378126776e-14
musica_estresante,Fp2,392.0,6.487606119437252e-14
musica_estresante,Fp2,392.5,6.40893390849848e-14
musica_estresante,Fp2,393.0,6.330710302337772e-14
musica_estresante,Fp2,393.5,6.253748047679338e-14
musica_estresante,Fp2,394.0,6.177201822837283e-14
musica_estresante,Fp2,394.5,6.101466671911924e-14
musica_estresante,Fp2,395.0,6.026518550183556e-14
musica_estresante,Fp2,395.5,5.952266279698008e-14
musica_estresante,Fp2,396.0,5.878899420765066e-14
musica_estresante,Fp2,396.5,5.806146661682586e-14
musica_estresante,Fp2,397.0,5.734107741364746e-14
musica_estresante,Fp2,397.5,5.6628511433174855e-14
musica_estresante,Fp2,398.0,5.592183763525784e-14
musica_estresante,Fp2,398.5,5.522365911456234e-14
musica_estresante,Fp2,399.0,5.453179069088321e-14
musica_estresante,Fp2,399.5,5.3846447892223426e-14
musica_estresante,Fp2,400.0,5.3168464104370773e-14
musica_estresante,Fp2,400.5,5.249680418058178e-14
musica_estresante,Fp2,401.0,5.1832296000222195e-14
musica_estresante,Fp2,401.5,5.117398852802255e-14
musica_estresante,Fp2,402.0,5.052243207632414e-14
musica_estresante,Fp2,402.5,4.987739300692564e-14
musica_estresante,Fp2,403.0,4.923886508268493e-14
musica_estresante,Fp2,403.5,4.860597476099138e-14
musica_estresante,Fp2,404.0,4.7980461062754295e-14
musica_estresante,Fp2,404.5,4.736051228191659e-14
musica_estresante,Fp2,405.0,4.6747152376761014e-14
musica_estresante,Fp2,405.5,4.613944995615466e-14
musica_estresante,Fp2,406.0,4.5538017521943215e-14
musica_estresante,Fp2,406.5,4.4942936027725763e-14
musica_estresante,Fp2,407.0,4.4353414187511315e-14
musica_estresante,Fp2,407.5,4.376987674340576e-14
musica_estresante,Fp2,408.0,4.3192103251040396e-14
musica_estresante,Fp2,408.5,4.262021355825977e-14
musica_estresante,Fp2,409.0,4.205426252174804e-14
musica_estresante,Fp2,409.5,4.149355480973044e-14
musica_estresante,Fp2,410.0,4.0938682053926914e-14
musica_estresante,Fp2,410.5,4.0389617246881087e-14
musica_estresante,Fp2,411.0,3.984575342792102e-14
musica_estresante,Fp2,411.5,3.930733481485404e-14
musica_estresante,Fp2,412.0,3.87747261994163e-14
musica_estresante,Fp2,412.5,3.824688414610206e-14
musica_estresante,Fp2,413.0,3.772499056746211e-14
musica_estresante,Fp2,413.5,3.7207916506807503e-14
musica_estresante,Fp2,414.0,3.669634584629404e-14
musica_estresante,Fp2,414.5,3.6189838990558205e-14
musica_estresante,Fp2,415.0,3.568833968755338e-14
musica_estresante,Fp2,415.5,3.51922105508456e-14
musica_estresante,Fp2,416.0,3.470080653489782e-14
musica_estresante,Fp2,416.5,3.4214591141966186e-14
musica_estresante,Fp2,417.0,3.373330857465121e-14
musica_estresante,Fp2,417.5,3.325688357841779e-14
musica_estresante,Fp2,418.0,3.278526440430548e-14
musica_estresante,Fp2,418.5,3.231856160122976e-14
musica_estresante,Fp2,419.0,3.1856584751891146e-14
musica_estresante,Fp2,419.5,3.139937824629429e-14
musica_estresante,Fp2,420.0,3.0946735131602337e-14
musica_estresante,Fp2,420.5,3.049895481957624e-14
musica_estresante,Fp2,421.0,3.005554299794025e-14
musica_estresante,Fp2,421.5,2.961687742487965e-14
musica_estresante,Fp2,422.0,2.9182595980857313e-14
musica_estresante,Fp2,422.5,2.875296372554496e-14
musica_estresante,Fp2,423.0,2.8327659164603565e-14
musica_estresante,Fp2,423.5,2.7906740130956298e-14
musica_estresante,Fp2,424.0,2.7490307879639377e-14
musica_estresante,Fp2,424.5,2.707813487708111e-14
musica_estresante,Fp2,425.0,2.6670272512424297e-14
musica_estresante,Fp2,425.5,2.6266673883339703e-14
musica_estresante,Fp2,426.0,2.586725689150998e-14
musica_estresante,Fp2,426.5,2.5472135077569164e-14
musica_estresante,Fp2,427.0,2.5081042497996723e-14
musica_estresante,Fp2,427.5,2.4694173502435813e-14
musica_estresante,Fp2,428.0,2.4311279228190165e-14
musica_estresante,Fp2,428.5,2.3932523862722553e-14
musica_estresante,Fp2,429.0,2.3557769694352422e-14
musica_estresante,Fp2,429.5,2.3186957960700226e-14
musica_estresante,Fp2,430.0,2.2820108975400212e-14
musica_estresante,Fp2,430.5,2.2457223083211924e-14
musica_estresante,Fp2,431.0,2.2098172995116748e-14
musica_estresante,Fp2,431.5,2.1742991063676352e-14
musica_estresante,Fp2,432.0,2.139162846899376e-14
musica_estresante,Fp2,432.5,2.1044045318531474e-14
musica_estresante,Fp2,433.0,2.070027063729421e-14
musica_estresante,Fp2,433.5,2.0360165697448e-14
musica_estresante,Fp2,434.0,2.002380782830154e-14
musica_estresante,Fp2,434.5,1.9691085733427308e-14
musica_estresante,Fp2,435.0,1.9362034671154624e-14
musica_estresante,Fp2,435.5,1.9036580761363348e-14
musica_estresante,Fp2,436.0,1.871472095465177e-14
musica_estresante,Fp2,436.5,1.8396409764433274e-14
musica_estresante,Fp2,437.0,1.8081632823863e-14
musica_estresante,Fp2,437.5,1.777036506703099e-14
musica_estresante,Fp2,438.0,1.7462555560836063e-14
musica_estresante,Fp2,438.5,1.7158206682613797e-14
musica_estresante,Fp2,439.0,1.6857285138025203e-14
musica_estresante,Fp2,439.5,1.655974172694888e-14
musica_estresante,Fp2,440.0,1.6265586120791318e-14
musica_estresante,Fp2,440.5,1.5974770612942765e-14
musica_estresante,Fp2,441.0,1.5687270939959405e-14
musica_estresante,Fp2,441.5,1.5403070338985618e-14
musica_estresante,Fp2,442.0,1.5122143644179832e-14
musica_estresante,Fp2,442.5,1.484446133190752e-14
musica_estresante,Fp2,443.0,1.457000068079577e-14
musica_estresante,Fp2,443.5,1.4298741481091098e-14
musica_estresante,Fp2,444.0,1.4030662072758459e-14
musica_estresante,Fp2,444.5,1.3765731512423969e-14
musica_estresante,Fp2,445.0,1.3503935984622531e-14
musica_estresante,Fp2,445.5,1.3245247653243773e-14
musica_estresante,Fp2,446.0,1.2989648694070991e-14
musica_estresante,Fp2,446.5,1.273711086334446e-14
musica_estresante,Fp2,447.0,1.2487620871790064e-14
musica_estresante,Fp2,447.5,1.2241152355531483e-14
musica_estresante,Fp2,448.0,1.1997687097735118e-14
musica_estresante,Fp2,448.5,1.1757201480795212e-14
musica_estresante,Fp2,449.0,1.151967840735096e-14
musica_estresante,Fp2,449.5,1.128509441259738e-14
musica_estresante,Fp2,450.0,1.1053434717564365e-14
musica_estresante,Fp2,450.5,1.082467432404025e-14
musica_estresante,Fp2,451.0,1.059879858221803e-14
musica_estresante,Fp2,451.5,1.0375784889067794e-14
musica_estresante,Fp2,452.0,1.0155617902911508e-14
musica_estresante,Fp2,452.5,9.938275850850511e-15
musica_estresante,Fp2,453.0,9.723742628688962e-15
musica_estresante,Fp2,453.5,9.512000486632195e-15
musica_estresante,Fp2,454.0,9.3030306521272e-15
musica_estresante,Fp2,454.5,9.096815780891922e-15
musica_estresante,Fp2,455.0,8.893339789821648e-15
musica_estresante,Fp2,455.5,8.692584511341787e-15
musica_estresante,Fp2,456.0,8.49453408171549e-15
musica_estresante,Fp2,456.5,8.299171565752496e-15
musica_estresante,Fp2,457.0,8.106480470538597e-15
musica_estresante,Fp2,457.5,7.916445602191723e-15
musica_estresante,Fp2,458.0,7.729050709896432e-15
musica_estresante,Fp2,458.5,7.544280295916458e-15
musica_estresante,Fp2,459.0,7.362119307348127e-15
musica_estresante,Fp2,459.5,7.1825524303594e-15
musica_estresante,Fp2,460.0,7.005565301863248e-15
musica_estresante,Fp2,460.5,6.8311426094237146e-15
musica_estresante,Fp2,461.0,6.659270496983341e-15
musica_estresante,Fp2,461.5,6.489934429090542e-15
musica_estresante,Fp2,462.0,6.3231211392520375e-15
musica_estresante,Fp2,462.5,6.158816197196235e-15
musica_estresante,Fp2,463.0,5.997006167335065e-15
musica_estresante,Fp2,463.5,5.837678386467157e-15
musica_estresante,Fp2,464.0,5.680819290499053e-15
musica_estresante,Fp2,464.5,5.526416014410464e-15
musica_estresante,Fp2,465.0,5.374456193734154e-15
musica_estresante,Fp2,465.5,5.224927147575617e-15
musica_estresante,Fp2,466.0,5.077816921740399e-15
musica_estresante,Fp2,466.5,4.9331129972929635e-15
musica_estresante,Fp2,467.0,4.790803969640045e-15
musica_estresante,Fp2,467.5,4.650878187810039e-15
musica_estresante,Fp2,468.0,4.513324207524586e-15
musica_estresante,Fp2,468.5,4.3781307180890506e-15
musica_estresante,Fp2,469.0,4.24528700875143e-15
musica_estresante,Fp2,469.5,4.114781997880833e-15
musica_estresante,Fp2,470.0,3.986604989468687e-15
musica_estresante,Fp2,470.5,3.860745992874296e-15
musica_estresante,Fp2,471.0,3.7371942841581074e-15
musica_estresante,Fp2,471.5,3.615940216165223e-15
musica_estresante,Fp2,472.0,3.4969737928981103e-15
musica_estresante,Fp2,472.5,3.380285508211242e-15
musica_estresante,Fp2,473.0,3.2658657725983153e-15
musica_estresante,Fp2,473.5,3.1537054115119996e-15
musica_estresante,Fp2,474.0,3.0437954747577967e-15
musica_estresante,Fp2,474.5,2.936126663809844e-15
musica_estresante,Fp2,475.0,2.8306906112100836e-15
musica_estresante,Fp2,475.5,2.72747879504403e-15
musica_estresante,Fp2,476.0,2.6264828102561304e-15
musica_estresante,Fp2,476.5,2.5276945358968215e-15
musica_estresante,Fp2,477.0,2.431106179806488e-15
musica_estresante,Fp2,477.5,2.336709454923309e-15
musica_estresante,Fp2,478.0,2.2444973983260594e-15
musica_estresante,Fp2,478.5,2.1544622329520846e-15
musica_estresante,Fp2,479.0,2.066596666525872e-15
musica_estresante,Fp2,479.5,1.9808937155197965e-15
musica_estresante,Fp2,480.0,1.8973466802784523e-15
musica_estresante,Fp2,480.5,1.8159485993670635e-15
musica_estresante,Fp2,481.0,1.7366930879110986e-15
musica_estresante,Fp2,481.5,1.6595736798180794e-15
musica_estresante,Fp2,482.0,1.584584218706965e-15
musica_estresante,Fp2,482.5,1.5117187541225416e-15
musica_estresante,Fp2,483.0,1.4409714606687136e-15
musica_estresante,Fp2,483.5,1.3723364707009682e-15
musica_estresante,Fp2,484.0,1.30580846840114e-15
musica_estresante,Fp2,484.5,1.2413821451398288e-15
musica_estresante,Fp2,485.0,1.1790522370625103e-15
musica_estresante,Fp2,485.5,1.118813797551573e-15
musica_estresante,Fp2,486.0,1.0606620465213841e-15
musica_estresante,Fp2,486.5,1.004592360453809e-15
musica_estresante,Fp2,487.0,9.506001484146703e-16
musica_estresante,Fp2,487.5,8.98681081084968e-16
musica_estresante,Fp2,488.0,8.488311790710025e-16
musica_estresante,Fp2,488.5,8.010463224364395e-16
musica_estresante,Fp2,489.0,7.553228094463514e-16
musica_estresante,Fp2,489.5,7.116568794340349e-16
musica_estresante,Fp2,490.0,6.700450631547434e-16
musica_estresante,Fp2,490.5,6.304840626723573e-16
musica_estresante,Fp2,491.0,5.929707767152145e-16
musica_estresante,Fp2,491.5,5.57502148572562e-16
musica_estresante,Fp2,492.0,5.240755196770521e-16
musica_estresante,Fp2,492.5,4.926878703291952e-16
musica_estresante,Fp2,493.0,4.63336921791681e-16
musica_estresante,Fp2,493.5,4.3602038413339263e-16
musica_estresante,Fp2,494.0,4.1073591525345444e-16
musica_estresante,Fp2,494.5,3.874816155041969e-16
musica_estresante,Fp2,495.0,3.6625575441407276e-16
musica_estresante,Fp2,495.5,3.4705643443212745e-16
musica_estresante,Fp2,496.0,3.298822183978597e-16
musica_estresante,Fp2,496.5,3.147316655958795e-16
musica_estresante,Fp2,497.0,3.0160368235572117e-16
musica_estresante,Fp2,497.5,2.9049701706763676e-16
musica_estresante,Fp2,498.0,2.8141102849714295e-16
musica_estresante,Fp2,498.5,2.743449885250496e-16
musica_estresante,Fp2,499.0,2.692981072687666e-16
musica_estresante,Fp2,499.5,2.6627012625286703e-16
musica_estresante,Fp2,500.0,1.3263044004785306e-16
